timestamp,open,high,low,close,volume
2019-01-01 17:06:00,1.561780,1.561780,1.561400,1.561460,0
2019-01-01 17:07:00,1.561450,1.561720,1.561440,1.561690,0
2019-01-01 17:08:00,1.561720,1.561730,1.561680,1.561730,0
2019-01-01 17:09:00,1.561710,1.561730,1.561660,1.561700,0
2019-01-01 17:10:00,1.561450,1.561740,1.561450,1.561740,0
2019-01-01 17:11:00,1.561800,1.561940,1.561610,1.561870,0
2019-01-01 17:12:00,1.561860,1.561920,1.561860,1.561920,0
2019-01-01 17:13:00,1.561930,1.561930,1.561770,1.561770,0
2019-01-01 17:14:00,1.561750,1.561760,1.561730,1.561730,0
2019-01-01 17:15:00,1.561740,1.561740,1.561720,1.561720,0
2019-01-01 17:16:00,1.561720,1.561720,1.561720,1.561720,0
2019-01-01 17:17:00,1.561720,1.561730,1.561720,1.561730,0
2019-01-01 17:18:00,1.561740,1.561750,1.561730,1.561730,0
2019-01-01 17:19:00,1.561720,1.561720,1.561720,1.561720,0
2019-01-01 17:21:00,1.561710,1.561720,1.561710,1.561720,0
2019-01-01 17:22:00,1.562560,1.562770,1.562480,1.562760,0
2019-01-01 17:23:00,1.562760,1.562760,1.562730,1.562730,0
2019-01-01 17:24:00,1.562740,1.562740,1.561700,1.561710,0
2019-01-01 17:25:00,1.561710,1.561710,1.561700,1.561700,0
2019-01-01 17:26:00,1.561700,1.561700,1.561700,1.561700,0
2019-01-01 17:27:00,1.561700,1.561700,1.561690,1.561690,0
2019-01-01 17:28:00,1.561690,1.561690,1.561690,1.561690,0
2019-01-01 17:29:00,1.561690,1.562060,1.561660,1.562040,0
2019-01-01 17:30:00,1.562040,1.562040,1.561760,1.562010,0
2019-01-01 17:31:00,1.562010,1.562220,1.561620,1.561740,0
2019-01-01 17:32:00,1.561740,1.561770,1.561630,1.561660,0
2019-01-01 17:33:00,1.561660,1.561660,1.561510,1.561620,0
2019-01-01 17:34:00,1.561620,1.561690,1.561590,1.561690,0
2019-01-01 17:35:00,1.561690,1.561690,1.561650,1.561680,0
2019-01-01 17:36:00,1.561680,1.561680,1.561650,1.561670,0
2019-01-01 17:37:00,1.561660,1.561660,1.561650,1.561660,0
2019-01-01 17:38:00,1.561660,1.561690,1.561590,1.561680,0
2019-01-01 17:39:00,1.561680,1.561690,1.561650,1.561690,0
2019-01-01 17:40:00,1.561570,1.561710,1.561550,1.561640,0
2019-01-01 17:41:00,1.561640,1.562610,1.561640,1.562600,0
2019-01-01 17:42:00,1.562600,1.562700,1.562420,1.562660,0
2019-01-01 17:43:00,1.562660,1.562760,1.562470,1.562720,0
2019-01-01 17:44:00,1.562720,1.562730,1.562630,1.562690,0
2019-01-01 17:45:00,1.562690,1.562740,1.562610,1.562730,0
2019-01-01 17:46:00,1.562730,1.562750,1.562570,1.562740,0
2019-01-01 17:47:00,1.562740,1.562760,1.562680,1.562740,0
2019-01-01 17:48:00,1.562760,1.562760,1.562510,1.562510,0
2019-01-01 17:49:00,1.562500,1.562730,1.562420,1.562620,0
2019-01-01 17:50:00,1.562620,1.562740,1.562430,1.562450,0
2019-01-01 17:51:00,1.562450,1.562700,1.562430,1.562680,0
2019-01-01 17:52:00,1.562670,1.562680,1.562390,1.562390,0
2019-01-01 17:53:00,1.562390,1.562480,1.561170,1.561680,0
2019-01-01 17:54:00,1.561730,1.561960,1.561730,1.561750,0
2019-01-01 17:55:00,1.561750,1.561750,1.561570,1.561750,0
2019-01-01 17:56:00,1.561750,1.561750,1.561740,1.561750,0
2019-01-01 17:57:00,1.561750,1.561750,1.561740,1.561750,0
2019-01-01 17:58:00,1.561750,1.562140,1.561660,1.562080,0
2019-01-01 17:59:00,1.562080,1.562090,1.561680,1.561860,0
2019-01-01 18:00:00,1.561930,1.562610,1.561610,1.562190,0
2019-01-01 18:01:00,1.562190,1.563240,1.561950,1.563240,0
2019-01-01 18:02:00,1.563240,1.563400,1.563110,1.563210,0
2019-01-01 18:03:00,1.563210,1.563210,1.563010,1.563040,0
2019-01-01 18:04:00,1.563070,1.563130,1.563020,1.563030,0
2019-01-01 18:05:00,1.563030,1.563060,1.561880,1.562040,0
2019-01-01 18:06:00,1.562040,1.562180,1.562020,1.562140,0
2019-01-01 18:07:00,1.562150,1.562210,1.562130,1.562200,0
2019-01-01 18:08:00,1.562200,1.562300,1.562200,1.562210,0
2019-01-01 18:09:00,1.562210,1.562210,1.562050,1.562070,0
2019-01-01 18:10:00,1.562150,1.562210,1.562070,1.562130,0
2019-01-01 18:11:00,1.562120,1.562210,1.562100,1.562210,0
2019-01-01 18:12:00,1.562190,1.562210,1.562030,1.562090,0
2019-01-01 18:13:00,1.562080,1.562120,1.562030,1.562100,0
2019-01-01 18:14:00,1.562110,1.562140,1.562070,1.562110,0
2019-01-01 18:15:00,1.562120,1.562140,1.562000,1.562000,0
2019-01-01 18:16:00,1.562000,1.562060,1.561960,1.562040,0
2019-01-01 18:17:00,1.562030,1.562200,1.561960,1.562050,0
2019-01-01 18:18:00,1.562060,1.562120,1.562040,1.562080,0
2019-01-01 18:19:00,1.562100,1.562240,1.562040,1.562140,0
2019-01-01 18:20:00,1.562150,1.562180,1.562080,1.562170,0
2019-01-01 18:21:00,1.562150,1.562220,1.562100,1.562190,0
2019-01-01 18:22:00,1.562190,1.562260,1.562040,1.562070,0
2019-01-01 18:23:00,1.562100,1.562180,1.562070,1.562120,0
2019-01-01 18:24:00,1.562140,1.562240,1.562120,1.562200,0
2019-01-01 18:25:00,1.562210,1.562310,1.562160,1.562230,0
2019-01-01 18:26:00,1.562240,1.562250,1.562130,1.562130,0
2019-01-01 18:27:00,1.562110,1.562170,1.562110,1.562160,0
2019-01-01 18:28:00,1.562190,1.562280,1.562160,1.562170,0
2019-01-01 18:29:00,1.562170,1.562260,1.562110,1.562120,0
2019-01-01 18:30:00,1.562120,1.562200,1.562120,1.562170,0
2019-01-01 18:31:00,1.562180,1.562260,1.562160,1.562260,0
2019-01-01 18:32:00,1.562220,1.562220,1.562190,1.562190,0
2019-01-01 18:33:00,1.562190,1.562200,1.562080,1.562080,0
2019-01-01 18:34:00,1.562090,1.562090,1.561970,1.562000,0
2019-01-01 18:35:00,1.561990,1.562090,1.561960,1.562060,0
2019-01-01 18:36:00,1.562050,1.562150,1.562030,1.562150,0
2019-01-01 18:37:00,1.562150,1.562230,1.562100,1.562160,0
2019-01-01 18:38:00,1.562160,1.562210,1.562130,1.562200,0
2019-01-01 18:39:00,1.562200,1.562270,1.562160,1.562270,0
2019-01-01 18:40:00,1.562280,1.562280,1.562250,1.562260,0
2019-01-01 18:41:00,1.562250,1.562260,1.562090,1.562090,0
2019-01-01 18:42:00,1.562080,1.562080,1.562050,1.562060,0
2019-01-01 18:43:00,1.562050,1.562050,1.561990,1.561990,0
2019-01-01 18:44:00,1.561990,1.562020,1.561980,1.562020,0
2019-01-01 18:45:00,1.562020,1.562020,1.561880,1.561880,0
2019-01-01 18:46:00,1.561890,1.561930,1.561850,1.561860,0
2019-01-01 18:47:00,1.561880,1.561880,1.561780,1.561780,0
2019-01-01 18:48:00,1.561780,1.561800,1.561740,1.561770,0
2019-01-01 18:49:00,1.561810,1.561880,1.561710,1.561760,0
2019-01-01 18:50:00,1.561760,1.561760,1.561600,1.561600,0
2019-01-01 18:51:00,1.561600,1.561600,1.561560,1.561590,0
2019-01-01 18:52:00,1.561590,1.561670,1.561590,1.561650,0
2019-01-01 18:53:00,1.561650,1.561660,1.561640,1.561650,0
2019-01-01 18:54:00,1.561650,1.561650,1.561570,1.561590,0
2019-01-01 18:55:00,1.561600,1.561660,1.561530,1.561580,0
2019-01-01 18:56:00,1.561580,1.561640,1.561580,1.561580,0
2019-01-01 18:57:00,1.561580,1.561580,1.561550,1.561560,0
2019-01-01 18:58:00,1.561560,1.561620,1.561550,1.561560,0
2019-01-01 18:59:00,1.561550,1.561600,1.561550,1.561590,0
2019-01-01 19:00:00,1.561590,1.561630,1.561530,1.561540,0
2019-01-01 19:01:00,1.561540,1.561570,1.561490,1.561500,0
2019-01-01 19:02:00,1.561500,1.561530,1.561330,1.561330,0
2019-01-01 19:03:00,1.561340,1.561350,1.561250,1.561250,0
2019-01-01 19:04:00,1.561250,1.561320,1.561250,1.561270,0
2019-01-01 19:05:00,1.561270,1.561700,1.561180,1.561580,0
2019-01-01 19:06:00,1.561570,1.562180,1.561570,1.562010,0
2019-01-01 19:07:00,1.562010,1.562030,1.561990,1.562000,0
2019-01-01 19:08:00,1.562000,1.562050,1.561980,1.562010,0
2019-01-01 19:09:00,1.562060,1.562120,1.561970,1.561990,0
2019-01-01 19:10:00,1.562000,1.562000,1.561870,1.561900,0
2019-01-01 19:11:00,1.561890,1.562260,1.561870,1.562240,0
2019-01-01 19:12:00,1.562250,1.562330,1.562240,1.562310,0
2019-01-01 19:13:00,1.562290,1.562370,1.562270,1.562360,0
2019-01-01 19:14:00,1.562360,1.562560,1.562360,1.562560,0
2019-01-01 19:15:00,1.562540,1.562610,1.562440,1.562460,0
2019-01-01 19:16:00,1.562460,1.562490,1.562380,1.562390,0
2019-01-01 19:17:00,1.562410,1.562580,1.562380,1.562560,0
2019-01-01 19:18:00,1.562540,1.562540,1.562330,1.562370,0
2019-01-01 19:19:00,1.562360,1.562360,1.562290,1.562360,0
2019-01-01 19:20:00,1.562370,1.562430,1.562200,1.562220,0
2019-01-01 19:21:00,1.562200,1.562220,1.562120,1.562190,0
2019-01-01 19:22:00,1.562200,1.562220,1.562080,1.562090,0
2019-01-01 19:23:00,1.562080,1.562180,1.562060,1.562180,0
2019-01-01 19:24:00,1.562170,1.562180,1.562150,1.562150,0
2019-01-01 19:25:00,1.562140,1.562170,1.562010,1.562010,0
2019-01-01 19:26:00,1.562000,1.562040,1.561950,1.561950,0
2019-01-01 19:27:00,1.561940,1.561970,1.561670,1.561690,0
2019-01-01 19:28:00,1.561690,1.561780,1.561690,1.561710,0
2019-01-01 19:29:00,1.561710,1.561710,1.561450,1.561530,0
2019-01-01 19:30:00,1.561520,1.561620,1.561460,1.561590,0
2019-01-01 19:31:00,1.561600,1.561600,1.561460,1.561480,0
2019-01-01 19:32:00,1.561470,1.561490,1.561370,1.561400,0
2019-01-01 19:33:00,1.561400,1.561400,1.561260,1.561260,0
2019-01-01 19:34:00,1.561260,1.561300,1.561220,1.561300,0
2019-01-01 19:35:00,1.561320,1.561370,1.561190,1.561200,0
2019-01-01 19:36:00,1.561190,1.561190,1.560920,1.560950,0
2019-01-01 19:37:00,1.560940,1.561060,1.560900,1.560940,0
2019-01-01 19:38:00,1.560940,1.561070,1.560900,1.561060,0
2019-01-01 19:39:00,1.561070,1.561070,1.560990,1.560990,0
2019-01-01 19:40:00,1.560980,1.560980,1.560910,1.560950,0
2019-01-01 19:41:00,1.560960,1.560990,1.560940,1.560990,0
2019-01-01 19:42:00,1.560970,1.561010,1.560830,1.560840,0
2019-01-01 19:43:00,1.560830,1.561020,1.560830,1.560890,0
2019-01-01 19:44:00,1.560890,1.560960,1.560860,1.560950,0
2019-01-01 19:45:00,1.560950,1.561090,1.560930,1.561090,0
2019-01-01 19:46:00,1.561060,1.561100,1.560970,1.560970,0
2019-01-01 19:47:00,1.560970,1.561100,1.560920,1.561090,0
2019-01-01 19:48:00,1.561080,1.561080,1.560890,1.560930,0
2019-01-01 19:49:00,1.560930,1.561030,1.560900,1.561020,0
2019-01-01 19:50:00,1.561010,1.561030,1.560960,1.560970,0
2019-01-01 19:51:00,1.560930,1.560950,1.560900,1.560910,0
2019-01-01 19:52:00,1.560910,1.561100,1.560880,1.560990,0
2019-01-01 19:53:00,1.560980,1.560980,1.560870,1.560890,0
2019-01-01 19:54:00,1.560880,1.560920,1.560830,1.560890,0
2019-01-01 19:55:00,1.560900,1.560900,1.560710,1.560720,0
2019-01-01 19:56:00,1.560710,1.560800,1.560640,1.560790,0
2019-01-01 19:57:00,1.560790,1.560830,1.560790,1.560800,0
2019-01-01 19:58:00,1.560800,1.560810,1.560800,1.560800,0
2019-01-01 19:59:00,1.560800,1.560850,1.560800,1.560830,0
2019-01-01 20:00:00,1.560830,1.561060,1.560830,1.561030,0
2019-01-01 20:01:00,1.561020,1.561020,1.560850,1.560860,0
2019-01-01 20:02:00,1.560870,1.561070,1.560840,1.561070,0
2019-01-01 20:03:00,1.561080,1.561210,1.560860,1.560970,0
2019-01-01 20:04:00,1.560970,1.561230,1.560970,1.561190,0
2019-01-01 20:05:00,1.561190,1.561210,1.561000,1.561060,0
2019-01-01 20:06:00,1.561050,1.561110,1.560950,1.560960,0
2019-01-01 20:07:00,1.560960,1.561010,1.560880,1.561000,0
2019-01-01 20:08:00,1.560990,1.560990,1.560860,1.560870,0
2019-01-01 20:09:00,1.560870,1.560880,1.560520,1.560520,0
2019-01-01 20:10:00,1.560520,1.560520,1.560210,1.560250,0
2019-01-01 20:11:00,1.560250,1.560250,1.560030,1.560030,0
2019-01-01 20:12:00,1.560010,1.560010,1.559540,1.559630,0
2019-01-01 20:13:00,1.559630,1.559640,1.559480,1.559610,0
2019-01-01 20:14:00,1.559610,1.559760,1.559570,1.559670,0
2019-01-01 20:15:00,1.559690,1.559920,1.559690,1.559860,0
2019-01-01 20:16:00,1.559860,1.560090,1.559860,1.560030,0
2019-01-01 20:17:00,1.560030,1.560110,1.560000,1.560050,0
2019-01-01 20:18:00,1.560030,1.560030,1.559890,1.560020,0
2019-01-01 20:19:00,1.560020,1.560180,1.560020,1.560110,0
2019-01-01 20:20:00,1.560110,1.560220,1.560110,1.560200,0
2019-01-01 20:21:00,1.560200,1.560370,1.560200,1.560350,0
2019-01-01 20:22:00,1.560350,1.560360,1.560260,1.560270,0
2019-01-01 20:23:00,1.560260,1.560290,1.560190,1.560290,0
2019-01-01 20:24:00,1.560300,1.560380,1.560300,1.560370,0
2019-01-01 20:25:00,1.560350,1.560410,1.560290,1.560320,0
2019-01-01 20:26:00,1.560320,1.560360,1.560290,1.560290,0
2019-01-01 20:27:00,1.560290,1.560290,1.560150,1.560230,0
2019-01-01 20:28:00,1.560230,1.560270,1.560170,1.560270,0
2019-01-01 20:29:00,1.560270,1.560320,1.560220,1.560220,0
2019-01-01 20:30:00,1.560220,1.560350,1.560200,1.560300,0
2019-01-01 20:31:00,1.560300,1.560420,1.560300,1.560370,0
2019-01-01 20:32:00,1.560350,1.560380,1.560270,1.560280,0
2019-01-01 20:33:00,1.560290,1.560500,1.560290,1.560500,0
2019-01-01 20:34:00,1.560500,1.560530,1.560360,1.560510,0
2019-01-01 20:35:00,1.560490,1.560620,1.560490,1.560620,0
2019-01-01 20:36:00,1.560620,1.560620,1.560420,1.560430,0
2019-01-01 20:37:00,1.560430,1.560430,1.560060,1.560140,0
2019-01-01 20:38:00,1.560140,1.560160,1.560100,1.560130,0
2019-01-01 20:39:00,1.560130,1.560380,1.560130,1.560300,0
2019-01-01 20:40:00,1.560300,1.560430,1.560290,1.560290,0
2019-01-01 20:41:00,1.560280,1.560510,1.560270,1.560410,0
2019-01-01 20:42:00,1.560430,1.560470,1.560430,1.560450,0
2019-01-01 20:43:00,1.560450,1.560470,1.560400,1.560470,0
2019-01-01 20:44:00,1.560460,1.560540,1.560460,1.560540,0
2019-01-01 20:45:00,1.560550,1.560550,1.560260,1.560310,0
2019-01-01 20:46:00,1.560310,1.560410,1.560260,1.560300,0
2019-01-01 20:47:00,1.560300,1.560610,1.560290,1.560550,0
2019-01-01 20:48:00,1.560540,1.560580,1.560410,1.560430,0
2019-01-01 20:49:00,1.560430,1.560490,1.560330,1.560450,0
2019-01-01 20:50:00,1.560440,1.560500,1.560320,1.560400,0
2019-01-01 20:51:00,1.560390,1.560460,1.560280,1.560390,0
2019-01-01 20:52:00,1.560370,1.560490,1.560340,1.560400,0
2019-01-01 20:53:00,1.560400,1.560600,1.560360,1.560530,0
2019-01-01 20:54:00,1.560520,1.560590,1.560380,1.560520,0
2019-01-01 20:55:00,1.560520,1.560830,1.560510,1.560830,0
2019-01-01 20:56:00,1.560830,1.560870,1.560750,1.560830,0
2019-01-01 20:57:00,1.560830,1.560920,1.560810,1.560900,0
2019-01-01 20:58:00,1.560900,1.561090,1.560900,1.560990,0
2019-01-01 20:59:00,1.561000,1.561370,1.560980,1.561350,0
2019-01-01 21:00:00,1.561360,1.561380,1.561040,1.561350,0
2019-01-01 21:01:00,1.561350,1.561650,1.561310,1.561460,0
2019-01-01 21:02:00,1.561470,1.561490,1.561330,1.561410,0
2019-01-01 21:03:00,1.561410,1.561500,1.561310,1.561340,0
2019-01-01 21:04:00,1.561340,1.561750,1.561340,1.561750,0
2019-01-01 21:05:00,1.561760,1.561770,1.561630,1.561650,0
2019-01-01 21:06:00,1.561640,1.561760,1.561610,1.561690,0
2019-01-01 21:07:00,1.561670,1.561740,1.561640,1.561680,0
2019-01-01 21:08:00,1.561670,1.561710,1.561560,1.561590,0
2019-01-01 21:09:00,1.561580,1.561680,1.561540,1.561540,0
2019-01-01 21:10:00,1.561520,1.561670,1.561520,1.561630,0
2019-01-01 21:11:00,1.561630,1.561740,1.561570,1.561670,0
2019-01-01 21:12:00,1.561650,1.561710,1.561510,1.561550,0
2019-01-01 21:13:00,1.561560,1.561890,1.561520,1.561870,0
2019-01-01 21:14:00,1.561860,1.561970,1.561820,1.561950,0
2019-01-01 21:15:00,1.561930,1.561950,1.561850,1.561880,0
2019-01-01 21:16:00,1.561880,1.561880,1.561720,1.561800,0
2019-01-01 21:17:00,1.561820,1.561910,1.561780,1.561780,0
2019-01-01 21:18:00,1.561780,1.561890,1.561610,1.561800,0
2019-01-01 21:19:00,1.561800,1.561840,1.561640,1.561720,0
2019-01-01 21:20:00,1.561710,1.562220,1.561700,1.562140,0
2019-01-01 21:21:00,1.562130,1.562210,1.561770,1.561780,0
2019-01-01 21:22:00,1.561800,1.561840,1.561600,1.561710,0
2019-01-01 21:23:00,1.561710,1.561850,1.561700,1.561770,0
2019-01-01 21:24:00,1.561760,1.561810,1.561700,1.561770,0
2019-01-01 21:25:00,1.561790,1.561900,1.561680,1.561820,0
2019-01-01 21:26:00,1.561820,1.562220,1.561810,1.562070,0
2019-01-01 21:27:00,1.562070,1.562220,1.562000,1.562050,0
2019-01-01 21:28:00,1.562050,1.562140,1.561960,1.561970,0
2019-01-01 21:29:00,1.561980,1.561990,1.561860,1.561920,0
2019-01-01 21:30:00,1.561930,1.562160,1.561930,1.562120,0
2019-01-01 21:31:00,1.562110,1.562360,1.562110,1.562350,0
2019-01-01 21:32:00,1.562360,1.562420,1.562140,1.562150,0
2019-01-01 21:33:00,1.562150,1.562240,1.562110,1.562110,0
2019-01-01 21:34:00,1.562110,1.562170,1.561920,1.561960,0
2019-01-01 21:35:00,1.561960,1.562050,1.561880,1.561890,0
2019-01-01 21:36:00,1.561900,1.562000,1.561710,1.561900,0
2019-01-01 21:37:00,1.561890,1.562070,1.561850,1.561910,0
2019-01-01 21:38:00,1.561890,1.562320,1.561890,1.562260,0
2019-01-01 21:39:00,1.562260,1.562440,1.562220,1.562420,0
2019-01-01 21:40:00,1.562420,1.562430,1.562070,1.562130,0
2019-01-01 21:41:00,1.562140,1.562290,1.561980,1.562070,0
2019-01-01 21:42:00,1.562070,1.562180,1.562050,1.562170,0
2019-01-01 21:43:00,1.562160,1.562330,1.562150,1.562280,0
2019-01-01 21:44:00,1.562280,1.562320,1.562170,1.562280,0
2019-01-01 21:45:00,1.562250,1.562250,1.562020,1.562160,0
2019-01-01 21:46:00,1.562160,1.562280,1.562150,1.562150,0
2019-01-01 21:47:00,1.562140,1.562270,1.562120,1.562260,0
2019-01-01 21:48:00,1.562260,1.562260,1.562090,1.562180,0
2019-01-01 21:49:00,1.562200,1.562240,1.562170,1.562230,0
2019-01-01 21:50:00,1.562230,1.562290,1.562190,1.562240,0
2019-01-01 21:51:00,1.562240,1.562280,1.562190,1.562210,0
2019-01-01 21:52:00,1.562200,1.562240,1.562120,1.562220,0
2019-01-01 21:53:00,1.562220,1.562250,1.562140,1.562140,0
2019-01-01 21:54:00,1.562140,1.562280,1.562120,1.562270,0
2019-01-01 21:55:00,1.562260,1.562350,1.562250,1.562340,0
2019-01-01 21:56:00,1.562350,1.562350,1.562230,1.562240,0
2019-01-01 21:57:00,1.562230,1.562370,1.562220,1.562290,0
2019-01-01 21:58:00,1.562280,1.562440,1.562220,1.562360,0
2019-01-01 21:59:00,1.562360,1.562440,1.562320,1.562320,0
2019-01-01 22:00:00,1.562330,1.562410,1.562330,1.562370,0
2019-01-01 22:01:00,1.562380,1.562460,1.562340,1.562440,0
2019-01-01 22:02:00,1.562440,1.562530,1.562440,1.562520,0
2019-01-01 22:03:00,1.562520,1.562520,1.562450,1.562480,0
2019-01-01 22:04:00,1.562480,1.562590,1.562400,1.562470,0
2019-01-01 22:05:00,1.562470,1.562620,1.562470,1.562510,0
2019-01-01 22:06:00,1.562510,1.562550,1.562440,1.562500,0
2019-01-01 22:07:00,1.562490,1.562530,1.562370,1.562380,0
2019-01-01 22:08:00,1.562380,1.562380,1.562170,1.562250,0
2019-01-01 22:09:00,1.562250,1.562360,1.562250,1.562350,0
2019-01-01 22:10:00,1.562340,1.562370,1.562270,1.562270,0
2019-01-01 22:11:00,1.562280,1.562440,1.562280,1.562440,0
2019-01-01 22:12:00,1.562440,1.562450,1.562350,1.562390,0
2019-01-01 22:13:00,1.562380,1.562390,1.562320,1.562350,0
2019-01-01 22:14:00,1.562350,1.562390,1.562210,1.562240,0
2019-01-01 22:15:00,1.562240,1.562410,1.562190,1.562380,0
2019-01-01 22:16:00,1.562380,1.562540,1.562380,1.562520,0
2019-01-01 22:17:00,1.562520,1.562540,1.562510,1.562540,0
2019-01-01 22:18:00,1.562530,1.562590,1.562510,1.562590,0
2019-01-01 22:19:00,1.562590,1.562710,1.562500,1.562650,0
2019-01-01 22:20:00,1.562650,1.562650,1.562530,1.562530,0
2019-01-01 22:21:00,1.562530,1.562640,1.562530,1.562570,0
2019-01-01 22:22:00,1.562570,1.562570,1.562390,1.562440,0
2019-01-01 22:23:00,1.562450,1.562460,1.562370,1.562450,0
2019-01-01 22:24:00,1.562450,1.562570,1.562450,1.562570,0
2019-01-01 22:25:00,1.562570,1.562620,1.562490,1.562600,0
2019-01-01 22:26:00,1.562600,1.562610,1.562470,1.562490,0
2019-01-01 22:27:00,1.562470,1.562490,1.562370,1.562370,0
2019-01-01 22:28:00,1.562370,1.562410,1.562170,1.562340,0
2019-01-01 22:29:00,1.562350,1.562380,1.562290,1.562370,0
2019-01-01 22:30:00,1.562370,1.562410,1.562350,1.562400,0
2019-01-01 22:31:00,1.562400,1.562420,1.562340,1.562380,0
2019-01-01 22:32:00,1.562380,1.562450,1.562370,1.562410,0
2019-01-01 22:33:00,1.562430,1.562470,1.562340,1.562360,0
2019-01-01 22:34:00,1.562350,1.562390,1.562320,1.562370,0
2019-01-01 22:35:00,1.562380,1.562430,1.562180,1.562180,0
2019-01-01 22:36:00,1.562200,1.562240,1.562050,1.562200,0
2019-01-01 22:37:00,1.562200,1.562220,1.561830,1.561960,0
2019-01-01 22:38:00,1.561960,1.561960,1.561830,1.561870,0
2019-01-01 22:39:00,1.561870,1.561890,1.561860,1.561890,0
2019-01-01 22:40:00,1.561890,1.561890,1.561820,1.561820,0
2019-01-01 22:41:00,1.561810,1.561880,1.561800,1.561870,0
2019-01-01 22:42:00,1.561880,1.562050,1.561870,1.561960,0
2019-01-01 22:43:00,1.561960,1.561960,1.561880,1.561880,0
2019-01-01 22:44:00,1.561880,1.561890,1.561860,1.561890,0
2019-01-01 22:45:00,1.561900,1.561930,1.561860,1.561860,0
2019-01-01 22:46:00,1.561840,1.562130,1.561840,1.562100,0
2019-01-01 22:47:00,1.562100,1.562230,1.562020,1.562090,0
2019-01-01 22:48:00,1.562080,1.562150,1.562060,1.562080,0
2019-01-01 22:49:00,1.562090,1.562130,1.562030,1.562120,0
2019-01-01 22:50:00,1.562130,1.562140,1.561930,1.561950,0
2019-01-01 22:51:00,1.561940,1.561970,1.561850,1.561890,0
2019-01-01 22:52:00,1.561880,1.561970,1.561810,1.561940,0
2019-01-01 22:53:00,1.561940,1.562090,1.561930,1.562070,0
2019-01-01 22:54:00,1.562060,1.562060,1.561970,1.562010,0
2019-01-01 22:55:00,1.562060,1.562090,1.561960,1.562090,0
2019-01-01 22:56:00,1.562060,1.562170,1.562060,1.562160,0
2019-01-01 22:57:00,1.562170,1.562170,1.562020,1.562020,0
2019-01-01 22:58:00,1.562020,1.562050,1.562010,1.562020,0
2019-01-01 22:59:00,1.562010,1.562060,1.562000,1.562020,0
2019-01-01 23:00:00,1.562000,1.562000,1.561830,1.561830,0
2019-01-01 23:01:00,1.561830,1.561900,1.561720,1.561760,0
2019-01-01 23:02:00,1.561770,1.562000,1.561760,1.561890,0
2019-01-01 23:03:00,1.561890,1.562500,1.561890,1.562340,0
2019-01-01 23:04:00,1.562340,1.562630,1.562340,1.562500,0
2019-01-01 23:05:00,1.562490,1.562520,1.562490,1.562510,0
2019-01-01 23:06:00,1.562500,1.562530,1.562490,1.562510,0
2019-01-01 23:07:00,1.562510,1.562520,1.562440,1.562510,0
2019-01-01 23:08:00,1.562500,1.562520,1.562450,1.562500,0
2019-01-01 23:09:00,1.562500,1.562590,1.562490,1.562500,0
2019-01-01 23:10:00,1.562500,1.562630,1.562500,1.562630,0
2019-01-01 23:11:00,1.562650,1.562680,1.562550,1.562600,0
2019-01-01 23:12:00,1.562590,1.562730,1.562550,1.562650,0
2019-01-01 23:13:00,1.562650,1.562690,1.562570,1.562570,0
2019-01-01 23:14:00,1.562590,1.562610,1.562560,1.562570,0
2019-01-01 23:15:00,1.562570,1.562580,1.562440,1.562450,0
2019-01-01 23:16:00,1.562450,1.562480,1.562310,1.562310,0
2019-01-01 23:17:00,1.562310,1.562360,1.562300,1.562340,0
2019-01-01 23:18:00,1.562310,1.562430,1.562310,1.562420,0
2019-01-01 23:19:00,1.562390,1.562430,1.562290,1.562320,0
2019-01-01 23:20:00,1.562300,1.562310,1.562190,1.562220,0
2019-01-01 23:21:00,1.562220,1.562220,1.562180,1.562200,0
2019-01-01 23:22:00,1.562200,1.562270,1.562200,1.562270,0
2019-01-01 23:23:00,1.562270,1.562280,1.562160,1.562190,0
2019-01-01 23:24:00,1.562190,1.562230,1.562160,1.562230,0
2019-01-01 23:25:00,1.562220,1.562310,1.562200,1.562230,0
2019-01-01 23:26:00,1.562230,1.562330,1.562170,1.562180,0
2019-01-01 23:27:00,1.562180,1.562250,1.562130,1.562190,0
2019-01-01 23:28:00,1.562190,1.562200,1.562060,1.562100,0
2019-01-01 23:29:00,1.562080,1.562100,1.561860,1.561880,0
2019-01-01 23:30:00,1.561880,1.561880,1.561700,1.561800,0
2019-01-01 23:31:00,1.561810,1.561960,1.561800,1.561960,0
2019-01-01 23:32:00,1.561960,1.561970,1.561890,1.561890,0
2019-01-01 23:33:00,1.561890,1.561940,1.561890,1.561900,0
2019-01-01 23:34:00,1.561910,1.561990,1.561890,1.561950,0
2019-01-01 23:35:00,1.561950,1.562160,1.561950,1.562070,0
2019-01-01 23:36:00,1.562080,1.562120,1.562020,1.562070,0
2019-01-01 23:37:00,1.562090,1.562190,1.562090,1.562150,0
2019-01-01 23:38:00,1.562180,1.562250,1.562150,1.562250,0
2019-01-01 23:39:00,1.562230,1.562230,1.562090,1.562150,0
2019-01-01 23:40:00,1.562140,1.562150,1.562050,1.562120,0
2019-01-01 23:41:00,1.562140,1.562140,1.561970,1.561980,0
2019-01-01 23:42:00,1.561980,1.562040,1.561910,1.561970,0
2019-01-01 23:43:00,1.561970,1.561970,1.561900,1.561920,0
2019-01-01 23:44:00,1.561940,1.561990,1.561910,1.561940,0
2019-01-01 23:45:00,1.561940,1.561940,1.561810,1.561820,0
2019-01-01 23:46:00,1.561820,1.561880,1.561730,1.561880,0
2019-01-01 23:47:00,1.561880,1.562060,1.561880,1.562030,0
2019-01-01 23:48:00,1.562040,1.562050,1.561840,1.561840,0
2019-01-01 23:49:00,1.561840,1.561870,1.561820,1.561870,0
2019-01-01 23:50:00,1.561870,1.561910,1.561760,1.561760,0
2019-01-01 23:51:00,1.561760,1.561870,1.561750,1.561870,0
2019-01-01 23:52:00,1.561870,1.561950,1.561860,1.561900,0
2019-01-01 23:53:00,1.561920,1.561960,1.561920,1.561950,0
2019-01-01 23:54:00,1.561950,1.561950,1.561890,1.561890,0
2019-01-01 23:55:00,1.561890,1.562040,1.561890,1.562040,0
2019-01-01 23:56:00,1.562030,1.562080,1.562020,1.562070,0
2019-01-01 23:57:00,1.562060,1.562140,1.562060,1.562100,0
2019-01-01 23:58:00,1.562110,1.562110,1.562060,1.562080,0
2019-01-01 23:59:00,1.562080,1.562080,1.561970,1.561980,0
2019-01-02 00:00:00,1.561990,1.562040,1.561910,1.561980,0
2019-01-02 00:01:00,1.562000,1.562120,1.562000,1.562110,0
2019-01-02 00:02:00,1.562120,1.562310,1.562120,1.562290,0
2019-01-02 00:03:00,1.562280,1.562340,1.562200,1.562340,0
2019-01-02 00:04:00,1.562330,1.562410,1.562320,1.562330,0
2019-01-02 00:05:00,1.562320,1.562320,1.562240,1.562280,0
2019-01-02 00:06:00,1.562270,1.562330,1.562250,1.562280,0
2019-01-02 00:07:00,1.562260,1.562330,1.562220,1.562330,0
2019-01-02 00:08:00,1.562330,1.562360,1.562320,1.562360,0
2019-01-02 00:09:00,1.562350,1.562350,1.562280,1.562300,0
2019-01-02 00:10:00,1.562310,1.562310,1.562260,1.562270,0
2019-01-02 00:11:00,1.562270,1.562280,1.562220,1.562260,0
2019-01-02 00:12:00,1.562250,1.562280,1.562210,1.562270,0
2019-01-02 00:13:00,1.562270,1.562300,1.562240,1.562300,0
2019-01-02 00:14:00,1.562310,1.562460,1.562300,1.562430,0
2019-01-02 00:15:00,1.562420,1.562460,1.562340,1.562440,0
2019-01-02 00:16:00,1.562440,1.562630,1.562440,1.562590,0
2019-01-02 00:17:00,1.562590,1.562880,1.562560,1.562810,0
2019-01-02 00:18:00,1.562960,1.562990,1.562790,1.562860,0
2019-01-02 00:19:00,1.562860,1.562950,1.562680,1.562720,0
2019-01-02 00:20:00,1.562720,1.562980,1.562720,1.562980,0
2019-01-02 00:21:00,1.562960,1.562960,1.561370,1.561470,0
2019-01-02 00:22:00,1.561470,1.561620,1.561420,1.561420,0
2019-01-02 00:23:00,1.561400,1.561500,1.561190,1.561290,0
2019-01-02 00:24:00,1.561280,1.561570,1.561150,1.561200,0
2019-01-02 00:25:00,1.561200,1.561270,1.561070,1.561090,0
2019-01-02 00:26:00,1.561080,1.561230,1.561080,1.561170,0
2019-01-02 00:27:00,1.561180,1.561380,1.561080,1.561290,0
2019-01-02 00:28:00,1.561280,1.561300,1.561200,1.561250,0
2019-01-02 00:29:00,1.561260,1.561310,1.561120,1.561120,0
2019-01-02 00:30:00,1.561100,1.561190,1.560770,1.560910,0
2019-01-02 00:31:00,1.560900,1.560990,1.560180,1.560290,0
2019-01-02 00:32:00,1.560310,1.560540,1.560250,1.560540,0
2019-01-02 00:33:00,1.560570,1.560650,1.560400,1.560530,0
2019-01-02 00:34:00,1.560530,1.560710,1.560440,1.560470,0
2019-01-02 00:35:00,1.560470,1.560530,1.560010,1.560040,0
2019-01-02 00:36:00,1.560030,1.560030,1.559500,1.559740,0
2019-01-02 00:37:00,1.559750,1.559910,1.559500,1.559580,0
2019-01-02 00:38:00,1.559580,1.559640,1.558900,1.558980,0
2019-01-02 00:39:00,1.558960,1.559670,1.558940,1.559640,0
2019-01-02 00:40:00,1.559650,1.559650,1.559480,1.559560,0
2019-01-02 00:41:00,1.559560,1.559780,1.559560,1.559710,0
2019-01-02 00:42:00,1.559720,1.559720,1.559430,1.559600,0
2019-01-02 00:43:00,1.559610,1.559720,1.559350,1.559400,0
2019-01-02 00:44:00,1.559390,1.559460,1.559340,1.559360,0
2019-01-02 00:45:00,1.559370,1.559420,1.558460,1.558560,0
2019-01-02 00:46:00,1.558600,1.559010,1.558560,1.558830,0
2019-01-02 00:47:00,1.558840,1.559340,1.558840,1.559290,0
2019-01-02 00:48:00,1.559280,1.559440,1.559280,1.559400,0
2019-01-02 00:49:00,1.559420,1.559520,1.559410,1.559480,0
2019-01-02 00:50:00,1.559490,1.560220,1.559490,1.559780,0
2019-01-02 00:51:00,1.559780,1.559800,1.559450,1.559700,0
2019-01-02 00:52:00,1.559740,1.560200,1.559610,1.560190,0
2019-01-02 00:53:00,1.560200,1.560210,1.559810,1.559820,0
2019-01-02 00:54:00,1.559820,1.559950,1.559750,1.559830,0
2019-01-02 00:55:00,1.559820,1.559980,1.559490,1.559490,0
2019-01-02 00:56:00,1.559570,1.559670,1.559530,1.559640,0
2019-01-02 00:57:00,1.559630,1.560340,1.559630,1.560300,0
2019-01-02 00:58:00,1.560310,1.561160,1.560310,1.561040,0
2019-01-02 00:59:00,1.561020,1.561100,1.560960,1.561020,0
2019-01-02 01:00:00,1.561030,1.561790,1.560900,1.561780,0
2019-01-02 01:01:00,1.561780,1.562130,1.561770,1.561840,0
2019-01-02 01:02:00,1.561830,1.562010,1.561660,1.561870,0
2019-01-02 01:03:00,1.561860,1.561880,1.561420,1.561450,0
2019-01-02 01:04:00,1.561460,1.561700,1.561410,1.561700,0
2019-01-02 01:05:00,1.561700,1.561700,1.560660,1.560800,0
2019-01-02 01:06:00,1.560800,1.561230,1.560780,1.560920,0
2019-01-02 01:07:00,1.560910,1.561140,1.560820,1.561050,0
2019-01-02 01:08:00,1.561050,1.561180,1.561030,1.561080,0
2019-01-02 01:09:00,1.561060,1.561310,1.561030,1.561310,0
2019-01-02 01:10:00,1.561300,1.562200,1.561270,1.562040,0
2019-01-02 01:11:00,1.561960,1.562070,1.561680,1.561730,0
2019-01-02 01:12:00,1.561730,1.562170,1.561730,1.562170,0
2019-01-02 01:13:00,1.562180,1.562420,1.562150,1.562200,0
2019-01-02 01:14:00,1.562200,1.562280,1.562030,1.562050,0
2019-01-02 01:15:00,1.562050,1.562260,1.562010,1.562230,0
2019-01-02 01:16:00,1.562240,1.562310,1.562210,1.562220,0
2019-01-02 01:17:00,1.562240,1.562400,1.562210,1.562370,0
2019-01-02 01:18:00,1.562350,1.562500,1.562310,1.562440,0
2019-01-02 01:19:00,1.562430,1.562690,1.562430,1.562550,0
2019-01-02 01:20:00,1.562590,1.562790,1.562510,1.562660,0
2019-01-02 01:21:00,1.562660,1.562880,1.562660,1.562770,0
2019-01-02 01:22:00,1.562790,1.562860,1.562650,1.562670,0
2019-01-02 01:23:00,1.562670,1.562770,1.562570,1.562760,0
2019-01-02 01:24:00,1.562770,1.562770,1.562470,1.562520,0
2019-01-02 01:25:00,1.562520,1.562590,1.562340,1.562340,0
2019-01-02 01:26:00,1.562310,1.562690,1.562310,1.562510,0
2019-01-02 01:27:00,1.562520,1.562850,1.562470,1.562850,0
2019-01-02 01:28:00,1.562850,1.562930,1.562700,1.562820,0
2019-01-02 01:29:00,1.562810,1.563150,1.562730,1.563150,0
2019-01-02 01:30:00,1.563150,1.563230,1.562970,1.562980,0
2019-01-02 01:31:00,1.563000,1.563300,1.563000,1.563240,0
2019-01-02 01:32:00,1.563240,1.563240,1.563130,1.563150,0
2019-01-02 01:33:00,1.563150,1.563150,1.562900,1.562940,0
2019-01-02 01:34:00,1.562930,1.563340,1.562930,1.563320,0
2019-01-02 01:35:00,1.563320,1.563380,1.563180,1.563230,0
2019-01-02 01:36:00,1.563240,1.563300,1.563190,1.563220,0
2019-01-02 01:37:00,1.563240,1.563310,1.563190,1.563200,0
2019-01-02 01:38:00,1.563190,1.563220,1.563050,1.563170,0
2019-01-02 01:39:00,1.563160,1.563380,1.563160,1.563290,0
2019-01-02 01:40:00,1.563310,1.563350,1.563180,1.563250,0
2019-01-02 01:41:00,1.563250,1.563250,1.563020,1.563100,0
2019-01-02 01:42:00,1.563100,1.563160,1.562740,1.562860,0
2019-01-02 01:43:00,1.562860,1.562900,1.562750,1.562810,0
2019-01-02 01:44:00,1.562810,1.563180,1.562770,1.562990,0
2019-01-02 01:45:00,1.562990,1.563260,1.562970,1.563200,0
2019-01-02 01:46:00,1.563230,1.563400,1.563150,1.563210,0
2019-01-02 01:47:00,1.563210,1.563210,1.563100,1.563180,0
2019-01-02 01:48:00,1.563210,1.563210,1.562970,1.563010,0
2019-01-02 01:49:00,1.563020,1.563020,1.562730,1.562900,0
2019-01-02 01:50:00,1.562890,1.563180,1.562850,1.563110,0
2019-01-02 01:51:00,1.563120,1.563300,1.562980,1.563160,0
2019-01-02 01:52:00,1.563140,1.563170,1.562900,1.562900,0
2019-01-02 01:53:00,1.562900,1.562900,1.562460,1.562550,0
2019-01-02 01:54:00,1.562570,1.562640,1.562430,1.562590,0
2019-01-02 01:55:00,1.562580,1.562770,1.562510,1.562750,0
2019-01-02 01:56:00,1.562740,1.562930,1.562580,1.562680,0
2019-01-02 01:57:00,1.562670,1.562770,1.562610,1.562660,0
2019-01-02 01:58:00,1.562700,1.562740,1.562570,1.562670,0
2019-01-02 01:59:00,1.562670,1.562850,1.562530,1.562660,0
2019-01-02 02:00:00,1.562660,1.562760,1.562510,1.562510,0
2019-01-02 02:01:00,1.562570,1.562810,1.562510,1.562740,0
2019-01-02 02:02:00,1.562730,1.562780,1.562640,1.562660,0
2019-01-02 02:03:00,1.562660,1.562750,1.562140,1.562290,0
2019-01-02 02:04:00,1.562380,1.562520,1.561630,1.561710,0
2019-01-02 02:05:00,1.561750,1.562330,1.561680,1.562260,0
2019-01-02 02:06:00,1.562260,1.562430,1.562050,1.562100,0
2019-01-02 02:07:00,1.562100,1.562110,1.561200,1.561250,0
2019-01-02 02:08:00,1.561230,1.561360,1.561130,1.561360,0
2019-01-02 02:09:00,1.561370,1.561480,1.561320,1.561350,0
2019-01-02 02:10:00,1.561330,1.561370,1.560670,1.560680,0
2019-01-02 02:11:00,1.560690,1.560870,1.560310,1.560400,0
2019-01-02 02:12:00,1.560400,1.560670,1.560310,1.560580,0
2019-01-02 02:13:00,1.560580,1.560750,1.560430,1.560720,0
2019-01-02 02:14:00,1.560710,1.560740,1.560590,1.560600,0
2019-01-02 02:15:00,1.560580,1.560760,1.560100,1.560340,0
2019-01-02 02:16:00,1.560330,1.560830,1.560330,1.560440,0
2019-01-02 02:17:00,1.560460,1.560920,1.560390,1.560480,0
2019-01-02 02:18:00,1.560490,1.560730,1.559980,1.560000,0
2019-01-02 02:19:00,1.560010,1.560510,1.560010,1.560290,0
2019-01-02 02:20:00,1.560280,1.560700,1.560250,1.560390,0
2019-01-02 02:21:00,1.560410,1.560550,1.560090,1.560120,0
2019-01-02 02:22:00,1.560130,1.560170,1.559770,1.559810,0
2019-01-02 02:23:00,1.559810,1.560240,1.559810,1.560180,0
2019-01-02 02:24:00,1.560150,1.560210,1.559860,1.560130,0
2019-01-02 02:25:00,1.560140,1.560390,1.560100,1.560180,0
2019-01-02 02:26:00,1.560180,1.560320,1.560180,1.560240,0
2019-01-02 02:27:00,1.560230,1.560270,1.559720,1.559760,0
2019-01-02 02:28:00,1.559790,1.559950,1.559760,1.559900,0
2019-01-02 02:29:00,1.559900,1.559940,1.559800,1.559910,0
2019-01-02 02:30:00,1.559910,1.559930,1.559490,1.559510,0
2019-01-02 02:31:00,1.559500,1.559700,1.559450,1.559580,0
2019-01-02 02:32:00,1.559590,1.559690,1.559410,1.559410,0
2019-01-02 02:33:00,1.559410,1.559410,1.558880,1.558890,0
2019-01-02 02:34:00,1.558900,1.559300,1.558830,1.559300,0
2019-01-02 02:35:00,1.559300,1.559330,1.559090,1.559210,0
2019-01-02 02:36:00,1.559200,1.559250,1.558980,1.559060,0
2019-01-02 02:37:00,1.559030,1.559050,1.558560,1.558730,0
2019-01-02 02:38:00,1.558750,1.559060,1.558710,1.558900,0
2019-01-02 02:39:00,1.558900,1.558980,1.558780,1.558930,0
2019-01-02 02:40:00,1.558930,1.559000,1.558810,1.558990,0
2019-01-02 02:41:00,1.559010,1.559230,1.558900,1.558920,0
2019-01-02 02:42:00,1.558900,1.558900,1.558510,1.558520,0
2019-01-02 02:43:00,1.558520,1.558520,1.557890,1.557930,0
2019-01-02 02:44:00,1.557930,1.558050,1.557790,1.557970,0
2019-01-02 02:45:00,1.558000,1.558130,1.557880,1.558030,0
2019-01-02 02:46:00,1.558030,1.558080,1.557650,1.557690,0
2019-01-02 02:47:00,1.557700,1.557890,1.557650,1.557670,0
2019-01-02 02:48:00,1.557660,1.557680,1.557470,1.557680,0
2019-01-02 02:49:00,1.557700,1.557800,1.557580,1.557720,0
2019-01-02 02:50:00,1.557710,1.557890,1.557710,1.557840,0
2019-01-02 02:51:00,1.557840,1.558160,1.557840,1.558100,0
2019-01-02 02:52:00,1.558090,1.558450,1.558030,1.558430,0
2019-01-02 02:53:00,1.558450,1.558450,1.558250,1.558350,0
2019-01-02 02:54:00,1.558350,1.558350,1.557980,1.557980,0
2019-01-02 02:55:00,1.557940,1.557970,1.557710,1.557780,0
2019-01-02 02:56:00,1.557770,1.558050,1.557760,1.558030,0
2019-01-02 02:57:00,1.558010,1.558160,1.557920,1.557970,0
2019-01-02 02:58:00,1.557970,1.558120,1.557890,1.557910,0
2019-01-02 02:59:00,1.557920,1.558350,1.557910,1.558080,0
2019-01-02 03:00:00,1.558060,1.558060,1.557600,1.557860,0
2019-01-02 03:01:00,1.557850,1.558180,1.557730,1.558170,0
2019-01-02 03:02:00,1.558140,1.558630,1.558000,1.558060,0
2019-01-02 03:03:00,1.558060,1.558300,1.557890,1.558070,0
2019-01-02 03:04:00,1.558090,1.559060,1.557970,1.558990,0
2019-01-02 03:05:00,1.558990,1.559350,1.558850,1.559220,0
2019-01-02 03:06:00,1.559220,1.559250,1.559000,1.559000,0
2019-01-02 03:07:00,1.558990,1.559320,1.558940,1.559060,0
2019-01-02 03:08:00,1.559050,1.559060,1.558640,1.558830,0
2019-01-02 03:09:00,1.558830,1.558880,1.558530,1.558530,0
2019-01-02 03:10:00,1.558560,1.558560,1.558130,1.558360,0
2019-01-02 03:11:00,1.558360,1.558490,1.558310,1.558470,0
2019-01-02 03:12:00,1.558470,1.558740,1.558420,1.558520,0
2019-01-02 03:13:00,1.558560,1.558770,1.558540,1.558770,0
2019-01-02 03:14:00,1.558740,1.558960,1.558440,1.558910,0
2019-01-02 03:15:00,1.558920,1.558920,1.558350,1.558360,0
2019-01-02 03:16:00,1.558350,1.558600,1.558220,1.558310,0
2019-01-02 03:17:00,1.558320,1.558510,1.558000,1.558100,0
2019-01-02 03:18:00,1.558110,1.558190,1.557940,1.558190,0
2019-01-02 03:19:00,1.558200,1.558440,1.557860,1.558030,0
2019-01-02 03:20:00,1.558030,1.558050,1.557860,1.557890,0
2019-01-02 03:21:00,1.557880,1.558360,1.557780,1.558350,0
2019-01-02 03:22:00,1.558350,1.558680,1.558300,1.558600,0
2019-01-02 03:23:00,1.558580,1.558870,1.558480,1.558790,0
2019-01-02 03:24:00,1.558810,1.558930,1.558290,1.558290,0
2019-01-02 03:25:00,1.558290,1.558420,1.558060,1.558360,0
2019-01-02 03:26:00,1.558380,1.558660,1.558370,1.558580,0
2019-01-02 03:27:00,1.558620,1.558620,1.558270,1.558590,0
2019-01-02 03:28:00,1.558590,1.559020,1.558550,1.558810,0
2019-01-02 03:29:00,1.558800,1.558940,1.558600,1.558680,0
2019-01-02 03:30:00,1.558690,1.559010,1.557250,1.557830,0
2019-01-02 03:31:00,1.557830,1.558210,1.557740,1.558190,0
2019-01-02 03:32:00,1.558200,1.558250,1.557320,1.557460,0
2019-01-02 03:33:00,1.557480,1.557700,1.557210,1.557210,0
2019-01-02 03:34:00,1.557240,1.557260,1.556500,1.556810,0
2019-01-02 03:35:00,1.556790,1.556920,1.556610,1.556700,0
2019-01-02 03:36:00,1.556700,1.556810,1.556380,1.556750,0
2019-01-02 03:37:00,1.556740,1.557510,1.556720,1.557490,0
2019-01-02 03:38:00,1.557490,1.557620,1.557350,1.557490,0
2019-01-02 03:39:00,1.557480,1.557590,1.557130,1.557540,0
2019-01-02 03:40:00,1.557530,1.557770,1.557300,1.557690,0
2019-01-02 03:41:00,1.557690,1.558090,1.557680,1.558070,0
2019-01-02 03:42:00,1.558080,1.558280,1.557920,1.557930,0
2019-01-02 03:43:00,1.557940,1.558370,1.557770,1.558330,0
2019-01-02 03:44:00,1.558280,1.558700,1.558260,1.558600,0
2019-01-02 03:45:00,1.558600,1.558700,1.558000,1.558010,0
2019-01-02 03:46:00,1.558020,1.558160,1.557840,1.557850,0
2019-01-02 03:47:00,1.557850,1.558170,1.557720,1.558050,0
2019-01-02 03:48:00,1.558050,1.558290,1.558050,1.558250,0
2019-01-02 03:49:00,1.558250,1.558300,1.557880,1.557990,0
2019-01-02 03:50:00,1.557980,1.558100,1.557850,1.557990,0
2019-01-02 03:51:00,1.557970,1.558160,1.557900,1.558050,0
2019-01-02 03:52:00,1.558070,1.558110,1.557850,1.557910,0
2019-01-02 03:53:00,1.557890,1.558150,1.557780,1.558080,0
2019-01-02 03:54:00,1.558100,1.558170,1.557820,1.558170,0
2019-01-02 03:55:00,1.558150,1.558820,1.558150,1.558810,0
2019-01-02 03:56:00,1.558810,1.558880,1.558390,1.558420,0
2019-01-02 03:57:00,1.558410,1.558640,1.558160,1.558640,0
2019-01-02 03:58:00,1.558630,1.559090,1.558440,1.559010,0
2019-01-02 03:59:00,1.559000,1.559270,1.558940,1.559120,0
2019-01-02 04:00:00,1.559130,1.560010,1.558980,1.559960,0
2019-01-02 04:01:00,1.559950,1.559970,1.559560,1.559590,0
2019-01-02 04:02:00,1.559570,1.560320,1.559550,1.560160,0
2019-01-02 04:03:00,1.560170,1.560190,1.559560,1.559740,0
2019-01-02 04:04:00,1.559750,1.559870,1.559460,1.559520,0
2019-01-02 04:05:00,1.559480,1.559690,1.559280,1.559420,0
2019-01-02 04:06:00,1.559480,1.559740,1.559310,1.559520,0
2019-01-02 04:07:00,1.559510,1.559520,1.558670,1.558800,0
2019-01-02 04:08:00,1.558810,1.559250,1.558780,1.559110,0
2019-01-02 04:09:00,1.559120,1.559140,1.558450,1.558510,0
2019-01-02 04:10:00,1.558520,1.558770,1.558390,1.558730,0
2019-01-02 04:11:00,1.558750,1.558900,1.558640,1.558690,0
2019-01-02 04:12:00,1.558690,1.559380,1.558690,1.559380,0
2019-01-02 04:13:00,1.559410,1.559670,1.559250,1.559290,0
2019-01-02 04:14:00,1.559290,1.559550,1.559190,1.559490,0
2019-01-02 04:15:00,1.559500,1.559500,1.559090,1.559100,0
2019-01-02 04:16:00,1.559100,1.559260,1.558930,1.559070,0
2019-01-02 04:17:00,1.559060,1.559180,1.558920,1.559170,0
2019-01-02 04:18:00,1.559160,1.559410,1.559020,1.559280,0
2019-01-02 04:19:00,1.559270,1.559550,1.559180,1.559360,0
2019-01-02 04:20:00,1.559370,1.559490,1.559210,1.559230,0
2019-01-02 04:21:00,1.559210,1.559220,1.558950,1.559030,0
2019-01-02 04:22:00,1.559030,1.559180,1.558790,1.558790,0
2019-01-02 04:23:00,1.558790,1.558940,1.558700,1.558740,0
2019-01-02 04:24:00,1.558760,1.558760,1.558310,1.558600,0
2019-01-02 04:25:00,1.558610,1.558830,1.558520,1.558770,0
2019-01-02 04:26:00,1.558780,1.558870,1.558630,1.558740,0
2019-01-02 04:27:00,1.558760,1.558940,1.558760,1.558870,0
2019-01-02 04:28:00,1.558870,1.558960,1.558510,1.558540,0
2019-01-02 04:29:00,1.558550,1.558620,1.558120,1.558200,0
2019-01-02 04:30:00,1.558200,1.558930,1.558080,1.558720,0
2019-01-02 04:31:00,1.558710,1.558860,1.558680,1.558690,0
2019-01-02 04:32:00,1.558690,1.558690,1.558470,1.558480,0
2019-01-02 04:33:00,1.558530,1.558620,1.558350,1.558410,0
2019-01-02 04:34:00,1.558410,1.558430,1.558080,1.558270,0
2019-01-02 04:35:00,1.558270,1.558830,1.558230,1.558780,0
2019-01-02 04:36:00,1.558770,1.558770,1.558280,1.558570,0
2019-01-02 04:37:00,1.558550,1.558550,1.558340,1.558410,0
2019-01-02 04:38:00,1.558410,1.558410,1.557780,1.557980,0
2019-01-02 04:39:00,1.557970,1.557970,1.557120,1.557840,0
2019-01-02 04:40:00,1.557840,1.558070,1.557490,1.557500,0
2019-01-02 04:41:00,1.557500,1.557570,1.556790,1.557120,0
2019-01-02 04:42:00,1.557110,1.557130,1.556880,1.556980,0
2019-01-02 04:43:00,1.556950,1.557310,1.556880,1.557310,0
2019-01-02 04:44:00,1.557290,1.557340,1.557090,1.557270,0
2019-01-02 04:45:00,1.557270,1.557270,1.556940,1.557020,0
2019-01-02 04:46:00,1.557060,1.557130,1.556940,1.556950,0
2019-01-02 04:47:00,1.556950,1.557160,1.556860,1.557050,0
2019-01-02 04:48:00,1.557050,1.557050,1.556870,1.557030,0
2019-01-02 04:49:00,1.557020,1.557130,1.556990,1.557120,0
2019-01-02 04:50:00,1.557130,1.557370,1.557070,1.557230,0
2019-01-02 04:51:00,1.557220,1.557240,1.557010,1.557220,0
2019-01-02 04:52:00,1.557220,1.557280,1.556600,1.556760,0
2019-01-02 04:53:00,1.556770,1.557300,1.556710,1.557100,0
2019-01-02 04:54:00,1.557110,1.557440,1.557110,1.557370,0
2019-01-02 04:55:00,1.557360,1.557400,1.557270,1.557380,0
2019-01-02 04:56:00,1.557380,1.557460,1.557240,1.557310,0
2019-01-02 04:57:00,1.557290,1.557690,1.557250,1.557660,0
2019-01-02 04:58:00,1.557650,1.557770,1.557470,1.557760,0
2019-01-02 04:59:00,1.557740,1.558060,1.557710,1.558020,0
2019-01-02 05:00:00,1.558030,1.558240,1.557880,1.558210,0
2019-01-02 05:01:00,1.558210,1.558340,1.558180,1.558190,0
2019-01-02 05:02:00,1.558230,1.558510,1.558150,1.558150,0
2019-01-02 05:03:00,1.558150,1.558220,1.557940,1.558080,0
2019-01-02 05:04:00,1.558070,1.558070,1.557570,1.557610,0
2019-01-02 05:05:00,1.557670,1.557880,1.557470,1.557490,0
2019-01-02 05:06:00,1.557500,1.557650,1.557420,1.557470,0
2019-01-02 05:07:00,1.557470,1.557510,1.557190,1.557210,0
2019-01-02 05:08:00,1.557220,1.557540,1.557140,1.557520,0
2019-01-02 05:09:00,1.557550,1.557790,1.557530,1.557710,0
2019-01-02 05:10:00,1.557710,1.557830,1.557480,1.557760,0
2019-01-02 05:11:00,1.557780,1.557880,1.557630,1.557730,0
2019-01-02 05:12:00,1.557730,1.558000,1.557730,1.557980,0
2019-01-02 05:13:00,1.557980,1.558170,1.557980,1.558080,0
2019-01-02 05:14:00,1.558070,1.558140,1.557890,1.557920,0
2019-01-02 05:15:00,1.557930,1.557980,1.557850,1.557900,0
2019-01-02 05:16:00,1.557890,1.557970,1.557670,1.557720,0
2019-01-02 05:17:00,1.557690,1.557910,1.557620,1.557910,0
2019-01-02 05:18:00,1.557920,1.558040,1.557830,1.558030,0
2019-01-02 05:19:00,1.558020,1.558060,1.557880,1.557930,0
2019-01-02 05:20:00,1.557930,1.557970,1.557820,1.557910,0
2019-01-02 05:21:00,1.557920,1.558110,1.557900,1.557970,0
2019-01-02 05:22:00,1.557970,1.558030,1.557820,1.557910,0
2019-01-02 05:23:00,1.557910,1.558020,1.557870,1.557870,0
2019-01-02 05:24:00,1.557870,1.557890,1.557610,1.557890,0
2019-01-02 05:25:00,1.557860,1.558200,1.557860,1.558150,0
2019-01-02 05:26:00,1.558150,1.558300,1.558070,1.558210,0
2019-01-02 05:27:00,1.558190,1.558400,1.558140,1.558140,0
2019-01-02 05:28:00,1.558140,1.558360,1.558140,1.558350,0
2019-01-02 05:29:00,1.558360,1.558800,1.558360,1.558800,0
2019-01-02 05:30:00,1.558780,1.559110,1.558750,1.559110,0
2019-01-02 05:31:00,1.559120,1.559190,1.558860,1.558900,0
2019-01-02 05:32:00,1.558910,1.559130,1.558830,1.558830,0
2019-01-02 05:33:00,1.558830,1.558880,1.558760,1.558850,0
2019-01-02 05:34:00,1.558880,1.559030,1.558870,1.559020,0
2019-01-02 05:35:00,1.559030,1.559150,1.558930,1.559030,0
2019-01-02 05:36:00,1.559030,1.559040,1.558730,1.558830,0
2019-01-02 05:37:00,1.558840,1.558840,1.558630,1.558780,0
2019-01-02 05:38:00,1.558800,1.559120,1.558790,1.559060,0
2019-01-02 05:39:00,1.559080,1.559170,1.559050,1.559130,0
2019-01-02 05:40:00,1.559120,1.559230,1.559040,1.559230,0
2019-01-02 05:41:00,1.559230,1.559360,1.559140,1.559310,0
2019-01-02 05:42:00,1.559310,1.559520,1.559270,1.559520,0
2019-01-02 05:43:00,1.559510,1.559520,1.558890,1.558960,0
2019-01-02 05:44:00,1.558970,1.559050,1.558920,1.559020,0
2019-01-02 05:45:00,1.559020,1.559160,1.558840,1.558990,0
2019-01-02 05:46:00,1.558990,1.559000,1.558690,1.558770,0
2019-01-02 05:47:00,1.558780,1.559040,1.558780,1.559010,0
2019-01-02 05:48:00,1.559000,1.559040,1.558850,1.558860,0
2019-01-02 05:49:00,1.558860,1.559040,1.558860,1.558990,0
2019-01-02 05:50:00,1.558970,1.559030,1.558830,1.558920,0
2019-01-02 05:51:00,1.558910,1.558990,1.558820,1.558820,0
2019-01-02 05:52:00,1.558820,1.558980,1.558650,1.558970,0
2019-01-02 05:53:00,1.558960,1.559330,1.558880,1.559040,0
2019-01-02 05:54:00,1.559040,1.559070,1.558840,1.558850,0
2019-01-02 05:55:00,1.558840,1.559190,1.558840,1.558900,0
2019-01-02 05:56:00,1.558890,1.558890,1.558460,1.558590,0
2019-01-02 05:57:00,1.558610,1.558670,1.558510,1.558560,0
2019-01-02 05:58:00,1.558550,1.558640,1.558540,1.558600,0
2019-01-02 05:59:00,1.558610,1.558980,1.558600,1.558920,0
2019-01-02 06:00:00,1.558920,1.559620,1.558860,1.559360,0
2019-01-02 06:01:00,1.559350,1.559600,1.559300,1.559590,0
2019-01-02 06:02:00,1.559600,1.559610,1.559430,1.559440,0
2019-01-02 06:03:00,1.559450,1.559580,1.559310,1.559510,0
2019-01-02 06:04:00,1.559520,1.559850,1.559490,1.559520,0
2019-01-02 06:05:00,1.559510,1.559590,1.559060,1.559220,0
2019-01-02 06:06:00,1.559220,1.559220,1.558830,1.559030,0
2019-01-02 06:07:00,1.559020,1.559020,1.558160,1.558220,0
2019-01-02 06:08:00,1.558220,1.558260,1.558020,1.558160,0
2019-01-02 06:09:00,1.558160,1.558170,1.557840,1.557860,0
2019-01-02 06:10:00,1.557880,1.557900,1.557540,1.557540,0
2019-01-02 06:11:00,1.557540,1.557590,1.557420,1.557580,0
2019-01-02 06:12:00,1.557590,1.557720,1.557520,1.557580,0
2019-01-02 06:13:00,1.557580,1.557690,1.557560,1.557620,0
2019-01-02 06:14:00,1.557610,1.557730,1.557420,1.557440,0
2019-01-02 06:15:00,1.557440,1.557640,1.557440,1.557500,0
2019-01-02 06:16:00,1.557510,1.557620,1.557400,1.557450,0
2019-01-02 06:17:00,1.557450,1.557740,1.557280,1.557660,0
2019-01-02 06:18:00,1.557670,1.557850,1.557440,1.557520,0
2019-01-02 06:19:00,1.557540,1.557670,1.557470,1.557620,0
2019-01-02 06:20:00,1.557630,1.558290,1.557500,1.558110,0
2019-01-02 06:21:00,1.558100,1.558140,1.557910,1.558110,0
2019-01-02 06:22:00,1.558120,1.558150,1.557950,1.557990,0
2019-01-02 06:23:00,1.557980,1.558070,1.557860,1.557880,0
2019-01-02 06:24:00,1.557870,1.557970,1.557700,1.557830,0
2019-01-02 06:25:00,1.557850,1.557850,1.557550,1.557670,0
2019-01-02 06:26:00,1.557690,1.557730,1.557510,1.557580,0
2019-01-02 06:27:00,1.557600,1.558030,1.557570,1.557980,0
2019-01-02 06:28:00,1.557970,1.558210,1.557880,1.557970,0
2019-01-02 06:29:00,1.558030,1.558130,1.557890,1.558100,0
2019-01-02 06:30:00,1.558120,1.558260,1.557970,1.558150,0
2019-01-02 06:31:00,1.558150,1.558390,1.558140,1.558360,0
2019-01-02 06:32:00,1.558360,1.558360,1.558180,1.558200,0
2019-01-02 06:33:00,1.558200,1.558270,1.557980,1.557980,0
2019-01-02 06:34:00,1.558000,1.558260,1.557990,1.558140,0
2019-01-02 06:35:00,1.558110,1.558250,1.557890,1.558250,0
2019-01-02 06:36:00,1.558230,1.558560,1.558060,1.558540,0
2019-01-02 06:37:00,1.558550,1.558710,1.558470,1.558710,0
2019-01-02 06:38:00,1.558710,1.559180,1.558710,1.559150,0
2019-01-02 06:39:00,1.559150,1.559230,1.558960,1.559070,0
2019-01-02 06:40:00,1.559050,1.559260,1.558910,1.558960,0
2019-01-02 06:41:00,1.558960,1.559020,1.558620,1.558650,0
2019-01-02 06:42:00,1.558640,1.558930,1.558640,1.558900,0
2019-01-02 06:43:00,1.558910,1.559110,1.558800,1.558810,0
2019-01-02 06:44:00,1.558810,1.558950,1.558560,1.558580,0
2019-01-02 06:45:00,1.558570,1.558600,1.558250,1.558290,0
2019-01-02 06:46:00,1.558270,1.558620,1.558160,1.558610,0
2019-01-02 06:47:00,1.558600,1.558690,1.558450,1.558460,0
2019-01-02 06:48:00,1.558470,1.558650,1.558400,1.558430,0
2019-01-02 06:49:00,1.558420,1.558650,1.558340,1.558630,0
2019-01-02 06:50:00,1.558640,1.558700,1.558450,1.558670,0
2019-01-02 06:51:00,1.558660,1.558760,1.558390,1.558550,0
2019-01-02 06:52:00,1.558580,1.558640,1.558410,1.558490,0
2019-01-02 06:53:00,1.558550,1.558650,1.558490,1.558610,0
2019-01-02 06:54:00,1.558630,1.558660,1.558400,1.558600,0
2019-01-02 06:55:00,1.558590,1.558970,1.558580,1.558950,0
2019-01-02 06:56:00,1.558950,1.559090,1.558940,1.558990,0
2019-01-02 06:57:00,1.559000,1.559260,1.559000,1.559160,0
2019-01-02 06:58:00,1.559170,1.559220,1.559100,1.559110,0
2019-01-02 06:59:00,1.559100,1.559100,1.558460,1.558550,0
2019-01-02 07:00:00,1.558560,1.558570,1.558230,1.558330,0
2019-01-02 07:01:00,1.558340,1.558400,1.558120,1.558120,0
2019-01-02 07:02:00,1.558150,1.558240,1.558080,1.558120,0
2019-01-02 07:03:00,1.558110,1.558130,1.557550,1.557660,0
2019-01-02 07:04:00,1.557660,1.557840,1.557430,1.557740,0
2019-01-02 07:05:00,1.557740,1.557870,1.557570,1.557820,0
2019-01-02 07:06:00,1.557820,1.557820,1.557640,1.557770,0
2019-01-02 07:07:00,1.557770,1.557900,1.557310,1.557360,0
2019-01-02 07:08:00,1.557400,1.557490,1.557130,1.557260,0
2019-01-02 07:09:00,1.557250,1.557410,1.557250,1.557360,0
2019-01-02 07:10:00,1.557400,1.557690,1.557370,1.557640,0
2019-01-02 07:11:00,1.557630,1.557710,1.557600,1.557600,0
2019-01-02 07:12:00,1.557600,1.557600,1.557110,1.557120,0
2019-01-02 07:13:00,1.557110,1.557120,1.556900,1.556920,0
2019-01-02 07:14:00,1.556910,1.556950,1.556770,1.556890,0
2019-01-02 07:15:00,1.556900,1.556900,1.556260,1.556260,0
2019-01-02 07:16:00,1.556270,1.556590,1.556230,1.556570,0
2019-01-02 07:17:00,1.556580,1.556600,1.556290,1.556320,0
2019-01-02 07:18:00,1.556320,1.556960,1.556320,1.556840,0
2019-01-02 07:19:00,1.556840,1.556840,1.555500,1.555770,0
2019-01-02 07:20:00,1.555760,1.556080,1.555660,1.556070,0
2019-01-02 07:21:00,1.556060,1.556520,1.556040,1.556480,0
2019-01-02 07:22:00,1.556520,1.556670,1.555550,1.555560,0
2019-01-02 07:23:00,1.555550,1.555800,1.555350,1.555800,0
2019-01-02 07:24:00,1.555830,1.555940,1.555740,1.555870,0
2019-01-02 07:25:00,1.555890,1.555890,1.555390,1.555400,0
2019-01-02 07:26:00,1.555400,1.555680,1.555380,1.555400,0
2019-01-02 07:27:00,1.555400,1.555400,1.554730,1.554800,0
2019-01-02 07:28:00,1.554800,1.554900,1.554310,1.554830,0
2019-01-02 07:29:00,1.554830,1.554960,1.554620,1.554620,0
2019-01-02 07:30:00,1.554610,1.554880,1.554510,1.554610,0
2019-01-02 07:31:00,1.554610,1.554890,1.554380,1.554740,0
2019-01-02 07:32:00,1.554720,1.555330,1.554700,1.555000,0
2019-01-02 07:33:00,1.555010,1.555520,1.554840,1.555510,0
2019-01-02 07:34:00,1.555530,1.555700,1.555110,1.555180,0
2019-01-02 07:35:00,1.555180,1.555710,1.555160,1.555680,0
2019-01-02 07:36:00,1.555690,1.556030,1.555650,1.555650,0
2019-01-02 07:37:00,1.555680,1.555910,1.555440,1.555540,0
2019-01-02 07:38:00,1.555530,1.555750,1.555480,1.555730,0
2019-01-02 07:39:00,1.555730,1.556130,1.555720,1.556060,0
2019-01-02 07:40:00,1.556040,1.556230,1.555940,1.556200,0
2019-01-02 07:41:00,1.556210,1.556350,1.555740,1.555770,0
2019-01-02 07:42:00,1.555780,1.555820,1.555430,1.555660,0
2019-01-02 07:43:00,1.555650,1.555750,1.555500,1.555590,0
2019-01-02 07:44:00,1.555580,1.555810,1.555560,1.555770,0
2019-01-02 07:45:00,1.555770,1.555850,1.555730,1.555830,0
2019-01-02 07:46:00,1.555840,1.555840,1.555530,1.555610,0
2019-01-02 07:47:00,1.555640,1.555840,1.555580,1.555840,0
2019-01-02 07:48:00,1.555850,1.555970,1.555850,1.555900,0
2019-01-02 07:49:00,1.555910,1.556060,1.555850,1.556040,0
2019-01-02 07:50:00,1.556050,1.556140,1.555970,1.556080,0
2019-01-02 07:51:00,1.556090,1.556090,1.555830,1.555850,0
2019-01-02 07:52:00,1.555850,1.555900,1.555540,1.555540,0
2019-01-02 07:53:00,1.555550,1.555840,1.555480,1.555650,0
2019-01-02 07:54:00,1.555640,1.555700,1.555480,1.555690,0
2019-01-02 07:55:00,1.555710,1.555810,1.555550,1.555590,0
2019-01-02 07:56:00,1.555610,1.555740,1.555510,1.555510,0
2019-01-02 07:57:00,1.555510,1.555530,1.555230,1.555260,0
2019-01-02 07:58:00,1.555270,1.555290,1.554790,1.554990,0
2019-01-02 07:59:00,1.554990,1.555240,1.554830,1.555130,0
2019-01-02 08:00:00,1.555130,1.555150,1.554740,1.554910,0
2019-01-02 08:01:00,1.554920,1.555380,1.554920,1.555380,0
2019-01-02 08:02:00,1.555350,1.555760,1.555190,1.555760,0
2019-01-02 08:03:00,1.555760,1.555910,1.555580,1.555620,0
2019-01-02 08:04:00,1.555630,1.555730,1.555570,1.555720,0
2019-01-02 08:05:00,1.555730,1.555730,1.555310,1.555350,0
2019-01-02 08:06:00,1.555340,1.555400,1.554970,1.554980,0
2019-01-02 08:07:00,1.554970,1.554990,1.554630,1.554640,0
2019-01-02 08:08:00,1.554630,1.555140,1.554570,1.554580,0
2019-01-02 08:09:00,1.554590,1.554860,1.554370,1.554700,0
2019-01-02 08:10:00,1.554710,1.554950,1.554480,1.554480,0
2019-01-02 08:11:00,1.554470,1.554680,1.554360,1.554570,0
2019-01-02 08:12:00,1.554590,1.554770,1.554340,1.554680,0
2019-01-02 08:13:00,1.554670,1.555010,1.554670,1.554840,0
2019-01-02 08:14:00,1.554830,1.554830,1.554510,1.554580,0
2019-01-02 08:15:00,1.554620,1.554880,1.554250,1.554500,0
2019-01-02 08:16:00,1.554500,1.554880,1.554390,1.554840,0
2019-01-02 08:17:00,1.554840,1.554910,1.554520,1.554560,0
2019-01-02 08:18:00,1.554580,1.554870,1.554470,1.554850,0
2019-01-02 08:19:00,1.554850,1.554940,1.554390,1.554390,0
2019-01-02 08:20:00,1.554390,1.554980,1.554220,1.554580,0
2019-01-02 08:21:00,1.554610,1.555280,1.554510,1.555030,0
2019-01-02 08:22:00,1.555020,1.555350,1.554960,1.555320,0
2019-01-02 08:23:00,1.555320,1.555330,1.555000,1.555140,0
2019-01-02 08:24:00,1.555150,1.555220,1.554380,1.554470,0
2019-01-02 08:25:00,1.554490,1.554760,1.554400,1.554680,0
2019-01-02 08:26:00,1.554680,1.555030,1.554650,1.554690,0
2019-01-02 08:27:00,1.554700,1.554730,1.554210,1.554290,0
2019-01-02 08:28:00,1.554300,1.555010,1.554260,1.554790,0
2019-01-02 08:29:00,1.554770,1.554960,1.553890,1.554010,0
2019-01-02 08:30:00,1.554010,1.554200,1.552940,1.553120,0
2019-01-02 08:31:00,1.553090,1.553540,1.552870,1.553520,0
2019-01-02 08:32:00,1.553520,1.554240,1.553510,1.554180,0
2019-01-02 08:33:00,1.554130,1.554500,1.554000,1.554330,0
2019-01-02 08:34:00,1.554330,1.554840,1.554170,1.554760,0
2019-01-02 08:35:00,1.554740,1.554870,1.554400,1.554510,0
2019-01-02 08:36:00,1.554500,1.554560,1.553950,1.554110,0
2019-01-02 08:37:00,1.554130,1.554300,1.553640,1.554150,0
2019-01-02 08:38:00,1.554150,1.554490,1.554150,1.554330,0
2019-01-02 08:39:00,1.554340,1.554420,1.554180,1.554370,0
2019-01-02 08:40:00,1.554370,1.554390,1.554210,1.554360,0
2019-01-02 08:41:00,1.554360,1.554390,1.553850,1.554060,0
2019-01-02 08:42:00,1.554070,1.554120,1.553810,1.553850,0
2019-01-02 08:43:00,1.553870,1.553910,1.553660,1.553910,0
2019-01-02 08:44:00,1.553910,1.554170,1.553840,1.553890,0
2019-01-02 08:45:00,1.553870,1.554000,1.553640,1.553680,0
2019-01-02 08:46:00,1.553690,1.553860,1.553550,1.553650,0
2019-01-02 08:47:00,1.553660,1.553700,1.553260,1.553510,0
2019-01-02 08:48:00,1.553500,1.553720,1.553190,1.553720,0
2019-01-02 08:49:00,1.553710,1.553870,1.552550,1.552600,0
2019-01-02 08:50:00,1.552590,1.553020,1.552560,1.552930,0
2019-01-02 08:51:00,1.552920,1.553050,1.552790,1.552980,0
2019-01-02 08:52:00,1.553030,1.553240,1.552880,1.552890,0
2019-01-02 08:53:00,1.552890,1.552930,1.552150,1.552350,0
2019-01-02 08:54:00,1.552360,1.552520,1.552040,1.552200,0
2019-01-02 08:55:00,1.552280,1.552310,1.551940,1.552170,0
2019-01-02 08:56:00,1.552220,1.552380,1.552030,1.552030,0
2019-01-02 08:57:00,1.552030,1.552210,1.551930,1.552080,0
2019-01-02 08:58:00,1.552080,1.552260,1.551990,1.552180,0
2019-01-02 08:59:00,1.552190,1.552410,1.552020,1.552160,0
2019-01-02 09:00:00,1.552160,1.552230,1.550600,1.550620,0
2019-01-02 09:01:00,1.550650,1.550860,1.550350,1.550670,0
2019-01-02 09:02:00,1.550680,1.551200,1.550410,1.551160,0
2019-01-02 09:03:00,1.551180,1.551720,1.551150,1.551470,0
2019-01-02 09:04:00,1.551470,1.551470,1.550990,1.551090,0
2019-01-02 09:05:00,1.551070,1.551100,1.550670,1.550960,0
2019-01-02 09:06:00,1.550950,1.550990,1.550650,1.550710,0
2019-01-02 09:07:00,1.550700,1.550740,1.550240,1.550240,0
2019-01-02 09:08:00,1.550210,1.550560,1.550120,1.550270,0
2019-01-02 09:09:00,1.550270,1.550360,1.549920,1.550350,0
2019-01-02 09:10:00,1.550360,1.551030,1.550360,1.550960,0
2019-01-02 09:11:00,1.550970,1.551100,1.550630,1.550630,0
2019-01-02 09:12:00,1.550620,1.550850,1.550280,1.550310,0
2019-01-02 09:13:00,1.550300,1.550410,1.549940,1.550280,0
2019-01-02 09:14:00,1.550270,1.550310,1.549920,1.549950,0
2019-01-02 09:15:00,1.549940,1.550140,1.549610,1.550120,0
2019-01-02 09:16:00,1.550110,1.550320,1.549680,1.549810,0
2019-01-02 09:17:00,1.549810,1.549950,1.549620,1.549680,0
2019-01-02 09:18:00,1.549690,1.549770,1.549180,1.549240,0
2019-01-02 09:19:00,1.549240,1.549790,1.549160,1.549690,0
2019-01-02 09:20:00,1.549690,1.549740,1.549010,1.549320,0
2019-01-02 09:21:00,1.549330,1.550410,1.549220,1.550310,0
2019-01-02 09:22:00,1.550300,1.550600,1.550190,1.550270,0
2019-01-02 09:23:00,1.550280,1.550570,1.550240,1.550290,0
2019-01-02 09:24:00,1.550260,1.550320,1.549900,1.550250,0
2019-01-02 09:25:00,1.550240,1.550390,1.549870,1.549890,0
2019-01-02 09:26:00,1.549890,1.549890,1.549510,1.549740,0
2019-01-02 09:27:00,1.549750,1.549950,1.549420,1.549660,0
2019-01-02 09:28:00,1.549700,1.549720,1.549030,1.549180,0
2019-01-02 09:29:00,1.549170,1.549230,1.548800,1.549010,0
2019-01-02 09:30:00,1.549020,1.549620,1.549020,1.549610,0
2019-01-02 09:31:00,1.549660,1.549740,1.549300,1.549370,0
2019-01-02 09:32:00,1.549390,1.549590,1.549230,1.549370,0
2019-01-02 09:33:00,1.549390,1.549530,1.549080,1.549390,0
2019-01-02 09:34:00,1.549410,1.550010,1.549400,1.549770,0
2019-01-02 09:35:00,1.549770,1.550210,1.549740,1.550210,0
2019-01-02 09:36:00,1.550210,1.550240,1.549820,1.549990,0
2019-01-02 09:37:00,1.550010,1.550310,1.549910,1.549930,0
2019-01-02 09:38:00,1.549880,1.549990,1.549780,1.549810,0
2019-01-02 09:39:00,1.549830,1.549980,1.549680,1.549800,0
2019-01-02 09:40:00,1.549810,1.550160,1.549750,1.550150,0
2019-01-02 09:41:00,1.550170,1.550230,1.550040,1.550110,0
2019-01-02 09:42:00,1.550120,1.550160,1.549880,1.550010,0
2019-01-02 09:43:00,1.550020,1.550280,1.549960,1.550060,0
2019-01-02 09:44:00,1.550080,1.550160,1.549900,1.549970,0
2019-01-02 09:45:00,1.549970,1.550160,1.549420,1.550130,0
2019-01-02 09:46:00,1.550110,1.550480,1.550060,1.550130,0
2019-01-02 09:47:00,1.550180,1.550230,1.549660,1.549860,0
2019-01-02 09:48:00,1.549860,1.550020,1.549680,1.549840,0
2019-01-02 09:49:00,1.549820,1.550260,1.549820,1.550000,0
2019-01-02 09:50:00,1.549990,1.550130,1.549720,1.549840,0
2019-01-02 09:51:00,1.549840,1.549850,1.549350,1.549520,0
2019-01-02 09:52:00,1.549500,1.550140,1.549350,1.549640,0
2019-01-02 09:53:00,1.549640,1.550190,1.549550,1.550150,0
2019-01-02 09:54:00,1.550150,1.550150,1.549720,1.549790,0
2019-01-02 09:55:00,1.549780,1.549930,1.549670,1.549750,0
2019-01-02 09:56:00,1.549740,1.549810,1.549380,1.549400,0
2019-01-02 09:57:00,1.549410,1.549430,1.548570,1.548600,0
2019-01-02 09:58:00,1.548590,1.548590,1.548060,1.548100,0
2019-01-02 09:59:00,1.548090,1.548150,1.547550,1.547790,0
2019-01-02 10:00:00,1.547840,1.548180,1.547460,1.548140,0
2019-01-02 10:01:00,1.548140,1.548250,1.547630,1.547700,0
2019-01-02 10:02:00,1.547690,1.547930,1.547540,1.547710,0
2019-01-02 10:03:00,1.547710,1.547890,1.547430,1.547740,0
2019-01-02 10:04:00,1.547750,1.547930,1.547330,1.547350,0
2019-01-02 10:05:00,1.547380,1.547440,1.546680,1.546680,0
2019-01-02 10:06:00,1.546670,1.546920,1.546310,1.546870,0
2019-01-02 10:07:00,1.546870,1.547110,1.546220,1.546230,0
2019-01-02 10:08:00,1.546280,1.546330,1.545450,1.546000,0
2019-01-02 10:09:00,1.545940,1.545970,1.545430,1.545540,0
2019-01-02 10:10:00,1.545600,1.545940,1.545570,1.545660,0
2019-01-02 10:11:00,1.545670,1.545940,1.545670,1.545840,0
2019-01-02 10:12:00,1.545830,1.545830,1.545230,1.545690,0
2019-01-02 10:13:00,1.545740,1.546050,1.545550,1.545720,0
2019-01-02 10:14:00,1.545730,1.545970,1.545470,1.545560,0
2019-01-02 10:15:00,1.545580,1.545690,1.544800,1.544980,0
2019-01-02 10:16:00,1.544990,1.545240,1.544830,1.545210,0
2019-01-02 10:17:00,1.545210,1.545460,1.544750,1.544850,0
2019-01-02 10:18:00,1.544800,1.544840,1.544430,1.544530,0
2019-01-02 10:19:00,1.544520,1.544990,1.544470,1.544870,0
2019-01-02 10:20:00,1.544880,1.544890,1.544280,1.544460,0
2019-01-02 10:21:00,1.544470,1.544610,1.543700,1.544080,0
2019-01-02 10:22:00,1.544080,1.544200,1.543490,1.543710,0
2019-01-02 10:23:00,1.543720,1.544260,1.543650,1.544240,0
2019-01-02 10:24:00,1.544220,1.544220,1.543610,1.543890,0
2019-01-02 10:25:00,1.543910,1.543950,1.543180,1.543310,0
2019-01-02 10:26:00,1.543320,1.543910,1.543320,1.543910,0
2019-01-02 10:27:00,1.543920,1.543970,1.543530,1.543560,0
2019-01-02 10:28:00,1.543560,1.543760,1.543530,1.543540,0
2019-01-02 10:29:00,1.543540,1.543910,1.543270,1.543820,0
2019-01-02 10:30:00,1.543800,1.544190,1.543410,1.544190,0
2019-01-02 10:31:00,1.544200,1.544520,1.543970,1.544120,0
2019-01-02 10:32:00,1.544110,1.544220,1.543740,1.544220,0
2019-01-02 10:33:00,1.544200,1.544870,1.544100,1.544870,0
2019-01-02 10:34:00,1.544830,1.544830,1.544250,1.544410,0
2019-01-02 10:35:00,1.544410,1.544410,1.543840,1.543840,0
2019-01-02 10:36:00,1.543820,1.543940,1.543630,1.543630,0
2019-01-02 10:37:00,1.543630,1.543980,1.543570,1.543920,0
2019-01-02 10:38:00,1.543920,1.544020,1.542950,1.543140,0
2019-01-02 10:39:00,1.543140,1.543250,1.542690,1.543100,0
2019-01-02 10:40:00,1.543080,1.543110,1.542670,1.542920,0
2019-01-02 10:41:00,1.542930,1.543050,1.542590,1.542950,0
2019-01-02 10:42:00,1.542980,1.543080,1.542440,1.542440,0
2019-01-02 10:43:00,1.542460,1.542560,1.541570,1.541830,0
2019-01-02 10:44:00,1.541840,1.541850,1.541140,1.541220,0
2019-01-02 10:45:00,1.541220,1.541740,1.540980,1.541390,0
2019-01-02 10:46:00,1.541400,1.542290,1.541400,1.542210,0
2019-01-02 10:47:00,1.542200,1.542210,1.541710,1.541770,0
2019-01-02 10:48:00,1.541790,1.542230,1.541640,1.541910,0
2019-01-02 10:49:00,1.541900,1.542270,1.541650,1.542030,0
2019-01-02 10:50:00,1.542040,1.542960,1.541870,1.542520,0
2019-01-02 10:51:00,1.542540,1.542630,1.542100,1.542610,0
2019-01-02 10:52:00,1.542600,1.542740,1.542230,1.542710,0
2019-01-02 10:53:00,1.542700,1.542860,1.542320,1.542860,0
2019-01-02 10:54:00,1.542860,1.543130,1.542630,1.542910,0
2019-01-02 10:55:00,1.542910,1.543000,1.542440,1.542990,0
2019-01-02 10:56:00,1.542990,1.543830,1.542950,1.543800,0
2019-01-02 10:57:00,1.543800,1.543850,1.543030,1.543670,0
2019-01-02 10:58:00,1.543630,1.545410,1.543630,1.544900,0
2019-01-02 10:59:00,1.544910,1.544910,1.544480,1.544660,0
2019-01-02 11:00:00,1.544670,1.545020,1.544420,1.544990,0
2019-01-02 11:01:00,1.544990,1.545370,1.544900,1.545360,0
2019-01-02 11:02:00,1.545360,1.545360,1.544650,1.545010,0
2019-01-02 11:03:00,1.545020,1.545050,1.544410,1.544830,0
2019-01-02 11:04:00,1.544850,1.544940,1.544730,1.544920,0
2019-01-02 11:05:00,1.544920,1.545190,1.544510,1.544680,0
2019-01-02 11:06:00,1.544680,1.545060,1.544680,1.544920,0
2019-01-02 11:07:00,1.544930,1.545200,1.544780,1.545120,0
2019-01-02 11:08:00,1.545120,1.545230,1.544540,1.544570,0
2019-01-02 11:09:00,1.544570,1.544740,1.544270,1.544340,0
2019-01-02 11:10:00,1.544340,1.544640,1.544270,1.544420,0
2019-01-02 11:11:00,1.544420,1.544590,1.544240,1.544580,0
2019-01-02 11:12:00,1.544590,1.544620,1.544240,1.544240,0
2019-01-02 11:13:00,1.544230,1.544260,1.543840,1.543890,0
2019-01-02 11:14:00,1.543890,1.543910,1.543270,1.543320,0
2019-01-02 11:15:00,1.543310,1.543470,1.543000,1.543110,0
2019-01-02 11:16:00,1.543090,1.543210,1.542860,1.542860,0
2019-01-02 11:17:00,1.542850,1.543110,1.542650,1.542690,0
2019-01-02 11:18:00,1.542670,1.542970,1.542630,1.542890,0
2019-01-02 11:19:00,1.542890,1.542920,1.542660,1.542730,0
2019-01-02 11:20:00,1.542730,1.542950,1.542390,1.542390,0
2019-01-02 11:21:00,1.542380,1.542640,1.542130,1.542410,0
2019-01-02 11:22:00,1.542400,1.542650,1.542290,1.542630,0
2019-01-02 11:23:00,1.542580,1.542730,1.542370,1.542650,0
2019-01-02 11:24:00,1.542650,1.542740,1.542330,1.542730,0
2019-01-02 11:25:00,1.542730,1.543150,1.542640,1.543100,0
2019-01-02 11:26:00,1.543100,1.543130,1.542950,1.543130,0
2019-01-02 11:27:00,1.543130,1.543200,1.542930,1.542960,0
2019-01-02 11:28:00,1.543010,1.543080,1.542560,1.542680,0
2019-01-02 11:29:00,1.542680,1.542790,1.542420,1.542520,0
2019-01-02 11:30:00,1.542520,1.542830,1.542290,1.542740,0
2019-01-02 11:31:00,1.542770,1.542840,1.542580,1.542640,0
2019-01-02 11:32:00,1.542630,1.542780,1.542460,1.542760,0
2019-01-02 11:33:00,1.542760,1.542920,1.542590,1.542920,0
2019-01-02 11:34:00,1.542930,1.543050,1.542640,1.542730,0
2019-01-02 11:35:00,1.542730,1.542910,1.542620,1.542860,0
2019-01-02 11:36:00,1.542840,1.543070,1.542660,1.542820,0
2019-01-02 11:37:00,1.542830,1.543070,1.542610,1.542700,0
2019-01-02 11:38:00,1.542680,1.542980,1.542480,1.542960,0
2019-01-02 11:39:00,1.542950,1.542950,1.542310,1.542470,0
2019-01-02 11:40:00,1.542490,1.542550,1.542120,1.542240,0
2019-01-02 11:41:00,1.542250,1.542580,1.542050,1.542050,0
2019-01-02 11:42:00,1.542070,1.542110,1.541880,1.541940,0
2019-01-02 11:43:00,1.541930,1.541940,1.541610,1.541860,0
2019-01-02 11:44:00,1.541850,1.542140,1.541830,1.542120,0
2019-01-02 11:45:00,1.542130,1.542270,1.542030,1.542190,0
2019-01-02 11:46:00,1.542190,1.542370,1.542040,1.542290,0
2019-01-02 11:47:00,1.542290,1.542330,1.542190,1.542300,0
2019-01-02 11:48:00,1.542320,1.542610,1.542240,1.542420,0
2019-01-02 11:49:00,1.542400,1.542430,1.542180,1.542370,0
2019-01-02 11:50:00,1.542350,1.543000,1.542340,1.542940,0
2019-01-02 11:51:00,1.542940,1.543160,1.542820,1.543040,0
2019-01-02 11:52:00,1.543060,1.543060,1.542670,1.542950,0
2019-01-02 11:53:00,1.542950,1.543010,1.542640,1.542700,0
2019-01-02 11:54:00,1.542690,1.542960,1.542410,1.542870,0
2019-01-02 11:55:00,1.542870,1.543150,1.542820,1.543120,0
2019-01-02 11:56:00,1.543070,1.543070,1.542550,1.542580,0
2019-01-02 11:57:00,1.542580,1.543050,1.542420,1.542830,0
2019-01-02 11:58:00,1.542830,1.543090,1.542780,1.542990,0
2019-01-02 11:59:00,1.543010,1.543450,1.542920,1.543430,0
2019-01-02 12:00:00,1.543460,1.543670,1.543280,1.543410,0
2019-01-02 12:01:00,1.543410,1.543490,1.543110,1.543230,0
2019-01-02 12:02:00,1.543230,1.543320,1.542830,1.542920,0
2019-01-02 12:03:00,1.542920,1.542930,1.542430,1.542450,0
2019-01-02 12:04:00,1.542460,1.542700,1.542340,1.542610,0
2019-01-02 12:05:00,1.542620,1.542730,1.542170,1.542200,0
2019-01-02 12:06:00,1.542200,1.542590,1.542030,1.542510,0
2019-01-02 12:07:00,1.542520,1.542520,1.542120,1.542210,0
2019-01-02 12:08:00,1.542170,1.542270,1.542120,1.542250,0
2019-01-02 12:09:00,1.542260,1.542270,1.541910,1.541920,0
2019-01-02 12:10:00,1.541920,1.542160,1.541690,1.541800,0
2019-01-02 12:11:00,1.541840,1.541950,1.541210,1.541310,0
2019-01-02 12:12:00,1.541310,1.541450,1.541210,1.541260,0
2019-01-02 12:13:00,1.541270,1.541270,1.541120,1.541220,0
2019-01-02 12:14:00,1.541220,1.541360,1.540880,1.541360,0
2019-01-02 12:15:00,1.541350,1.541460,1.541240,1.541400,0
2019-01-02 12:16:00,1.541390,1.541570,1.541320,1.541440,0
2019-01-02 12:17:00,1.541450,1.541450,1.541040,1.541050,0
2019-01-02 12:18:00,1.541050,1.541390,1.541050,1.541190,0
2019-01-02 12:19:00,1.541200,1.541200,1.540660,1.541060,0
2019-01-02 12:20:00,1.541070,1.541210,1.540890,1.540950,0
2019-01-02 12:21:00,1.540950,1.540950,1.540610,1.540680,0
2019-01-02 12:22:00,1.540690,1.540900,1.540610,1.540730,0
2019-01-02 12:23:00,1.540700,1.540760,1.539720,1.539960,0
2019-01-02 12:24:00,1.539950,1.540510,1.539820,1.540300,0
2019-01-02 12:25:00,1.540380,1.540760,1.540270,1.540760,0
2019-01-02 12:26:00,1.540730,1.540900,1.540590,1.540590,0
2019-01-02 12:27:00,1.540600,1.540600,1.540250,1.540330,0
2019-01-02 12:28:00,1.540380,1.540490,1.540280,1.540380,0
2019-01-02 12:29:00,1.540380,1.540490,1.540210,1.540440,0
2019-01-02 12:30:00,1.540440,1.540510,1.540270,1.540350,0
2019-01-02 12:31:00,1.540360,1.540620,1.540350,1.540530,0
2019-01-02 12:32:00,1.540530,1.540710,1.540440,1.540700,0
2019-01-02 12:33:00,1.540700,1.540970,1.540610,1.540830,0
2019-01-02 12:34:00,1.540830,1.540900,1.540700,1.540700,0
2019-01-02 12:35:00,1.540700,1.540840,1.540620,1.540620,0
2019-01-02 12:36:00,1.540620,1.540640,1.540000,1.540190,0
2019-01-02 12:37:00,1.540200,1.540220,1.539940,1.539990,0
2019-01-02 12:38:00,1.540000,1.540090,1.539870,1.540000,0
2019-01-02 12:39:00,1.540000,1.540050,1.539750,1.539970,0
2019-01-02 12:40:00,1.539960,1.540260,1.539940,1.539980,0
2019-01-02 12:41:00,1.539970,1.540050,1.539580,1.539670,0
2019-01-02 12:42:00,1.539680,1.539680,1.538770,1.538800,0
2019-01-02 12:43:00,1.538800,1.538960,1.538760,1.538920,0
2019-01-02 12:44:00,1.538910,1.539060,1.538860,1.539020,0
2019-01-02 12:45:00,1.539030,1.539280,1.539010,1.539230,0
2019-01-02 12:46:00,1.539230,1.539240,1.539010,1.539020,0
2019-01-02 12:47:00,1.539020,1.539020,1.538350,1.538580,0
2019-01-02 12:48:00,1.538550,1.538550,1.538270,1.538400,0
2019-01-02 12:49:00,1.538410,1.538600,1.538260,1.538560,0
2019-01-02 12:50:00,1.538580,1.538640,1.538400,1.538640,0
2019-01-02 12:51:00,1.538630,1.538780,1.538430,1.538430,0
2019-01-02 12:52:00,1.538430,1.538480,1.538240,1.538410,0
2019-01-02 12:53:00,1.538400,1.538870,1.538370,1.538870,0
2019-01-02 12:54:00,1.538880,1.538880,1.538650,1.538750,0
2019-01-02 12:55:00,1.538760,1.539170,1.538720,1.539130,0
2019-01-02 12:56:00,1.539120,1.539230,1.538910,1.538920,0
2019-01-02 12:57:00,1.538910,1.539380,1.538900,1.539350,0
2019-01-02 12:58:00,1.539350,1.539620,1.539320,1.539500,0
2019-01-02 12:59:00,1.539510,1.539610,1.539260,1.539340,0
2019-01-02 13:00:00,1.539340,1.539440,1.539260,1.539300,0
2019-01-02 13:01:00,1.539300,1.539310,1.538850,1.538970,0
2019-01-02 13:02:00,1.538970,1.539040,1.538680,1.538690,0
2019-01-02 13:03:00,1.538680,1.538720,1.538410,1.538480,0
2019-01-02 13:04:00,1.538510,1.538510,1.538300,1.538340,0
2019-01-02 13:05:00,1.538340,1.538710,1.538330,1.538660,0
2019-01-02 13:06:00,1.538670,1.538930,1.538640,1.538800,0
2019-01-02 13:07:00,1.538780,1.538980,1.538650,1.538760,0
2019-01-02 13:08:00,1.538760,1.539120,1.538590,1.538800,0
2019-01-02 13:09:00,1.538800,1.538900,1.538510,1.538730,0
2019-01-02 13:10:00,1.538720,1.538960,1.538700,1.538960,0
2019-01-02 13:11:00,1.538980,1.539270,1.538950,1.539270,0
2019-01-02 13:12:00,1.539260,1.539260,1.538970,1.539130,0
2019-01-02 13:13:00,1.539130,1.539160,1.538860,1.538980,0
2019-01-02 13:14:00,1.538990,1.539290,1.538880,1.539270,0
2019-01-02 13:15:00,1.539270,1.539610,1.539270,1.539490,0
2019-01-02 13:16:00,1.539510,1.539830,1.539440,1.539670,0
2019-01-02 13:17:00,1.539650,1.539800,1.539590,1.539780,0
2019-01-02 13:18:00,1.539780,1.539780,1.539060,1.539070,0
2019-01-02 13:19:00,1.539060,1.539120,1.538830,1.538900,0
2019-01-02 13:20:00,1.538910,1.539110,1.538900,1.538990,0
2019-01-02 13:21:00,1.539040,1.539410,1.539000,1.539280,0
2019-01-02 13:22:00,1.539280,1.539310,1.539140,1.539240,0
2019-01-02 13:23:00,1.539260,1.539260,1.538850,1.538880,0
2019-01-02 13:24:00,1.538880,1.539060,1.538870,1.538980,0
2019-01-02 13:25:00,1.538980,1.539310,1.538980,1.539260,0
2019-01-02 13:26:00,1.539250,1.539350,1.539130,1.539200,0
2019-01-02 13:27:00,1.539190,1.539250,1.538950,1.539010,0
2019-01-02 13:28:00,1.538990,1.539310,1.538990,1.539110,0
2019-01-02 13:29:00,1.539080,1.539240,1.539020,1.539210,0
2019-01-02 13:30:00,1.539220,1.539310,1.539000,1.539060,0
2019-01-02 13:31:00,1.539070,1.539420,1.539070,1.539380,0
2019-01-02 13:32:00,1.539390,1.539590,1.539250,1.539530,0
2019-01-02 13:33:00,1.539530,1.539710,1.539460,1.539460,0
2019-01-02 13:34:00,1.539460,1.539630,1.539420,1.539420,0
2019-01-02 13:35:00,1.539420,1.539790,1.539350,1.539610,0
2019-01-02 13:36:00,1.539650,1.539710,1.539460,1.539500,0
2019-01-02 13:37:00,1.539500,1.539810,1.539470,1.539720,0
2019-01-02 13:38:00,1.539750,1.539970,1.539690,1.539690,0
2019-01-02 13:39:00,1.539690,1.539940,1.539380,1.539400,0
2019-01-02 13:40:00,1.539420,1.539750,1.539400,1.539550,0
2019-01-02 13:41:00,1.539550,1.539690,1.539480,1.539580,0
2019-01-02 13:42:00,1.539580,1.539760,1.539520,1.539690,0
2019-01-02 13:43:00,1.539690,1.539820,1.539600,1.539630,0
2019-01-02 13:44:00,1.539670,1.539700,1.539450,1.539500,0
2019-01-02 13:45:00,1.539490,1.539850,1.539490,1.539650,0
2019-01-02 13:46:00,1.539660,1.540000,1.539660,1.539830,0
2019-01-02 13:47:00,1.539810,1.539880,1.539550,1.539550,0
2019-01-02 13:48:00,1.539570,1.539750,1.539490,1.539560,0
2019-01-02 13:49:00,1.539550,1.539690,1.539540,1.539580,0
2019-01-02 13:50:00,1.539580,1.539730,1.539560,1.539670,0
2019-01-02 13:51:00,1.539670,1.539770,1.539480,1.539500,0
2019-01-02 13:52:00,1.539500,1.539500,1.538980,1.538990,0
2019-01-02 13:53:00,1.539000,1.539630,1.539000,1.539560,0
2019-01-02 13:54:00,1.539560,1.539670,1.539440,1.539490,0
2019-01-02 13:55:00,1.539490,1.539510,1.539270,1.539370,0
2019-01-02 13:56:00,1.539360,1.539640,1.539310,1.539570,0
2019-01-02 13:57:00,1.539590,1.539760,1.539560,1.539690,0
2019-01-02 13:58:00,1.539680,1.539690,1.539030,1.539040,0
2019-01-02 13:59:00,1.539040,1.539140,1.538890,1.538890,0
2019-01-02 14:00:00,1.538920,1.539220,1.538880,1.538890,0
2019-01-02 14:01:00,1.538900,1.539280,1.538820,1.539140,0
2019-01-02 14:02:00,1.539130,1.539130,1.538840,1.538840,0
2019-01-02 14:03:00,1.538830,1.538890,1.538730,1.538750,0
2019-01-02 14:04:00,1.538730,1.538890,1.538560,1.538780,0
2019-01-02 14:05:00,1.538790,1.538930,1.538780,1.538820,0
2019-01-02 14:06:00,1.538850,1.538930,1.538590,1.538900,0
2019-01-02 14:07:00,1.538900,1.539530,1.538890,1.539530,0
2019-01-02 14:08:00,1.539530,1.539800,1.539430,1.539690,0
2019-01-02 14:09:00,1.539700,1.539820,1.539380,1.539510,0
2019-01-02 14:10:00,1.539510,1.539650,1.539420,1.539570,0
2019-01-02 14:11:00,1.539580,1.539770,1.539480,1.539750,0
2019-01-02 14:12:00,1.539710,1.540040,1.539640,1.539980,0
2019-01-02 14:13:00,1.539970,1.540250,1.539950,1.540230,0
2019-01-02 14:14:00,1.540220,1.540430,1.540150,1.540370,0
2019-01-02 14:15:00,1.540370,1.540410,1.540120,1.540140,0
2019-01-02 14:16:00,1.540140,1.540190,1.540030,1.540110,0
2019-01-02 14:17:00,1.540090,1.540340,1.540050,1.540330,0
2019-01-02 14:18:00,1.540330,1.540600,1.540270,1.540500,0
2019-01-02 14:19:00,1.540530,1.540560,1.540200,1.540300,0
2019-01-02 14:20:00,1.540310,1.540490,1.540210,1.540490,0
2019-01-02 14:21:00,1.540490,1.540490,1.540160,1.540410,0
2019-01-02 14:22:00,1.540400,1.540550,1.540220,1.540230,0
2019-01-02 14:23:00,1.540230,1.540270,1.539920,1.540020,0
2019-01-02 14:24:00,1.540030,1.540300,1.540030,1.540290,0
2019-01-02 14:25:00,1.540300,1.540640,1.540050,1.540600,0
2019-01-02 14:26:00,1.540600,1.540850,1.540510,1.540560,0
2019-01-02 14:27:00,1.540550,1.540550,1.540130,1.540260,0
2019-01-02 14:28:00,1.540250,1.540610,1.540180,1.540350,0
2019-01-02 14:29:00,1.540370,1.540640,1.540290,1.540290,0
2019-01-02 14:30:00,1.540300,1.540470,1.540200,1.540290,0
2019-01-02 14:31:00,1.540280,1.540410,1.540240,1.540350,0
2019-01-02 14:32:00,1.540360,1.540380,1.540100,1.540320,0
2019-01-02 14:33:00,1.540310,1.540400,1.540190,1.540200,0
2019-01-02 14:34:00,1.540210,1.540430,1.540190,1.540360,0
2019-01-02 14:35:00,1.540370,1.540420,1.540260,1.540340,0
2019-01-02 14:36:00,1.540340,1.540340,1.540070,1.540080,0
2019-01-02 14:37:00,1.540080,1.540180,1.540080,1.540160,0
2019-01-02 14:38:00,1.540160,1.540210,1.540090,1.540100,0
2019-01-02 14:39:00,1.540110,1.540190,1.540050,1.540050,0
2019-01-02 14:40:00,1.540040,1.540280,1.540040,1.540180,0
2019-01-02 14:41:00,1.540170,1.540350,1.539880,1.540020,0
2019-01-02 14:42:00,1.540040,1.540130,1.539900,1.540110,0
2019-01-02 14:43:00,1.540110,1.540320,1.540060,1.540260,0
2019-01-02 14:44:00,1.540270,1.540360,1.540160,1.540260,0
2019-01-02 14:45:00,1.540260,1.540370,1.540190,1.540340,0
2019-01-02 14:46:00,1.540340,1.540630,1.540340,1.540380,0
2019-01-02 14:47:00,1.540390,1.540580,1.540370,1.540460,0
2019-01-02 14:48:00,1.540470,1.540550,1.540380,1.540550,0
2019-01-02 14:49:00,1.540550,1.540550,1.540420,1.540520,0
2019-01-02 14:50:00,1.540510,1.540910,1.540500,1.540680,0
2019-01-02 14:51:00,1.540680,1.540720,1.540500,1.540580,0
2019-01-02 14:52:00,1.540610,1.540790,1.540420,1.540460,0
2019-01-02 14:53:00,1.540510,1.540840,1.540490,1.540750,0
2019-01-02 14:54:00,1.540750,1.540770,1.540600,1.540660,0
2019-01-02 14:55:00,1.540660,1.540930,1.540660,1.540880,0
2019-01-02 14:56:00,1.540890,1.540980,1.540730,1.540980,0
2019-01-02 14:57:00,1.540990,1.541040,1.540840,1.540850,0
2019-01-02 14:58:00,1.540860,1.541060,1.540850,1.540900,0
2019-01-02 14:59:00,1.540880,1.541290,1.540790,1.541110,0
2019-01-02 15:00:00,1.541120,1.541350,1.541040,1.541190,0
2019-01-02 15:01:00,1.541200,1.541280,1.540740,1.540770,0
2019-01-02 15:02:00,1.540780,1.540790,1.540600,1.540670,0
2019-01-02 15:03:00,1.540670,1.541150,1.540670,1.541060,0
2019-01-02 15:04:00,1.541070,1.541140,1.540850,1.541030,0
2019-01-02 15:05:00,1.541030,1.541320,1.541030,1.541240,0
2019-01-02 15:06:00,1.541250,1.541440,1.541220,1.541260,0
2019-01-02 15:07:00,1.541270,1.541490,1.541270,1.541370,0
2019-01-02 15:08:00,1.541380,1.541650,1.541360,1.541610,0
2019-01-02 15:09:00,1.541610,1.541610,1.541350,1.541360,0
2019-01-02 15:10:00,1.541380,1.541470,1.541220,1.541250,0
2019-01-02 15:11:00,1.541260,1.541370,1.541220,1.541240,0
2019-01-02 15:12:00,1.541240,1.541430,1.541150,1.541180,0
2019-01-02 15:13:00,1.541170,1.541320,1.541010,1.541090,0
2019-01-02 15:14:00,1.541090,1.541210,1.540860,1.540880,0
2019-01-02 15:15:00,1.540890,1.541120,1.540880,1.540880,0
2019-01-02 15:16:00,1.540880,1.541040,1.540870,1.540960,0
2019-01-02 15:17:00,1.540970,1.541220,1.540970,1.541040,0
2019-01-02 15:18:00,1.541010,1.541410,1.540970,1.541270,0
2019-01-02 15:19:00,1.541260,1.541530,1.541260,1.541380,0
2019-01-02 15:20:00,1.541390,1.541850,1.541390,1.541590,0
2019-01-02 15:21:00,1.541590,1.541600,1.541380,1.541560,0
2019-01-02 15:22:00,1.541560,1.541890,1.541560,1.541780,0
2019-01-02 15:23:00,1.541770,1.541990,1.541770,1.541910,0
2019-01-02 15:24:00,1.541890,1.541930,1.541710,1.541710,0
2019-01-02 15:25:00,1.541720,1.541890,1.541710,1.541870,0
2019-01-02 15:26:00,1.541870,1.541950,1.541720,1.541750,0
2019-01-02 15:27:00,1.541750,1.541900,1.541710,1.541830,0
2019-01-02 15:28:00,1.541860,1.542030,1.541850,1.542030,0
2019-01-02 15:29:00,1.542010,1.542050,1.541880,1.541960,0
2019-01-02 15:30:00,1.541970,1.542180,1.541950,1.542050,0
2019-01-02 15:31:00,1.542060,1.542410,1.542050,1.542320,0
2019-01-02 15:32:00,1.542330,1.542380,1.542080,1.542230,0
2019-01-02 15:33:00,1.542240,1.542300,1.541800,1.541830,0
2019-01-02 15:34:00,1.541830,1.542380,1.541820,1.542360,0
2019-01-02 15:35:00,1.542370,1.542390,1.542180,1.542250,0
2019-01-02 15:36:00,1.542250,1.542270,1.542120,1.542210,0
2019-01-02 15:37:00,1.542210,1.542310,1.542130,1.542130,0
2019-01-02 15:38:00,1.542100,1.542300,1.542090,1.542300,0
2019-01-02 15:39:00,1.542260,1.542520,1.542240,1.542510,0
2019-01-02 15:40:00,1.542500,1.542580,1.542360,1.542370,0
2019-01-02 15:41:00,1.542390,1.542440,1.542260,1.542310,0
2019-01-02 15:42:00,1.542330,1.542380,1.542050,1.542190,0
2019-01-02 15:43:00,1.542180,1.542210,1.542040,1.542040,0
2019-01-02 15:44:00,1.542030,1.542040,1.541810,1.542030,0
2019-01-02 15:45:00,1.542030,1.542040,1.541820,1.541860,0
2019-01-02 15:46:00,1.541840,1.541910,1.541670,1.541740,0
2019-01-02 15:47:00,1.541730,1.541850,1.541700,1.541740,0
2019-01-02 15:48:00,1.541740,1.541910,1.541730,1.541880,0
2019-01-02 15:49:00,1.541880,1.542050,1.541850,1.542000,0
2019-01-02 15:50:00,1.542040,1.542130,1.541890,1.542010,0
2019-01-02 15:51:00,1.542000,1.542130,1.542000,1.542030,0
2019-01-02 15:52:00,1.542040,1.542060,1.541780,1.541860,0
2019-01-02 15:53:00,1.541860,1.541940,1.541660,1.541660,0
2019-01-02 15:54:00,1.541670,1.541670,1.541370,1.541370,0
2019-01-02 15:55:00,1.541370,1.541550,1.541200,1.541230,0
2019-01-02 15:56:00,1.541260,1.541270,1.541050,1.541070,0
2019-01-02 15:57:00,1.541070,1.541220,1.540830,1.540850,0
2019-01-02 15:58:00,1.540860,1.540930,1.540760,1.540870,0
2019-01-02 15:59:00,1.540880,1.540990,1.540690,1.540760,0
2019-01-02 16:00:00,1.540790,1.540900,1.540620,1.540720,0
2019-01-02 16:01:00,1.540750,1.540820,1.540470,1.540470,0
2019-01-02 16:02:00,1.540490,1.540580,1.540150,1.540190,0
2019-01-02 16:03:00,1.540170,1.540600,1.540100,1.540590,0
2019-01-02 16:04:00,1.540600,1.540670,1.540400,1.540410,0
2019-01-02 16:05:00,1.540400,1.540650,1.540330,1.540630,0
2019-01-02 16:06:00,1.540620,1.540640,1.540300,1.540420,0
2019-01-02 16:07:00,1.540420,1.540440,1.540220,1.540320,0
2019-01-02 16:08:00,1.540330,1.540500,1.540330,1.540430,0
2019-01-02 16:09:00,1.540430,1.540770,1.540390,1.540740,0
2019-01-02 16:10:00,1.540750,1.540770,1.540630,1.540720,0
2019-01-02 16:11:00,1.540720,1.540790,1.540720,1.540770,0
2019-01-02 16:12:00,1.540770,1.540780,1.540700,1.540760,0
2019-01-02 16:13:00,1.540790,1.540790,1.540720,1.540720,0
2019-01-02 16:14:00,1.540730,1.540760,1.540700,1.540730,0
2019-01-02 16:15:00,1.540720,1.540760,1.540690,1.540720,0
2019-01-02 16:16:00,1.540710,1.540730,1.540560,1.540560,0
2019-01-02 16:17:00,1.540570,1.540610,1.540560,1.540600,0
2019-01-02 16:18:00,1.540600,1.540600,1.540520,1.540540,0
2019-01-02 16:19:00,1.540540,1.540550,1.540370,1.540410,0
2019-01-02 16:20:00,1.540450,1.540680,1.540430,1.540680,0
2019-01-02 16:21:00,1.540700,1.540890,1.540700,1.540810,0
2019-01-02 16:22:00,1.540810,1.540910,1.540800,1.540900,0
2019-01-02 16:23:00,1.540900,1.540910,1.540780,1.540790,0
2019-01-02 16:24:00,1.540790,1.540810,1.540760,1.540790,0
2019-01-02 16:25:00,1.540790,1.540800,1.540720,1.540730,0
2019-01-02 16:26:00,1.540720,1.540760,1.540690,1.540700,0
2019-01-02 16:27:00,1.540700,1.540840,1.540560,1.540580,0
2019-01-02 16:28:00,1.540580,1.540650,1.540480,1.540520,0
2019-01-02 16:29:00,1.540510,1.540630,1.540300,1.540540,0
2019-01-02 16:30:00,1.540530,1.540760,1.540530,1.540760,0
2019-01-02 16:31:00,1.540750,1.541130,1.540750,1.541130,0
2019-01-02 16:32:00,1.541140,1.541470,1.541110,1.541360,0
2019-01-02 16:33:00,1.541350,1.541590,1.541350,1.541500,0
2019-01-02 16:34:00,1.541500,1.541500,1.541120,1.541180,0
2019-01-02 16:35:00,1.541180,1.541360,1.541100,1.541340,0
2019-01-02 16:36:00,1.541340,1.541420,1.541090,1.541170,0
2019-01-02 16:37:00,1.541200,1.541530,1.541160,1.541510,0
2019-01-02 16:38:00,1.541510,1.541570,1.541370,1.541420,0
2019-01-02 16:39:00,1.541420,1.541590,1.541420,1.541510,0
2019-01-02 16:40:00,1.541510,1.541840,1.541460,1.541830,0
2019-01-02 16:41:00,1.541830,1.542040,1.541830,1.542020,0
2019-01-02 16:42:00,1.541990,1.542240,1.541970,1.542050,0
2019-01-02 16:43:00,1.542070,1.542070,1.541980,1.542010,0
2019-01-02 16:44:00,1.542000,1.542010,1.541830,1.541890,0
2019-01-02 16:45:00,1.541900,1.542130,1.541870,1.542090,0
2019-01-02 16:46:00,1.542150,1.542240,1.542030,1.542220,0
2019-01-02 16:47:00,1.542220,1.542390,1.542190,1.542360,0
2019-01-02 16:48:00,1.542350,1.542370,1.542220,1.542240,0
2019-01-02 16:49:00,1.542240,1.542240,1.542170,1.542180,0
2019-01-02 16:50:00,1.542200,1.542230,1.541680,1.541700,0
2019-01-02 16:51:00,1.541700,1.541810,1.541570,1.541620,0
2019-01-02 16:52:00,1.541610,1.541620,1.541440,1.541470,0
2019-01-02 16:53:00,1.541470,1.541470,1.540950,1.541120,0
2019-01-02 16:54:00,1.541120,1.541160,1.541040,1.541140,0
2019-01-02 16:55:00,1.541150,1.541170,1.540990,1.541030,0
2019-01-02 16:56:00,1.541050,1.541050,1.540960,1.541050,0
2019-01-02 16:57:00,1.541040,1.541040,1.540780,1.540830,0
2019-01-02 16:58:00,1.540830,1.540850,1.540490,1.540530,0
2019-01-02 16:59:00,1.540550,1.540630,1.539950,1.539970,0
2019-01-02 17:00:00,1.539730,1.541470,1.539730,1.541110,0
2019-01-02 17:01:00,1.541100,1.541180,1.540560,1.540570,0
2019-01-02 17:02:00,1.540560,1.541030,1.540560,1.540890,0
2019-01-02 17:03:00,1.540890,1.540920,1.540700,1.540700,0
2019-01-02 17:04:00,1.540690,1.541020,1.540690,1.540940,0
2019-01-02 17:05:00,1.540930,1.541100,1.540790,1.540820,0
2019-01-02 17:06:00,1.540830,1.540970,1.540780,1.540940,0
2019-01-02 17:07:00,1.540940,1.541000,1.540930,1.540940,0
2019-01-02 17:08:00,1.540920,1.541120,1.540870,1.541070,0
2019-01-02 17:09:00,1.541060,1.541060,1.540920,1.540940,0
2019-01-02 17:10:00,1.540930,1.540960,1.540370,1.540390,0
2019-01-02 17:11:00,1.540380,1.540890,1.540370,1.540890,0
2019-01-02 17:12:00,1.540890,1.541240,1.540890,1.541040,0
2019-01-02 17:13:00,1.541020,1.541240,1.540810,1.540830,0
2019-01-02 17:14:00,1.540830,1.541040,1.540790,1.540940,0
2019-01-02 17:15:00,1.540940,1.541170,1.540820,1.540910,0
2019-01-02 17:16:00,1.540910,1.541220,1.540870,1.541040,0
2019-01-02 17:17:00,1.541050,1.541150,1.541020,1.541150,0
2019-01-02 17:18:00,1.541170,1.541330,1.541080,1.541330,0
2019-01-02 17:19:00,1.541310,1.541330,1.541170,1.541180,0
2019-01-02 17:20:00,1.541180,1.541220,1.541160,1.541170,0
2019-01-02 17:21:00,1.541170,1.541260,1.541070,1.541090,0
2019-01-02 17:22:00,1.541100,1.541260,1.540980,1.541260,0
2019-01-02 17:23:00,1.541260,1.541630,1.541260,1.541630,0
2019-01-02 17:24:00,1.541630,1.541640,1.539560,1.539890,0
2019-01-02 17:25:00,1.539880,1.540600,1.539850,1.540300,0
2019-01-02 17:26:00,1.540320,1.540940,1.540320,1.540820,0
2019-01-02 17:27:00,1.540820,1.541320,1.540810,1.541320,0
2019-01-02 17:28:00,1.541250,1.541250,1.540170,1.540220,0
2019-01-02 17:29:00,1.540130,1.541010,1.540130,1.540480,0
2019-01-02 17:30:00,1.540480,1.541300,1.540480,1.540730,0
2019-01-02 17:31:00,1.540730,1.541000,1.540450,1.540520,0
2019-01-02 17:32:00,1.540530,1.540600,1.540380,1.540410,0
2019-01-02 17:33:00,1.540410,1.540650,1.540310,1.540310,0
2019-01-02 17:34:00,1.540330,1.540570,1.539550,1.539600,0
2019-01-02 17:35:00,1.539600,1.540650,1.539550,1.540560,0
2019-01-02 17:36:00,1.540570,1.542720,1.540370,1.541540,0
2019-01-02 17:37:00,1.541410,1.543020,1.541410,1.542220,0
2019-01-02 17:38:00,1.540280,1.541200,1.538930,1.539390,0
2019-01-02 17:39:00,1.539290,1.541170,1.538930,1.541100,0
2019-01-02 17:40:00,1.541100,1.544110,1.540010,1.543350,0
2019-01-02 17:41:00,1.543200,1.544010,1.542610,1.542950,0
2019-01-02 17:42:00,1.542980,1.544030,1.542440,1.544030,0
2019-01-02 17:43:00,1.543730,1.545620,1.543200,1.544430,0
2019-01-02 17:44:00,1.544400,1.544400,1.542680,1.542950,0
2019-01-02 17:46:00,1.541820,1.544570,1.541820,1.544560,0
2019-01-02 17:47:00,1.541430,1.544190,1.541380,1.543660,0
2019-01-02 17:48:00,1.544000,1.544070,1.543270,1.543900,0
2019-01-02 17:49:00,1.542650,1.543090,1.541900,1.543090,0
2019-01-02 17:51:00,1.541280,1.543860,1.540380,1.543860,0
2019-01-02 17:52:00,1.543790,1.543810,1.543790,1.543810,0
2019-01-02 17:54:00,1.544850,1.545290,1.544770,1.545200,0
2019-01-02 17:55:00,1.545520,1.547880,1.544450,1.546830,0
2019-01-02 17:56:00,1.546810,1.547630,1.542220,1.546490,0
2019-01-02 17:57:00,1.546570,1.547100,1.544360,1.544420,0
2019-01-02 17:58:00,1.545170,1.546410,1.544100,1.546220,0
2019-01-02 17:59:00,1.546220,1.547690,1.543570,1.545140,0
2019-01-02 18:00:00,1.545670,1.547030,1.544300,1.545800,0
2019-01-02 18:01:00,1.545800,1.546030,1.544310,1.545730,0
2019-01-02 18:02:00,1.545830,1.546230,1.545360,1.545840,0
2019-01-02 18:03:00,1.545840,1.546160,1.544880,1.545920,0
2019-01-02 18:04:00,1.545920,1.546120,1.544250,1.545200,0
2019-01-02 18:05:00,1.545200,1.545600,1.544250,1.545430,0
2019-01-02 18:06:00,1.545360,1.546790,1.544590,1.545640,0
2019-01-02 18:07:00,1.545830,1.546720,1.545520,1.545520,0
2019-01-02 18:08:00,1.545520,1.546450,1.545390,1.546140,0
2019-01-02 18:09:00,1.546160,1.546600,1.545840,1.545840,0
2019-01-02 18:10:00,1.545860,1.546160,1.545590,1.546050,0
2019-01-02 18:11:00,1.546040,1.546070,1.545480,1.545950,0
2019-01-02 18:12:00,1.545940,1.546220,1.545860,1.546020,0
2019-01-02 18:13:00,1.545970,1.546040,1.545750,1.545930,0
2019-01-02 18:14:00,1.545930,1.546310,1.545910,1.546170,0
2019-01-02 18:15:00,1.546160,1.546840,1.546160,1.546730,0
2019-01-02 18:16:00,1.546880,1.547100,1.546600,1.546890,0
2019-01-02 18:17:00,1.546890,1.547540,1.545680,1.546190,0
2019-01-02 18:18:00,1.545990,1.546470,1.545990,1.546170,0
2019-01-02 18:19:00,1.546150,1.547200,1.546110,1.546510,0
2019-01-02 18:20:00,1.546510,1.546760,1.546080,1.546270,0
2019-01-02 18:21:00,1.546400,1.546810,1.546400,1.546660,0
2019-01-02 18:22:00,1.546660,1.547090,1.546540,1.547090,0
2019-01-02 18:23:00,1.547090,1.547630,1.546980,1.547560,0
2019-01-02 18:24:00,1.547560,1.548290,1.547450,1.547920,0
2019-01-02 18:25:00,1.547880,1.548140,1.547790,1.548000,0
2019-01-02 18:26:00,1.547970,1.548440,1.547970,1.548140,0
2019-01-02 18:27:00,1.548120,1.548300,1.547580,1.548110,0
2019-01-02 18:28:00,1.548300,1.548460,1.547820,1.548040,0
2019-01-02 18:29:00,1.548040,1.548090,1.547280,1.547290,0
2019-01-02 18:30:00,1.547300,1.547840,1.547280,1.547390,0
2019-01-02 18:31:00,1.547410,1.547640,1.547160,1.547470,0
2019-01-02 18:32:00,1.547440,1.547650,1.547270,1.547650,0
2019-01-02 18:33:00,1.547670,1.547830,1.547460,1.547820,0
2019-01-02 18:34:00,1.547810,1.547920,1.547650,1.547870,0
2019-01-02 18:35:00,1.547880,1.547900,1.547590,1.547610,0
2019-01-02 18:36:00,1.547600,1.547620,1.547540,1.547580,0
2019-01-02 18:37:00,1.547580,1.547620,1.547270,1.547270,0
2019-01-02 18:38:00,1.547270,1.547350,1.546780,1.546920,0
2019-01-02 18:39:00,1.546960,1.546960,1.546240,1.546350,0
2019-01-02 18:40:00,1.546350,1.546540,1.546270,1.546370,0
2019-01-02 18:41:00,1.546390,1.546640,1.546230,1.546350,0
2019-01-02 18:42:00,1.546350,1.546530,1.546180,1.546280,0
2019-01-02 18:43:00,1.546260,1.546280,1.545660,1.545990,0
2019-01-02 18:44:00,1.545940,1.545960,1.545790,1.545930,0
2019-01-02 18:45:00,1.545920,1.545950,1.545650,1.545720,0
2019-01-02 18:46:00,1.545720,1.546000,1.545440,1.545540,0
2019-01-02 18:47:00,1.545540,1.545580,1.545150,1.545180,0
2019-01-02 18:48:00,1.545210,1.545210,1.544310,1.544420,0
2019-01-02 18:49:00,1.544420,1.544690,1.544160,1.544320,0
2019-01-02 18:50:00,1.544320,1.544770,1.544280,1.544570,0
2019-01-02 18:51:00,1.544570,1.544570,1.543260,1.543280,0
2019-01-02 18:52:00,1.543280,1.543370,1.541300,1.542270,0
2019-01-02 18:53:00,1.542270,1.542270,1.541390,1.542160,0
2019-01-02 18:54:00,1.542120,1.542380,1.541930,1.541970,0
2019-01-02 18:55:00,1.541980,1.542090,1.541700,1.541890,0
2019-01-02 18:56:00,1.541850,1.543290,1.541800,1.543290,0
2019-01-02 18:57:00,1.543290,1.543290,1.542730,1.542880,0
2019-01-02 18:58:00,1.542850,1.542950,1.542220,1.542310,0
2019-01-02 18:59:00,1.542320,1.542650,1.541640,1.541830,0
2019-01-02 19:00:00,1.541830,1.542390,1.541470,1.542240,0
2019-01-02 19:01:00,1.542290,1.543150,1.542150,1.543080,0
2019-01-02 19:02:00,1.543080,1.544240,1.543070,1.544100,0
2019-01-02 19:03:00,1.544110,1.544660,1.544110,1.544200,0
2019-01-02 19:04:00,1.544190,1.544190,1.543230,1.543610,0
2019-01-02 19:05:00,1.543630,1.544040,1.543450,1.543880,0
2019-01-02 19:06:00,1.543880,1.544270,1.543860,1.544220,0
2019-01-02 19:07:00,1.544270,1.544330,1.543910,1.543980,0
2019-01-02 19:08:00,1.544010,1.544200,1.543900,1.543900,0
2019-01-02 19:09:00,1.543870,1.544060,1.543860,1.544020,0
2019-01-02 19:10:00,1.544020,1.544070,1.543780,1.543810,0
2019-01-02 19:11:00,1.543820,1.543890,1.543780,1.543830,0
2019-01-02 19:12:00,1.543870,1.543930,1.543700,1.543830,0
2019-01-02 19:13:00,1.543840,1.544280,1.543700,1.544280,0
2019-01-02 19:14:00,1.544270,1.544600,1.544270,1.544510,0
2019-01-02 19:15:00,1.544520,1.545020,1.544460,1.544550,0
2019-01-02 19:16:00,1.544610,1.544770,1.544550,1.544770,0
2019-01-02 19:17:00,1.544760,1.544780,1.544550,1.544700,0
2019-01-02 19:18:00,1.544690,1.544700,1.544510,1.544540,0
2019-01-02 19:19:00,1.544550,1.544630,1.544260,1.544280,0
2019-01-02 19:20:00,1.544290,1.544520,1.544270,1.544500,0
2019-01-02 19:21:00,1.544510,1.544510,1.544190,1.544250,0
2019-01-02 19:22:00,1.544260,1.544430,1.544190,1.544350,0
2019-01-02 19:23:00,1.544350,1.544410,1.544310,1.544410,0
2019-01-02 19:24:00,1.544400,1.544770,1.544390,1.544750,0
2019-01-02 19:25:00,1.544750,1.545100,1.544660,1.545050,0
2019-01-02 19:26:00,1.545060,1.545100,1.544590,1.544600,0
2019-01-02 19:27:00,1.544600,1.545130,1.544340,1.544900,0
2019-01-02 19:28:00,1.544900,1.545300,1.544820,1.544970,0
2019-01-02 19:29:00,1.544970,1.545170,1.544970,1.545160,0
2019-01-02 19:30:00,1.545160,1.545170,1.544660,1.545000,0
2019-01-02 19:31:00,1.545000,1.545000,1.544870,1.544900,0
2019-01-02 19:32:00,1.544900,1.545430,1.544900,1.545370,0
2019-01-02 19:33:00,1.545370,1.545680,1.545370,1.545650,0
2019-01-02 19:34:00,1.545630,1.545630,1.545500,1.545550,0
2019-01-02 19:35:00,1.545550,1.545580,1.545430,1.545540,0
2019-01-02 19:36:00,1.545540,1.545620,1.545380,1.545570,0
2019-01-02 19:37:00,1.545560,1.545640,1.545360,1.545360,0
2019-01-02 19:38:00,1.545350,1.545380,1.545220,1.545380,0
2019-01-02 19:39:00,1.545360,1.545390,1.545050,1.545330,0
2019-01-02 19:40:00,1.545330,1.545390,1.545120,1.545230,0
2019-01-02 19:41:00,1.545220,1.545420,1.545210,1.545260,0
2019-01-02 19:42:00,1.545280,1.545450,1.545280,1.545420,0
2019-01-02 19:43:00,1.545410,1.545410,1.545150,1.545260,0
2019-01-02 19:44:00,1.545250,1.545410,1.545100,1.545110,0
2019-01-02 19:45:00,1.545110,1.545390,1.545070,1.545390,0
2019-01-02 19:46:00,1.545390,1.545660,1.545380,1.545650,0
2019-01-02 19:47:00,1.545630,1.546140,1.545630,1.546010,0
2019-01-02 19:48:00,1.546020,1.546050,1.545850,1.545960,0
2019-01-02 19:49:00,1.545950,1.545990,1.545680,1.545980,0
2019-01-02 19:50:00,1.545980,1.546060,1.545850,1.546030,0
2019-01-02 19:51:00,1.546030,1.546090,1.545790,1.546080,0
2019-01-02 19:52:00,1.546080,1.546340,1.546080,1.546220,0
2019-01-02 19:53:00,1.546230,1.546260,1.546070,1.546080,0
2019-01-02 19:54:00,1.546080,1.546120,1.546050,1.546120,0
2019-01-02 19:55:00,1.546120,1.546240,1.546020,1.546080,0
2019-01-02 19:56:00,1.546080,1.546230,1.546070,1.546200,0
2019-01-02 19:57:00,1.546200,1.546220,1.546070,1.546080,0
2019-01-02 19:58:00,1.546080,1.546080,1.545610,1.545650,0
2019-01-02 19:59:00,1.545650,1.545720,1.545470,1.545670,0
2019-01-02 20:00:00,1.545660,1.545780,1.545570,1.545760,0
2019-01-02 20:01:00,1.545760,1.546150,1.545760,1.546040,0
2019-01-02 20:02:00,1.546040,1.546120,1.545810,1.546090,0
2019-01-02 20:03:00,1.546020,1.546050,1.545560,1.545610,0
2019-01-02 20:04:00,1.545610,1.545810,1.545590,1.545800,0
2019-01-02 20:05:00,1.545790,1.545980,1.545750,1.545920,0
2019-01-02 20:06:00,1.545920,1.546140,1.545900,1.546040,0
2019-01-02 20:07:00,1.546020,1.546160,1.546000,1.546140,0
2019-01-02 20:08:00,1.546140,1.546160,1.545960,1.545980,0
2019-01-02 20:09:00,1.546000,1.546040,1.545660,1.545670,0
2019-01-02 20:10:00,1.545660,1.546100,1.545630,1.545860,0
2019-01-02 20:11:00,1.545860,1.545920,1.545790,1.545860,0
2019-01-02 20:12:00,1.545860,1.546120,1.545800,1.546080,0
2019-01-02 20:13:00,1.546020,1.546120,1.545910,1.545990,0
2019-01-02 20:14:00,1.545990,1.545990,1.545920,1.545980,0
2019-01-02 20:15:00,1.546030,1.546260,1.545920,1.546240,0
2019-01-02 20:16:00,1.546250,1.546260,1.545970,1.546160,0
2019-01-02 20:17:00,1.546150,1.546170,1.545920,1.545970,0
2019-01-02 20:18:00,1.545990,1.546350,1.545790,1.546330,0
2019-01-02 20:19:00,1.546330,1.546500,1.546300,1.546450,0
2019-01-02 20:20:00,1.546450,1.546480,1.545820,1.545830,0
2019-01-02 20:21:00,1.545820,1.546000,1.545800,1.545970,0
2019-01-02 20:22:00,1.545970,1.546020,1.545930,1.545940,0
2019-01-02 20:23:00,1.545940,1.546110,1.545760,1.546110,0
2019-01-02 20:24:00,1.546120,1.546750,1.546030,1.546630,0
2019-01-02 20:25:00,1.546650,1.546670,1.546460,1.546490,0
2019-01-02 20:26:00,1.546430,1.546500,1.546330,1.546410,0
2019-01-02 20:27:00,1.546410,1.546490,1.546210,1.546330,0
2019-01-02 20:28:00,1.546330,1.546390,1.546260,1.546380,0
2019-01-02 20:29:00,1.546380,1.546600,1.546320,1.546580,0
2019-01-02 20:30:00,1.546580,1.546610,1.546490,1.546580,0
2019-01-02 20:31:00,1.546570,1.547010,1.546570,1.546930,0
2019-01-02 20:32:00,1.546890,1.546900,1.546500,1.546560,0
2019-01-02 20:33:00,1.546560,1.546910,1.546560,1.546910,0
2019-01-02 20:34:00,1.546910,1.547040,1.546880,1.547000,0
2019-01-02 20:35:00,1.547000,1.547070,1.546890,1.546900,0
2019-01-02 20:36:00,1.546900,1.547150,1.546810,1.547080,0
2019-01-02 20:37:00,1.547080,1.547190,1.546780,1.547090,0
2019-01-02 20:38:00,1.547090,1.547110,1.546940,1.546950,0
2019-01-02 20:39:00,1.546950,1.546960,1.546580,1.546600,0
2019-01-02 20:40:00,1.546600,1.546660,1.546420,1.546440,0
2019-01-02 20:41:00,1.546440,1.546440,1.546080,1.546200,0
2019-01-02 20:42:00,1.546200,1.546690,1.546070,1.546450,0
2019-01-02 20:43:00,1.546450,1.546690,1.546440,1.546580,0
2019-01-02 20:44:00,1.546550,1.546620,1.546470,1.546530,0
2019-01-02 20:45:00,1.546550,1.546790,1.546520,1.546610,0
2019-01-02 20:46:00,1.546610,1.546610,1.546510,1.546550,0
2019-01-02 20:47:00,1.546550,1.546730,1.546280,1.546280,0
2019-01-02 20:48:00,1.546310,1.546420,1.546080,1.546170,0
2019-01-02 20:49:00,1.546170,1.546240,1.546130,1.546210,0
2019-01-02 20:50:00,1.546210,1.546210,1.545870,1.545910,0
2019-01-02 20:51:00,1.545900,1.545900,1.545800,1.545850,0
2019-01-02 20:52:00,1.545850,1.545900,1.545670,1.545900,0
2019-01-02 20:53:00,1.545900,1.546180,1.545830,1.545920,0
2019-01-02 20:54:00,1.545920,1.546100,1.545840,1.545940,0
2019-01-02 20:55:00,1.545940,1.545940,1.545730,1.545730,0
2019-01-02 20:56:00,1.545730,1.545860,1.545500,1.545580,0
2019-01-02 20:57:00,1.545580,1.545640,1.545430,1.545530,0
2019-01-02 20:58:00,1.545540,1.545560,1.545460,1.545470,0
2019-01-02 20:59:00,1.545470,1.545570,1.545470,1.545530,0
2019-01-02 21:00:00,1.545530,1.545830,1.545470,1.545810,0
2019-01-02 21:01:00,1.545810,1.545900,1.545810,1.545900,0
2019-01-02 21:02:00,1.545910,1.546050,1.545910,1.546000,0
2019-01-02 21:03:00,1.546000,1.546040,1.545920,1.545970,0
2019-01-02 21:04:00,1.545960,1.546090,1.545960,1.546050,0
2019-01-02 21:05:00,1.546050,1.546160,1.545930,1.546070,0
2019-01-02 21:06:00,1.546060,1.546080,1.545830,1.545920,0
2019-01-02 21:07:00,1.545920,1.546200,1.545920,1.546080,0
2019-01-02 21:08:00,1.546080,1.546390,1.546050,1.546220,0
2019-01-02 21:09:00,1.546220,1.546260,1.546140,1.546210,0
2019-01-02 21:10:00,1.546210,1.546310,1.546170,1.546310,0
2019-01-02 21:11:00,1.546310,1.546520,1.546180,1.546500,0
2019-01-02 21:12:00,1.546500,1.546540,1.546370,1.546510,0
2019-01-02 21:13:00,1.546490,1.546490,1.546380,1.546480,0
2019-01-02 21:14:00,1.546480,1.546590,1.546420,1.546580,0
2019-01-02 21:15:00,1.546560,1.546560,1.546340,1.546380,0
2019-01-02 21:16:00,1.546370,1.546380,1.546350,1.546370,0
2019-01-02 21:17:00,1.546370,1.546470,1.546320,1.546470,0
2019-01-02 21:18:00,1.546470,1.546660,1.546470,1.546620,0
2019-01-02 21:19:00,1.546620,1.546780,1.546510,1.546780,0
2019-01-02 21:20:00,1.546780,1.547230,1.546640,1.547230,0
2019-01-02 21:21:00,1.547240,1.547260,1.547100,1.547100,0
2019-01-02 21:22:00,1.547100,1.547180,1.547100,1.547180,0
2019-01-02 21:23:00,1.547180,1.547240,1.546970,1.547200,0
2019-01-02 21:24:00,1.547200,1.547500,1.547160,1.547480,0
2019-01-02 21:25:00,1.547480,1.547540,1.547360,1.547480,0
2019-01-02 21:26:00,1.547480,1.547690,1.547450,1.547610,0
2019-01-02 21:27:00,1.547630,1.547730,1.547590,1.547630,0
2019-01-02 21:28:00,1.547610,1.547660,1.547420,1.547620,0
2019-01-02 21:29:00,1.547620,1.547700,1.547570,1.547640,0
2019-01-02 21:30:00,1.547620,1.547630,1.547360,1.547570,0
2019-01-02 21:31:00,1.547570,1.547630,1.547380,1.547480,0
2019-01-02 21:32:00,1.547480,1.547540,1.547300,1.547430,0
2019-01-02 21:33:00,1.547420,1.547450,1.547280,1.547450,0
2019-01-02 21:34:00,1.547470,1.547680,1.547460,1.547560,0
2019-01-02 21:35:00,1.547560,1.547830,1.547540,1.547780,0
2019-01-02 21:36:00,1.547780,1.548000,1.547740,1.547950,0
2019-01-02 21:37:00,1.547960,1.548000,1.547780,1.547810,0
2019-01-02 21:38:00,1.547810,1.547850,1.547620,1.547780,0
2019-01-02 21:39:00,1.547770,1.547860,1.547730,1.547780,0
2019-01-02 21:40:00,1.547780,1.547860,1.547690,1.547740,0
2019-01-02 21:41:00,1.547720,1.547720,1.547480,1.547570,0
2019-01-02 21:42:00,1.547570,1.547670,1.547420,1.547590,0
2019-01-02 21:43:00,1.547580,1.547720,1.547530,1.547690,0
2019-01-02 21:44:00,1.547790,1.547830,1.547710,1.547710,0
2019-01-02 21:45:00,1.547710,1.547850,1.547620,1.547840,0
2019-01-02 21:46:00,1.547820,1.547900,1.547680,1.547900,0
2019-01-02 21:47:00,1.547800,1.548130,1.547700,1.548130,0
2019-01-02 21:48:00,1.548130,1.548180,1.547940,1.548160,0
2019-01-02 21:49:00,1.548160,1.548160,1.548020,1.548120,0
2019-01-02 21:50:00,1.548140,1.548250,1.548130,1.548210,0
2019-01-02 21:51:00,1.548230,1.548250,1.548120,1.548240,0
2019-01-02 21:52:00,1.548240,1.548330,1.548180,1.548330,0
2019-01-02 21:53:00,1.548360,1.548410,1.548160,1.548170,0
2019-01-02 21:54:00,1.548170,1.548520,1.548110,1.548370,0
2019-01-02 21:55:00,1.548360,1.548480,1.548280,1.548290,0
2019-01-02 21:56:00,1.548280,1.548390,1.548200,1.548360,0
2019-01-02 21:57:00,1.548380,1.548410,1.548260,1.548390,0
2019-01-02 21:58:00,1.548370,1.548440,1.548250,1.548330,0
2019-01-02 21:59:00,1.548320,1.548500,1.548320,1.548410,0
2019-01-02 22:00:00,1.548400,1.548410,1.548180,1.548230,0
2019-01-02 22:01:00,1.548220,1.548260,1.548140,1.548200,0
2019-01-02 22:02:00,1.548200,1.548290,1.548030,1.548080,0
2019-01-02 22:03:00,1.548080,1.548090,1.547930,1.547980,0
2019-01-02 22:04:00,1.547980,1.548170,1.547910,1.548130,0
2019-01-02 22:05:00,1.548130,1.548200,1.548120,1.548150,0
2019-01-02 22:06:00,1.548120,1.548370,1.548110,1.548280,0
2019-01-02 22:07:00,1.548270,1.548330,1.548250,1.548310,0
2019-01-02 22:08:00,1.548310,1.548470,1.548290,1.548470,0
2019-01-02 22:09:00,1.548480,1.548600,1.548460,1.548550,0
2019-01-02 22:10:00,1.548530,1.548700,1.548530,1.548700,0
2019-01-02 22:11:00,1.548690,1.548760,1.548580,1.548750,0
2019-01-02 22:12:00,1.548760,1.548760,1.548660,1.548730,0
2019-01-02 22:13:00,1.548730,1.548910,1.548730,1.548900,0
2019-01-02 22:14:00,1.548920,1.548970,1.548810,1.548880,0
2019-01-02 22:15:00,1.548880,1.548900,1.548820,1.548870,0
2019-01-02 22:16:00,1.548850,1.548990,1.548850,1.548920,0
2019-01-02 22:17:00,1.548900,1.549220,1.548870,1.549060,0
2019-01-02 22:18:00,1.549070,1.549190,1.549030,1.549140,0
2019-01-02 22:19:00,1.549150,1.549190,1.548990,1.549190,0
2019-01-02 22:20:00,1.549190,1.549190,1.549100,1.549130,0
2019-01-02 22:21:00,1.549120,1.549190,1.549120,1.549130,0
2019-01-02 22:22:00,1.549130,1.549190,1.549130,1.549150,0
2019-01-02 22:23:00,1.549140,1.549320,1.549110,1.549300,0
2019-01-02 22:24:00,1.549300,1.549430,1.549150,1.549360,0
2019-01-02 22:25:00,1.549350,1.549610,1.549340,1.549560,0
2019-01-02 22:26:00,1.549550,1.549770,1.549530,1.549630,0
2019-01-02 22:27:00,1.549630,1.549860,1.549630,1.549760,0
2019-01-02 22:28:00,1.549750,1.550040,1.549650,1.549870,0
2019-01-02 22:29:00,1.549870,1.549880,1.549740,1.549880,0
2019-01-02 22:30:00,1.549870,1.550010,1.549770,1.549990,0
2019-01-02 22:31:00,1.549970,1.549970,1.549690,1.549840,0
2019-01-02 22:32:00,1.549820,1.549960,1.549750,1.549960,0
2019-01-02 22:33:00,1.549950,1.550020,1.549800,1.549860,0
2019-01-02 22:34:00,1.549820,1.549930,1.549760,1.549900,0
2019-01-02 22:35:00,1.549900,1.549900,1.549780,1.549830,0
2019-01-02 22:36:00,1.549820,1.549870,1.549720,1.549780,0
2019-01-02 22:37:00,1.549780,1.549920,1.549770,1.549890,0
2019-01-02 22:38:00,1.549890,1.549970,1.549840,1.549950,0
2019-01-02 22:39:00,1.549930,1.550120,1.549890,1.550110,0
2019-01-02 22:40:00,1.550110,1.550110,1.550010,1.550010,0
2019-01-02 22:41:00,1.550020,1.550090,1.550020,1.550080,0
2019-01-02 22:42:00,1.550070,1.550120,1.549990,1.550040,0
2019-01-02 22:43:00,1.550030,1.550110,1.550010,1.550100,0
2019-01-02 22:44:00,1.550070,1.550070,1.549800,1.549860,0
2019-01-02 22:45:00,1.549860,1.549920,1.549620,1.549620,0
2019-01-02 22:46:00,1.549620,1.549620,1.549470,1.549570,0
2019-01-02 22:47:00,1.549570,1.549600,1.549510,1.549580,0
2019-01-02 22:48:00,1.549580,1.549580,1.549440,1.549440,0
2019-01-02 22:49:00,1.549450,1.549530,1.549420,1.549460,0
2019-01-02 22:50:00,1.549460,1.549460,1.549400,1.549410,0
2019-01-02 22:51:00,1.549420,1.549420,1.549310,1.549380,0
2019-01-02 22:52:00,1.549350,1.549380,1.549250,1.549250,0
2019-01-02 22:53:00,1.549250,1.549340,1.549140,1.549240,0
2019-01-02 22:54:00,1.549250,1.549250,1.549120,1.549170,0
2019-01-02 22:55:00,1.549150,1.549290,1.549140,1.549290,0
2019-01-02 22:56:00,1.549290,1.549330,1.549200,1.549240,0
2019-01-02 22:57:00,1.549250,1.549350,1.549250,1.549310,0
2019-01-02 22:58:00,1.549290,1.549320,1.549220,1.549250,0
2019-01-02 22:59:00,1.549250,1.549380,1.549230,1.549300,0
2019-01-02 23:00:00,1.549290,1.549300,1.549120,1.549120,0
2019-01-02 23:01:00,1.549140,1.549240,1.549140,1.549240,0
2019-01-02 23:02:00,1.549280,1.549300,1.549190,1.549250,0
2019-01-02 23:03:00,1.549270,1.549270,1.549140,1.549200,0
2019-01-02 23:04:00,1.549210,1.549270,1.549120,1.549260,0
2019-01-02 23:05:00,1.549250,1.549300,1.549070,1.549070,0
2019-01-02 23:06:00,1.549070,1.549490,1.549070,1.549490,0
2019-01-02 23:07:00,1.549490,1.549600,1.549360,1.549560,0
2019-01-02 23:08:00,1.549570,1.549580,1.549430,1.549460,0
2019-01-02 23:09:00,1.549470,1.549570,1.549460,1.549550,0
2019-01-02 23:10:00,1.549550,1.549610,1.549490,1.549500,0
2019-01-02 23:11:00,1.549470,1.549620,1.549300,1.549460,0
2019-01-02 23:12:00,1.549470,1.549650,1.549390,1.549600,0
2019-01-02 23:13:00,1.549610,1.549630,1.549500,1.549530,0
2019-01-02 23:14:00,1.549530,1.549640,1.549510,1.549640,0
2019-01-02 23:15:00,1.549640,1.549730,1.549620,1.549650,0
2019-01-02 23:16:00,1.549650,1.549710,1.549610,1.549650,0
2019-01-02 23:17:00,1.549640,1.549730,1.549530,1.549640,0
2019-01-02 23:18:00,1.549630,1.549710,1.549630,1.549690,0
2019-01-02 23:19:00,1.549690,1.549720,1.549640,1.549720,0
2019-01-02 23:20:00,1.549710,1.549710,1.549660,1.549690,0
2019-01-02 23:21:00,1.549670,1.549720,1.549620,1.549660,0
2019-01-02 23:22:00,1.549680,1.549680,1.549620,1.549620,0
2019-01-02 23:23:00,1.549620,1.549620,1.549550,1.549550,0
2019-01-02 23:24:00,1.549570,1.549630,1.549550,1.549550,0
2019-01-02 23:25:00,1.549660,1.549710,1.549650,1.549710,0
2019-01-02 23:26:00,1.549710,1.549790,1.549660,1.549780,0
2019-01-02 23:27:00,1.549770,1.549820,1.549750,1.549760,0
2019-01-02 23:28:00,1.549750,1.549770,1.549740,1.549750,0
2019-01-02 23:29:00,1.549720,1.549730,1.549540,1.549640,0
2019-01-02 23:30:00,1.549640,1.549700,1.549580,1.549690,0
2019-01-02 23:31:00,1.549680,1.549730,1.549650,1.549660,0
2019-01-02 23:32:00,1.549670,1.549710,1.549640,1.549640,0
2019-01-02 23:33:00,1.549650,1.549730,1.549650,1.549660,0
2019-01-02 23:34:00,1.549650,1.549730,1.549650,1.549700,0
2019-01-02 23:35:00,1.549710,1.549710,1.549630,1.549640,0
2019-01-02 23:36:00,1.549640,1.549700,1.549540,1.549690,0
2019-01-02 23:37:00,1.549680,1.549700,1.549640,1.549700,0
2019-01-02 23:38:00,1.549700,1.549730,1.549550,1.549560,0
2019-01-02 23:39:00,1.549560,1.549740,1.549560,1.549740,0
2019-01-02 23:40:00,1.549760,1.549820,1.549610,1.549610,0
2019-01-02 23:41:00,1.549610,1.549660,1.549540,1.549660,0
2019-01-02 23:42:00,1.549660,1.549750,1.549610,1.549610,0
2019-01-02 23:43:00,1.549610,1.549610,1.549530,1.549610,0
2019-01-02 23:44:00,1.549610,1.549610,1.549580,1.549580,0
2019-01-02 23:45:00,1.549580,1.549680,1.549570,1.549630,0
2019-01-02 23:46:00,1.549630,1.549710,1.549580,1.549620,0
2019-01-02 23:47:00,1.549610,1.549690,1.549600,1.549690,0
2019-01-02 23:48:00,1.549640,1.549860,1.549640,1.549860,0
2019-01-02 23:49:00,1.549870,1.550000,1.549650,1.549650,0
2019-01-02 23:50:00,1.549640,1.549810,1.549580,1.549600,0
2019-01-02 23:51:00,1.549600,1.549620,1.549540,1.549540,0
2019-01-02 23:52:00,1.549540,1.549620,1.549540,1.549540,0
2019-01-02 23:53:00,1.549570,1.549570,1.549500,1.549530,0
2019-01-02 23:54:00,1.549550,1.549690,1.549490,1.549500,0
2019-01-02 23:55:00,1.549500,1.549660,1.549470,1.549660,0
2019-01-02 23:56:00,1.549640,1.549680,1.549640,1.549670,0
2019-01-02 23:57:00,1.549670,1.549710,1.549630,1.549650,0
2019-01-02 23:58:00,1.549650,1.549660,1.549570,1.549590,0
2019-01-02 23:59:00,1.549610,1.549800,1.549560,1.549790,0
2019-01-03 00:00:00,1.549790,1.549960,1.549640,1.549900,0
2019-01-03 00:01:00,1.549910,1.550100,1.549910,1.550070,0
2019-01-03 00:02:00,1.550070,1.550090,1.549940,1.550000,0
2019-01-03 00:03:00,1.550000,1.550070,1.549930,1.549930,0
2019-01-03 00:04:00,1.549930,1.550150,1.549930,1.550050,0
2019-01-03 00:05:00,1.550050,1.550140,1.550030,1.550100,0
2019-01-03 00:06:00,1.550100,1.550140,1.550080,1.550090,0
2019-01-03 00:07:00,1.550110,1.550120,1.549910,1.549930,0
2019-01-03 00:08:00,1.549930,1.549960,1.549890,1.549940,0
2019-01-03 00:09:00,1.549940,1.550040,1.549900,1.549990,0
2019-01-03 00:10:00,1.549990,1.549990,1.549890,1.549990,0
2019-01-03 00:11:00,1.549990,1.550060,1.549960,1.550060,0
2019-01-03 00:12:00,1.550060,1.550100,1.549960,1.550010,0
2019-01-03 00:13:00,1.550010,1.550020,1.549960,1.550000,0
2019-01-03 00:14:00,1.550000,1.550070,1.549960,1.550060,0
2019-01-03 00:15:00,1.550060,1.550100,1.550010,1.550080,0
2019-01-03 00:16:00,1.550080,1.550210,1.550080,1.550210,0
2019-01-03 00:17:00,1.550220,1.550450,1.550120,1.550350,0
2019-01-03 00:18:00,1.550350,1.550400,1.550210,1.550370,0
2019-01-03 00:19:00,1.550370,1.550500,1.550330,1.550360,0
2019-01-03 00:20:00,1.550360,1.550560,1.550350,1.550540,0
2019-01-03 00:21:00,1.550540,1.550640,1.550500,1.550530,0
2019-01-03 00:22:00,1.550540,1.550540,1.550340,1.550510,0
2019-01-03 00:23:00,1.550510,1.550510,1.550360,1.550440,0
2019-01-03 00:24:00,1.550380,1.550390,1.550220,1.550240,0
2019-01-03 00:25:00,1.550240,1.550350,1.550180,1.550260,0
2019-01-03 00:26:00,1.550240,1.550370,1.550220,1.550310,0
2019-01-03 00:27:00,1.550320,1.550350,1.550110,1.550240,0
2019-01-03 00:28:00,1.550210,1.550360,1.550070,1.550130,0
2019-01-03 00:29:00,1.550120,1.550140,1.550020,1.550040,0
2019-01-03 00:30:00,1.550040,1.550040,1.549840,1.549880,0
2019-01-03 00:31:00,1.549870,1.549960,1.549750,1.549940,0
2019-01-03 00:32:00,1.549940,1.550010,1.549600,1.549620,0
2019-01-03 00:33:00,1.549620,1.549900,1.549620,1.549830,0
2019-01-03 00:34:00,1.549830,1.550090,1.549830,1.550090,0
2019-01-03 00:35:00,1.550090,1.550090,1.549920,1.549970,0
2019-01-03 00:36:00,1.549970,1.549970,1.549860,1.549920,0
2019-01-03 00:37:00,1.549920,1.550090,1.549850,1.550060,0
2019-01-03 00:38:00,1.550070,1.550070,1.549790,1.549790,0
2019-01-03 00:39:00,1.549790,1.549890,1.549740,1.549770,0
2019-01-03 00:40:00,1.549760,1.549870,1.549680,1.549860,0
2019-01-03 00:41:00,1.549850,1.549850,1.549600,1.549610,0
2019-01-03 00:42:00,1.549580,1.549590,1.549450,1.549580,0
2019-01-03 00:43:00,1.549580,1.549580,1.549400,1.549460,0
2019-01-03 00:44:00,1.549470,1.549530,1.549410,1.549520,0
2019-01-03 00:45:00,1.549520,1.549550,1.549200,1.549200,0
2019-01-03 00:46:00,1.549200,1.549480,1.549200,1.549430,0
2019-01-03 00:47:00,1.549400,1.549540,1.549380,1.549510,0
2019-01-03 00:48:00,1.549510,1.549550,1.549260,1.549300,0
2019-01-03 00:49:00,1.549290,1.549360,1.549190,1.549210,0
2019-01-03 00:50:00,1.549260,1.549270,1.549200,1.549250,0
2019-01-03 00:51:00,1.549250,1.549350,1.549240,1.549320,0
2019-01-03 00:52:00,1.549320,1.549410,1.549320,1.549400,0
2019-01-03 00:53:00,1.549390,1.549460,1.549350,1.549390,0
2019-01-03 00:54:00,1.549400,1.549400,1.549230,1.549280,0
2019-01-03 00:55:00,1.549280,1.549380,1.549230,1.549270,0
2019-01-03 00:56:00,1.549270,1.549380,1.549220,1.549280,0
2019-01-03 00:57:00,1.549280,1.549490,1.549280,1.549420,0
2019-01-03 00:58:00,1.549410,1.549580,1.549410,1.549460,0
2019-01-03 00:59:00,1.549460,1.549560,1.549390,1.549480,0
2019-01-03 01:00:00,1.549500,1.549660,1.549430,1.549600,0
2019-01-03 01:01:00,1.549590,1.549780,1.549590,1.549750,0
2019-01-03 01:02:00,1.549750,1.549820,1.549580,1.549640,0
2019-01-03 01:03:00,1.549640,1.549720,1.549430,1.549450,0
2019-01-03 01:04:00,1.549440,1.549450,1.549300,1.549360,0
2019-01-03 01:05:00,1.549360,1.549360,1.549300,1.549310,0
2019-01-03 01:06:00,1.549300,1.549300,1.549020,1.549040,0
2019-01-03 01:07:00,1.549040,1.549230,1.549020,1.549200,0
2019-01-03 01:08:00,1.549190,1.549230,1.549090,1.549150,0
2019-01-03 01:09:00,1.549160,1.549190,1.548490,1.548490,0
2019-01-03 01:10:00,1.548490,1.548630,1.548350,1.548440,0
2019-01-03 01:11:00,1.548440,1.548510,1.548290,1.548470,0
2019-01-03 01:12:00,1.548470,1.548530,1.548400,1.548420,0
2019-01-03 01:13:00,1.548410,1.548670,1.548400,1.548670,0
2019-01-03 01:14:00,1.548670,1.548940,1.548670,1.548940,0
2019-01-03 01:15:00,1.548930,1.549110,1.548830,1.548830,0
2019-01-03 01:16:00,1.548830,1.548880,1.548630,1.548670,0
2019-01-03 01:17:00,1.548670,1.548890,1.548670,1.548850,0
2019-01-03 01:18:00,1.548850,1.549010,1.548660,1.548680,0
2019-01-03 01:19:00,1.548690,1.548700,1.548520,1.548530,0
2019-01-03 01:20:00,1.548520,1.548600,1.548390,1.548560,0
2019-01-03 01:21:00,1.548570,1.549040,1.548570,1.548850,0
2019-01-03 01:22:00,1.548810,1.549160,1.548750,1.549090,0
2019-01-03 01:23:00,1.549090,1.549130,1.548930,1.548950,0
2019-01-03 01:24:00,1.548950,1.549020,1.548560,1.548630,0
2019-01-03 01:25:00,1.548730,1.548800,1.548670,1.548790,0
2019-01-03 01:26:00,1.548790,1.548980,1.548520,1.548960,0
2019-01-03 01:27:00,1.548970,1.549080,1.548920,1.548970,0
2019-01-03 01:28:00,1.548970,1.549190,1.548960,1.549080,0
2019-01-03 01:29:00,1.549090,1.549130,1.549080,1.549100,0
2019-01-03 01:30:00,1.549100,1.549250,1.549010,1.549250,0
2019-01-03 01:31:00,1.549250,1.549450,1.549140,1.549380,0
2019-01-03 01:32:00,1.549380,1.549470,1.549340,1.549470,0
2019-01-03 01:33:00,1.549470,1.549580,1.549430,1.549430,0
2019-01-03 01:34:00,1.549430,1.549610,1.549360,1.549590,0
2019-01-03 01:35:00,1.549590,1.549670,1.549490,1.549520,0
2019-01-03 01:36:00,1.549520,1.549590,1.549300,1.549360,0
2019-01-03 01:37:00,1.549360,1.549510,1.549210,1.549230,0
2019-01-03 01:38:00,1.549230,1.549610,1.549170,1.549610,0
2019-01-03 01:39:00,1.549610,1.549690,1.549580,1.549690,0
2019-01-03 01:40:00,1.549670,1.549690,1.549580,1.549670,0
2019-01-03 01:41:00,1.549650,1.549670,1.549550,1.549670,0
2019-01-03 01:42:00,1.549660,1.549700,1.549630,1.549680,0
2019-01-03 01:43:00,1.549680,1.549820,1.549600,1.549760,0
2019-01-03 01:44:00,1.549760,1.549800,1.549710,1.549740,0
2019-01-03 01:45:00,1.549740,1.549740,1.549480,1.549510,0
2019-01-03 01:46:00,1.549520,1.549530,1.549450,1.549500,0
2019-01-03 01:47:00,1.549500,1.549500,1.549410,1.549440,0
2019-01-03 01:48:00,1.549440,1.549440,1.549240,1.549320,0
2019-01-03 01:49:00,1.549310,1.549390,1.549250,1.549270,0
2019-01-03 01:50:00,1.549270,1.549280,1.549180,1.549250,0
2019-01-03 01:51:00,1.549240,1.549240,1.549030,1.549110,0
2019-01-03 01:52:00,1.549100,1.549390,1.548960,1.549300,0
2019-01-03 01:53:00,1.549300,1.549780,1.549300,1.549630,0
2019-01-03 01:54:00,1.549640,1.550180,1.549540,1.549770,0
2019-01-03 01:55:00,1.549770,1.549980,1.549690,1.549940,0
2019-01-03 01:56:00,1.549940,1.550020,1.549740,1.550020,0
2019-01-03 01:57:00,1.550020,1.550070,1.549980,1.550040,0
2019-01-03 01:58:00,1.550020,1.550100,1.549960,1.550020,0
2019-01-03 01:59:00,1.550020,1.550020,1.549840,1.549850,0
2019-01-03 02:00:00,1.549850,1.549950,1.549020,1.549030,0
2019-01-03 02:01:00,1.549030,1.549860,1.549000,1.549610,0
2019-01-03 02:02:00,1.549610,1.549750,1.549330,1.549580,0
2019-01-03 02:03:00,1.549630,1.549780,1.549580,1.549780,0
2019-01-03 02:04:00,1.549790,1.549890,1.549720,1.549820,0
2019-01-03 02:05:00,1.549820,1.549850,1.549470,1.549570,0
2019-01-03 02:06:00,1.549570,1.549710,1.549500,1.549640,0
2019-01-03 02:07:00,1.549660,1.549830,1.549630,1.549820,0
2019-01-03 02:08:00,1.549820,1.549910,1.549740,1.549800,0
2019-01-03 02:09:00,1.549800,1.549820,1.549380,1.549410,0
2019-01-03 02:10:00,1.549400,1.549420,1.548810,1.548810,0
2019-01-03 02:11:00,1.548820,1.549140,1.548820,1.548980,0
2019-01-03 02:12:00,1.549030,1.549160,1.548900,1.549060,0
2019-01-03 02:13:00,1.549060,1.549130,1.548980,1.549080,0
2019-01-03 02:14:00,1.549100,1.549290,1.549000,1.549040,0
2019-01-03 02:15:00,1.549060,1.549290,1.549020,1.549130,0
2019-01-03 02:16:00,1.549140,1.549350,1.549080,1.549330,0
2019-01-03 02:17:00,1.549310,1.549330,1.548980,1.549090,0
2019-01-03 02:18:00,1.549090,1.549330,1.549090,1.549300,0
2019-01-03 02:19:00,1.549310,1.549470,1.549200,1.549260,0
2019-01-03 02:20:00,1.549260,1.549330,1.549050,1.549050,0
2019-01-03 02:21:00,1.549060,1.549200,1.548420,1.549190,0
2019-01-03 02:22:00,1.549220,1.549670,1.549220,1.549620,0
2019-01-03 02:23:00,1.549620,1.549910,1.549480,1.549880,0
2019-01-03 02:24:00,1.549870,1.550020,1.549640,1.549880,0
2019-01-03 02:25:00,1.549880,1.549980,1.549800,1.549960,0
2019-01-03 02:26:00,1.549970,1.550090,1.549650,1.549730,0
2019-01-03 02:27:00,1.549700,1.549870,1.549620,1.549780,0
2019-01-03 02:28:00,1.549770,1.549880,1.549620,1.549830,0
2019-01-03 02:29:00,1.549830,1.549990,1.549720,1.549870,0
2019-01-03 02:30:00,1.549850,1.549900,1.549660,1.549780,0
2019-01-03 02:31:00,1.549770,1.549790,1.549410,1.549440,0
2019-01-03 02:32:00,1.549440,1.549820,1.549280,1.549710,0
2019-01-03 02:33:00,1.549700,1.549760,1.549580,1.549620,0
2019-01-03 02:34:00,1.549610,1.549710,1.549500,1.549520,0
2019-01-03 02:35:00,1.549520,1.549800,1.549340,1.549450,0
2019-01-03 02:36:00,1.549460,1.549480,1.549190,1.549290,0
2019-01-03 02:37:00,1.549290,1.549460,1.549130,1.549150,0
2019-01-03 02:38:00,1.549140,1.549240,1.549050,1.549070,0
2019-01-03 02:39:00,1.549080,1.549110,1.548760,1.549010,0
2019-01-03 02:40:00,1.548970,1.549080,1.548730,1.548830,0
2019-01-03 02:41:00,1.548850,1.548930,1.548570,1.548630,0
2019-01-03 02:42:00,1.548640,1.548640,1.548320,1.548460,0
2019-01-03 02:43:00,1.548470,1.548820,1.548430,1.548750,0
2019-01-03 02:44:00,1.548760,1.549010,1.548690,1.548730,0
2019-01-03 02:45:00,1.548710,1.548760,1.548590,1.548600,0
2019-01-03 02:46:00,1.548600,1.548750,1.548480,1.548610,0
2019-01-03 02:47:00,1.548600,1.548820,1.548600,1.548780,0
2019-01-03 02:48:00,1.548790,1.548830,1.548380,1.548580,0
2019-01-03 02:49:00,1.548570,1.548610,1.547950,1.548120,0
2019-01-03 02:50:00,1.548090,1.548220,1.547860,1.548000,0
2019-01-03 02:51:00,1.547990,1.548000,1.547310,1.547360,0
2019-01-03 02:52:00,1.547360,1.547620,1.547110,1.547410,0
2019-01-03 02:53:00,1.547370,1.547660,1.547270,1.547660,0
2019-01-03 02:54:00,1.547660,1.547730,1.547570,1.547620,0
2019-01-03 02:55:00,1.547650,1.547660,1.547490,1.547600,0
2019-01-03 02:56:00,1.547630,1.547750,1.547460,1.547510,0
2019-01-03 02:57:00,1.547500,1.547980,1.547350,1.547870,0
2019-01-03 02:58:00,1.547890,1.547940,1.547430,1.547580,0
2019-01-03 02:59:00,1.547580,1.548100,1.547570,1.548070,0
2019-01-03 03:00:00,1.548060,1.548680,1.547660,1.548570,0
2019-01-03 03:01:00,1.548570,1.549330,1.548480,1.548770,0
2019-01-03 03:02:00,1.548760,1.548940,1.547830,1.547900,0
2019-01-03 03:03:00,1.547870,1.548100,1.547500,1.547740,0
2019-01-03 03:04:00,1.547770,1.547800,1.547410,1.547640,0
2019-01-03 03:05:00,1.547620,1.547620,1.546950,1.547140,0
2019-01-03 03:06:00,1.547120,1.547160,1.545780,1.545800,0
2019-01-03 03:07:00,1.545830,1.546550,1.545830,1.546490,0
2019-01-03 03:08:00,1.546540,1.547020,1.546290,1.546900,0
2019-01-03 03:09:00,1.546890,1.547000,1.546240,1.546340,0
2019-01-03 03:10:00,1.546360,1.546690,1.546360,1.546620,0
2019-01-03 03:11:00,1.546620,1.546660,1.545950,1.545950,0
2019-01-03 03:12:00,1.545960,1.546170,1.545780,1.545860,0
2019-01-03 03:13:00,1.545870,1.546160,1.545720,1.546030,0
2019-01-03 03:14:00,1.546050,1.546150,1.545760,1.546060,0
2019-01-03 03:15:00,1.546020,1.546500,1.545640,1.546460,0
2019-01-03 03:16:00,1.546450,1.546530,1.546160,1.546450,0
2019-01-03 03:17:00,1.546470,1.546790,1.546410,1.546490,0
2019-01-03 03:18:00,1.546490,1.546750,1.546380,1.546450,0
2019-01-03 03:19:00,1.546480,1.546800,1.546480,1.546780,0
2019-01-03 03:20:00,1.546770,1.547510,1.546740,1.547500,0
2019-01-03 03:21:00,1.547490,1.547700,1.547090,1.547250,0
2019-01-03 03:22:00,1.547240,1.547840,1.547210,1.547790,0
2019-01-03 03:23:00,1.547730,1.548160,1.547730,1.547870,0
2019-01-03 03:24:00,1.547860,1.547890,1.547610,1.547610,0
2019-01-03 03:25:00,1.547620,1.547680,1.547010,1.547240,0
2019-01-03 03:26:00,1.547250,1.548020,1.547250,1.547990,0
2019-01-03 03:27:00,1.547990,1.548150,1.547870,1.548030,0
2019-01-03 03:28:00,1.548010,1.548330,1.547970,1.548190,0
2019-01-03 03:29:00,1.548230,1.548870,1.548070,1.548750,0
2019-01-03 03:30:00,1.548790,1.549420,1.548720,1.548730,0
2019-01-03 03:31:00,1.548770,1.549270,1.548770,1.549190,0
2019-01-03 03:32:00,1.549200,1.549530,1.549070,1.549110,0
2019-01-03 03:33:00,1.549180,1.549180,1.548660,1.548740,0
2019-01-03 03:34:00,1.548770,1.548840,1.548300,1.548380,0
2019-01-03 03:35:00,1.548390,1.548690,1.548250,1.548280,0
2019-01-03 03:36:00,1.548270,1.548450,1.548040,1.548420,0
2019-01-03 03:37:00,1.548420,1.548560,1.548250,1.548390,0
2019-01-03 03:38:00,1.548400,1.548450,1.548030,1.548110,0
2019-01-03 03:39:00,1.548110,1.548880,1.548060,1.548680,0
2019-01-03 03:40:00,1.548670,1.548820,1.548540,1.548750,0
2019-01-03 03:41:00,1.548730,1.549100,1.548730,1.549090,0
2019-01-03 03:42:00,1.549080,1.549390,1.548970,1.549390,0
2019-01-03 03:43:00,1.549390,1.549540,1.548840,1.548850,0
2019-01-03 03:44:00,1.548870,1.549400,1.548870,1.549290,0
2019-01-03 03:45:00,1.549290,1.549370,1.548940,1.549040,0
2019-01-03 03:46:00,1.549020,1.549070,1.548790,1.548970,0
2019-01-03 03:47:00,1.548970,1.549240,1.548970,1.549190,0
2019-01-03 03:48:00,1.549190,1.549500,1.549050,1.549410,0
2019-01-03 03:49:00,1.549410,1.549710,1.549380,1.549600,0
2019-01-03 03:50:00,1.549680,1.549680,1.549430,1.549450,0
2019-01-03 03:51:00,1.549460,1.549460,1.549030,1.549150,0
2019-01-03 03:52:00,1.549170,1.549400,1.548930,1.548940,0
2019-01-03 03:53:00,1.548940,1.549000,1.548640,1.548840,0
2019-01-03 03:54:00,1.548840,1.549400,1.548710,1.549140,0
2019-01-03 03:55:00,1.549130,1.549560,1.549050,1.549380,0
2019-01-03 03:56:00,1.549380,1.549780,1.549170,1.549630,0
2019-01-03 03:57:00,1.549620,1.549630,1.549190,1.549250,0
2019-01-03 03:58:00,1.549280,1.549340,1.548880,1.549040,0
2019-01-03 03:59:00,1.549030,1.549470,1.549030,1.549410,0
2019-01-03 04:00:00,1.549420,1.549430,1.548880,1.548960,0
2019-01-03 04:01:00,1.548940,1.549140,1.548920,1.548940,0
2019-01-03 04:02:00,1.548920,1.549080,1.548870,1.548910,0
2019-01-03 04:03:00,1.548910,1.549120,1.548900,1.549110,0
2019-01-03 04:04:00,1.549110,1.549130,1.548740,1.548890,0
2019-01-03 04:05:00,1.548890,1.549300,1.548740,1.549300,0
2019-01-03 04:06:00,1.549300,1.549300,1.549000,1.549050,0
2019-01-03 04:07:00,1.549050,1.549100,1.548490,1.548580,0
2019-01-03 04:08:00,1.548560,1.548880,1.548550,1.548700,0
2019-01-03 04:09:00,1.548750,1.548920,1.548650,1.548920,0
2019-01-03 04:10:00,1.548910,1.549220,1.548910,1.549220,0
2019-01-03 04:11:00,1.549220,1.549660,1.549210,1.549550,0
2019-01-03 04:12:00,1.549560,1.549760,1.549510,1.549530,0
2019-01-03 04:13:00,1.549490,1.549570,1.549240,1.549240,0
2019-01-03 04:14:00,1.549220,1.549430,1.549120,1.549320,0
2019-01-03 04:15:00,1.549310,1.549390,1.549060,1.549200,0
2019-01-03 04:16:00,1.549210,1.549430,1.549010,1.549030,0
2019-01-03 04:17:00,1.549020,1.549020,1.548580,1.548690,0
2019-01-03 04:18:00,1.548720,1.548790,1.548300,1.548390,0
2019-01-03 04:19:00,1.548380,1.548560,1.548240,1.548250,0
2019-01-03 04:20:00,1.548250,1.548260,1.548040,1.548040,0
2019-01-03 04:21:00,1.548050,1.548180,1.547900,1.548030,0
2019-01-03 04:22:00,1.548010,1.548260,1.547950,1.548210,0
2019-01-03 04:23:00,1.548190,1.548590,1.548190,1.548480,0
2019-01-03 04:24:00,1.548510,1.548760,1.548490,1.548620,0
2019-01-03 04:25:00,1.548640,1.548760,1.548520,1.548720,0
2019-01-03 04:26:00,1.548730,1.549070,1.548670,1.548930,0
2019-01-03 04:27:00,1.548930,1.548990,1.548850,1.548860,0
2019-01-03 04:28:00,1.548870,1.548900,1.548740,1.548780,0
2019-01-03 04:29:00,1.548780,1.548940,1.548780,1.548850,0
2019-01-03 04:30:00,1.548860,1.549070,1.548850,1.548960,0
2019-01-03 04:31:00,1.548940,1.548940,1.548650,1.548810,0
2019-01-03 04:32:00,1.548820,1.548920,1.548770,1.548780,0
2019-01-03 04:33:00,1.548770,1.548920,1.548660,1.548770,0
2019-01-03 04:34:00,1.548790,1.549090,1.548750,1.549020,0
2019-01-03 04:35:00,1.549030,1.549510,1.549030,1.549510,0
2019-01-03 04:36:00,1.549550,1.549630,1.549340,1.549410,0
2019-01-03 04:37:00,1.549450,1.549660,1.549380,1.549620,0
2019-01-03 04:38:00,1.549620,1.549760,1.549530,1.549650,0
2019-01-03 04:39:00,1.549640,1.549640,1.549120,1.549150,0
2019-01-03 04:40:00,1.549170,1.549240,1.549020,1.549090,0
2019-01-03 04:41:00,1.549100,1.549360,1.548990,1.549290,0
2019-01-03 04:42:00,1.549310,1.549310,1.549170,1.549240,0
2019-01-03 04:43:00,1.549230,1.549310,1.549080,1.549200,0
2019-01-03 04:44:00,1.549200,1.549570,1.549190,1.549340,0
2019-01-03 04:45:00,1.549340,1.549550,1.549260,1.549530,0
2019-01-03 04:46:00,1.549530,1.549540,1.549310,1.549370,0
2019-01-03 04:47:00,1.549390,1.549400,1.548880,1.548880,0
2019-01-03 04:48:00,1.548890,1.548960,1.548820,1.548920,0
2019-01-03 04:49:00,1.548910,1.548940,1.548640,1.548700,0
2019-01-03 04:50:00,1.548690,1.548700,1.548530,1.548530,0
2019-01-03 04:51:00,1.548530,1.548820,1.548530,1.548590,0
2019-01-03 04:52:00,1.548560,1.548880,1.548560,1.548810,0
2019-01-03 04:53:00,1.548860,1.548990,1.548560,1.548750,0
2019-01-03 04:54:00,1.548760,1.548900,1.548530,1.548550,0
2019-01-03 04:55:00,1.548530,1.548900,1.548480,1.548840,0
2019-01-03 04:56:00,1.548850,1.548850,1.548510,1.548530,0
2019-01-03 04:57:00,1.548530,1.548870,1.548460,1.548830,0
2019-01-03 04:58:00,1.548820,1.548900,1.548780,1.548880,0
2019-01-03 04:59:00,1.548900,1.549080,1.548850,1.549010,0
2019-01-03 05:00:00,1.549000,1.549090,1.548790,1.549070,0
2019-01-03 05:01:00,1.549070,1.549310,1.549060,1.549260,0
2019-01-03 05:02:00,1.549260,1.549490,1.549250,1.549380,0
2019-01-03 05:03:00,1.549370,1.549390,1.548970,1.548970,0
2019-01-03 05:04:00,1.548960,1.549020,1.548620,1.548840,0
2019-01-03 05:05:00,1.548840,1.548870,1.548510,1.548510,0
2019-01-03 05:06:00,1.548520,1.548570,1.548020,1.548140,0
2019-01-03 05:07:00,1.548130,1.548180,1.547800,1.547810,0
2019-01-03 05:08:00,1.547830,1.548030,1.547810,1.547970,0
2019-01-03 05:09:00,1.547960,1.548300,1.547960,1.548120,0
2019-01-03 05:10:00,1.548130,1.548460,1.547940,1.548380,0
2019-01-03 05:11:00,1.548370,1.548410,1.548170,1.548230,0
2019-01-03 05:12:00,1.548230,1.548320,1.548070,1.548070,0
2019-01-03 05:13:00,1.548070,1.548180,1.548020,1.548020,0
2019-01-03 05:14:00,1.548010,1.548110,1.547930,1.547960,0
2019-01-03 05:15:00,1.547980,1.548210,1.547920,1.548140,0
2019-01-03 05:16:00,1.548150,1.548220,1.548090,1.548090,0
2019-01-03 05:17:00,1.548070,1.548140,1.547780,1.547780,0
2019-01-03 05:18:00,1.547780,1.547970,1.547670,1.547940,0
2019-01-03 05:19:00,1.547950,1.548020,1.547760,1.547870,0
2019-01-03 05:20:00,1.547880,1.547950,1.547730,1.547740,0
2019-01-03 05:21:00,1.547750,1.548070,1.547730,1.548060,0
2019-01-03 05:22:00,1.548070,1.548130,1.547960,1.547990,0
2019-01-03 05:23:00,1.547990,1.548180,1.547960,1.548120,0
2019-01-03 05:24:00,1.548110,1.548110,1.547810,1.547880,0
2019-01-03 05:25:00,1.547850,1.548190,1.547850,1.548060,0
2019-01-03 05:26:00,1.548050,1.548110,1.547710,1.547770,0
2019-01-03 05:27:00,1.547760,1.547870,1.547650,1.547680,0
2019-01-03 05:28:00,1.547700,1.547800,1.547640,1.547690,0
2019-01-03 05:29:00,1.547700,1.547890,1.547670,1.547840,0
2019-01-03 05:30:00,1.547850,1.547990,1.547740,1.547920,0
2019-01-03 05:31:00,1.547890,1.548200,1.547810,1.548080,0
2019-01-03 05:32:00,1.548080,1.548090,1.547840,1.547850,0
2019-01-03 05:33:00,1.547880,1.547880,1.547260,1.547280,0
2019-01-03 05:34:00,1.547290,1.547320,1.546940,1.547000,0
2019-01-03 05:35:00,1.547010,1.547330,1.547010,1.547200,0
2019-01-03 05:36:00,1.547210,1.547420,1.547180,1.547320,0
2019-01-03 05:37:00,1.547340,1.547560,1.547310,1.547440,0
2019-01-03 05:38:00,1.547440,1.547490,1.547210,1.547310,0
2019-01-03 05:39:00,1.547300,1.547840,1.547290,1.547750,0
2019-01-03 05:40:00,1.547770,1.547990,1.547710,1.547730,0
2019-01-03 05:41:00,1.547720,1.547830,1.547580,1.547810,0
2019-01-03 05:42:00,1.547820,1.547860,1.547660,1.547710,0
2019-01-03 05:43:00,1.547710,1.547810,1.547650,1.547650,0
2019-01-03 05:44:00,1.547690,1.547840,1.547580,1.547580,0
2019-01-03 05:45:00,1.547580,1.548030,1.547580,1.547910,0
2019-01-03 05:46:00,1.547910,1.548040,1.547600,1.547690,0
2019-01-03 05:47:00,1.547690,1.547950,1.547690,1.547810,0
2019-01-03 05:48:00,1.547810,1.547930,1.547690,1.547850,0
2019-01-03 05:49:00,1.547870,1.547920,1.547590,1.547640,0
2019-01-03 05:50:00,1.547630,1.547640,1.547200,1.547410,0
2019-01-03 05:51:00,1.547380,1.547380,1.546990,1.547240,0
2019-01-03 05:52:00,1.547210,1.547610,1.547210,1.547600,0
2019-01-03 05:53:00,1.547590,1.547840,1.547590,1.547790,0
2019-01-03 05:54:00,1.547800,1.547870,1.547330,1.547400,0
2019-01-03 05:55:00,1.547390,1.547940,1.547390,1.547900,0
2019-01-03 05:56:00,1.547930,1.548020,1.547770,1.548020,0
2019-01-03 05:57:00,1.548020,1.548040,1.547850,1.548010,0
2019-01-03 05:58:00,1.548010,1.548110,1.547960,1.547960,0
2019-01-03 05:59:00,1.547960,1.547960,1.547680,1.547730,0
2019-01-03 06:00:00,1.547730,1.548380,1.547700,1.548330,0
2019-01-03 06:01:00,1.548330,1.548680,1.548240,1.548310,0
2019-01-03 06:02:00,1.548320,1.548320,1.548020,1.548150,0
2019-01-03 06:03:00,1.548120,1.548160,1.547880,1.548020,0
2019-01-03 06:04:00,1.548020,1.548020,1.547600,1.547600,0
2019-01-03 06:05:00,1.547600,1.547600,1.547120,1.547210,0
2019-01-03 06:06:00,1.547220,1.547300,1.547140,1.547230,0
2019-01-03 06:07:00,1.547230,1.547360,1.547130,1.547250,0
2019-01-03 06:08:00,1.547250,1.547400,1.546270,1.546490,0
2019-01-03 06:09:00,1.546520,1.546640,1.546070,1.546150,0
2019-01-03 06:10:00,1.546140,1.546360,1.546000,1.546130,0
2019-01-03 06:11:00,1.546100,1.546260,1.545690,1.545850,0
2019-01-03 06:12:00,1.545860,1.546160,1.545850,1.545940,0
2019-01-03 06:13:00,1.545940,1.546140,1.545910,1.546120,0
2019-01-03 06:14:00,1.546090,1.546610,1.546090,1.546550,0
2019-01-03 06:15:00,1.546550,1.546960,1.546530,1.546950,0
2019-01-03 06:16:00,1.546930,1.547140,1.546720,1.546800,0
2019-01-03 06:17:00,1.546820,1.547350,1.546820,1.547290,0
2019-01-03 06:18:00,1.547290,1.547400,1.546930,1.546930,0
2019-01-03 06:19:00,1.546950,1.546970,1.546570,1.546910,0
2019-01-03 06:20:00,1.546910,1.547110,1.546800,1.547000,0
2019-01-03 06:21:00,1.547000,1.547000,1.546150,1.546270,0
2019-01-03 06:22:00,1.546270,1.546540,1.546140,1.546200,0
2019-01-03 06:23:00,1.546210,1.546220,1.545900,1.546050,0
2019-01-03 06:24:00,1.546050,1.546110,1.545730,1.545740,0
2019-01-03 06:25:00,1.545740,1.545850,1.545550,1.545750,0
2019-01-03 06:26:00,1.545750,1.545890,1.545610,1.545620,0
2019-01-03 06:27:00,1.545630,1.545790,1.545580,1.545720,0
2019-01-03 06:28:00,1.545730,1.546030,1.545710,1.545930,0
2019-01-03 06:29:00,1.545930,1.546110,1.545890,1.546070,0
2019-01-03 06:30:00,1.546070,1.546440,1.545970,1.546270,0
2019-01-03 06:31:00,1.546280,1.546590,1.546250,1.546340,0
2019-01-03 06:32:00,1.546340,1.546620,1.546340,1.546470,0
2019-01-03 06:33:00,1.546470,1.546640,1.546390,1.546500,0
2019-01-03 06:34:00,1.546500,1.546590,1.546400,1.546590,0
2019-01-03 06:35:00,1.546600,1.546740,1.546560,1.546650,0
2019-01-03 06:36:00,1.546640,1.546660,1.546520,1.546520,0
2019-01-03 06:37:00,1.546520,1.546700,1.546520,1.546700,0
2019-01-03 06:38:00,1.546710,1.546770,1.546630,1.546680,0
2019-01-03 06:39:00,1.546660,1.546660,1.546320,1.546330,0
2019-01-03 06:40:00,1.546320,1.546380,1.546060,1.546190,0
2019-01-03 06:41:00,1.546200,1.546390,1.545980,1.546060,0
2019-01-03 06:42:00,1.546090,1.546140,1.545870,1.545870,0
2019-01-03 06:43:00,1.545870,1.545950,1.545770,1.545870,0
2019-01-03 06:44:00,1.545860,1.545950,1.545700,1.545710,0
2019-01-03 06:45:00,1.545710,1.545710,1.545400,1.545580,0
2019-01-03 06:46:00,1.545570,1.545860,1.545550,1.545740,0
2019-01-03 06:47:00,1.545740,1.545790,1.545110,1.545130,0
2019-01-03 06:48:00,1.545130,1.545300,1.545070,1.545130,0
2019-01-03 06:49:00,1.545140,1.545210,1.544580,1.544630,0
2019-01-03 06:50:00,1.544640,1.544980,1.544580,1.544790,0
2019-01-03 06:51:00,1.544790,1.544830,1.544510,1.544510,0
2019-01-03 06:52:00,1.544510,1.544740,1.544510,1.544730,0
2019-01-03 06:53:00,1.544750,1.544830,1.544630,1.544670,0
2019-01-03 06:54:00,1.544670,1.544690,1.544520,1.544620,0
2019-01-03 06:55:00,1.544630,1.544930,1.544580,1.544630,0
2019-01-03 06:56:00,1.544630,1.544750,1.544560,1.544560,0
2019-01-03 06:57:00,1.544560,1.544560,1.544030,1.544050,0
2019-01-03 06:58:00,1.544050,1.544140,1.543990,1.544050,0
2019-01-03 06:59:00,1.544070,1.544360,1.543950,1.543960,0
2019-01-03 07:00:00,1.543990,1.544390,1.543990,1.544080,0
2019-01-03 07:01:00,1.544070,1.544070,1.543960,1.544020,0
2019-01-03 07:02:00,1.544030,1.544270,1.543960,1.544270,0
2019-01-03 07:03:00,1.544250,1.544310,1.544030,1.544090,0
2019-01-03 07:04:00,1.544110,1.544210,1.544070,1.544150,0
2019-01-03 07:05:00,1.544140,1.544180,1.543970,1.544010,0
2019-01-03 07:06:00,1.544010,1.544200,1.543870,1.544180,0
2019-01-03 07:07:00,1.544190,1.544260,1.544020,1.544160,0
2019-01-03 07:08:00,1.544170,1.544370,1.543970,1.544280,0
2019-01-03 07:09:00,1.544300,1.544340,1.544150,1.544220,0
2019-01-03 07:10:00,1.544210,1.544420,1.544210,1.544260,0
2019-01-03 07:11:00,1.544250,1.544370,1.544130,1.544140,0
2019-01-03 07:12:00,1.544160,1.544220,1.544020,1.544110,0
2019-01-03 07:13:00,1.544100,1.544160,1.543670,1.543700,0
2019-01-03 07:14:00,1.543680,1.543780,1.543450,1.543730,0
2019-01-03 07:15:00,1.543730,1.543770,1.543280,1.543310,0
2019-01-03 07:16:00,1.543260,1.543430,1.543150,1.543420,0
2019-01-03 07:17:00,1.543410,1.543430,1.543280,1.543350,0
2019-01-03 07:18:00,1.543340,1.543450,1.543100,1.543130,0
2019-01-03 07:19:00,1.543150,1.543360,1.543110,1.543200,0
2019-01-03 07:20:00,1.543170,1.543380,1.543110,1.543350,0
2019-01-03 07:21:00,1.543330,1.543340,1.542890,1.542950,0
2019-01-03 07:22:00,1.542990,1.543140,1.542820,1.543120,0
2019-01-03 07:23:00,1.543120,1.543240,1.543080,1.543220,0
2019-01-03 07:24:00,1.543220,1.543400,1.542950,1.543330,0
2019-01-03 07:25:00,1.543320,1.543350,1.542950,1.543180,0
2019-01-03 07:26:00,1.543180,1.543350,1.543130,1.543250,0
2019-01-03 07:27:00,1.543240,1.543330,1.543200,1.543230,0
2019-01-03 07:28:00,1.543220,1.543230,1.543160,1.543230,0
2019-01-03 07:29:00,1.543230,1.543280,1.543140,1.543170,0
2019-01-03 07:30:00,1.543160,1.543250,1.542830,1.542920,0
2019-01-03 07:31:00,1.542920,1.542980,1.542630,1.542780,0
2019-01-03 07:32:00,1.542760,1.542760,1.542350,1.542720,0
2019-01-03 07:33:00,1.542720,1.542740,1.541680,1.541680,0
2019-01-03 07:34:00,1.541680,1.542020,1.541650,1.541860,0
2019-01-03 07:35:00,1.541880,1.542290,1.541880,1.542210,0
2019-01-03 07:36:00,1.542210,1.542210,1.541750,1.541750,0
2019-01-03 07:37:00,1.541750,1.542280,1.541680,1.542280,0
2019-01-03 07:38:00,1.542290,1.542310,1.541890,1.542080,0
2019-01-03 07:39:00,1.542080,1.542200,1.541320,1.541360,0
2019-01-03 07:40:00,1.541360,1.541910,1.541340,1.541610,0
2019-01-03 07:41:00,1.541630,1.542460,1.541620,1.542440,0
2019-01-03 07:42:00,1.542420,1.542570,1.542360,1.542570,0
2019-01-03 07:43:00,1.542580,1.542610,1.542480,1.542530,0
2019-01-03 07:44:00,1.542520,1.542520,1.542150,1.542370,0
2019-01-03 07:45:00,1.542360,1.542480,1.541950,1.542050,0
2019-01-03 07:46:00,1.542040,1.542120,1.541880,1.541880,0
2019-01-03 07:47:00,1.541890,1.542300,1.541870,1.542050,0
2019-01-03 07:48:00,1.542040,1.542160,1.542000,1.542000,0
2019-01-03 07:49:00,1.542010,1.542130,1.541930,1.541940,0
2019-01-03 07:50:00,1.541930,1.542080,1.541910,1.541980,0
2019-01-03 07:51:00,1.541980,1.542150,1.541810,1.542120,0
2019-01-03 07:52:00,1.542120,1.542330,1.542100,1.542300,0
2019-01-03 07:53:00,1.542300,1.542340,1.542150,1.542260,0
2019-01-03 07:54:00,1.542250,1.542470,1.542040,1.542360,0
2019-01-03 07:55:00,1.542370,1.542420,1.541320,1.541390,0
2019-01-03 07:56:00,1.541380,1.541500,1.541150,1.541360,0
2019-01-03 07:57:00,1.541340,1.541340,1.541030,1.541110,0
2019-01-03 07:58:00,1.541100,1.541160,1.540800,1.540820,0
2019-01-03 07:59:00,1.540810,1.540950,1.540520,1.540570,0
2019-01-03 08:00:00,1.540570,1.541300,1.540570,1.541190,0
2019-01-03 08:01:00,1.541180,1.541320,1.541020,1.541240,0
2019-01-03 08:02:00,1.541260,1.541700,1.541250,1.541410,0
2019-01-03 08:03:00,1.541410,1.541470,1.541000,1.541430,0
2019-01-03 08:04:00,1.541430,1.541430,1.540870,1.541200,0
2019-01-03 08:05:00,1.541200,1.541240,1.540950,1.541110,0
2019-01-03 08:06:00,1.541110,1.541110,1.540560,1.540580,0
2019-01-03 08:07:00,1.540570,1.540610,1.540300,1.540370,0
2019-01-03 08:08:00,1.540370,1.540650,1.540340,1.540650,0
2019-01-03 08:09:00,1.540640,1.540710,1.540090,1.540270,0
2019-01-03 08:10:00,1.540290,1.540650,1.540270,1.540470,0
2019-01-03 08:11:00,1.540470,1.540720,1.540460,1.540630,0
2019-01-03 08:12:00,1.540630,1.540700,1.539640,1.539640,0
2019-01-03 08:13:00,1.539630,1.539680,1.538820,1.538820,0
2019-01-03 08:14:00,1.538820,1.539560,1.538050,1.538720,0
2019-01-03 08:15:00,1.538720,1.539960,1.538190,1.539150,0
2019-01-03 08:16:00,1.539150,1.539530,1.538130,1.538340,0
2019-01-03 08:17:00,1.538320,1.538850,1.537880,1.538060,0
2019-01-03 08:18:00,1.538050,1.538070,1.536850,1.537190,0
2019-01-03 08:19:00,1.537170,1.537350,1.536430,1.536480,0
2019-01-03 08:20:00,1.536450,1.538250,1.536420,1.537880,0
2019-01-03 08:21:00,1.537870,1.537950,1.537290,1.537740,0
2019-01-03 08:22:00,1.537720,1.538020,1.537630,1.537680,0
2019-01-03 08:23:00,1.537690,1.537990,1.537400,1.537740,0
2019-01-03 08:24:00,1.537750,1.537800,1.536800,1.536830,0
2019-01-03 08:25:00,1.536840,1.537230,1.536840,1.537180,0
2019-01-03 08:26:00,1.537190,1.537720,1.536930,1.536930,0
2019-01-03 08:27:00,1.536800,1.536800,1.536420,1.536420,0
2019-01-03 08:28:00,1.536390,1.537510,1.536360,1.537340,0
2019-01-03 08:29:00,1.537320,1.537320,1.536600,1.536660,0
2019-01-03 08:30:00,1.536640,1.536980,1.536530,1.536970,0
2019-01-03 08:31:00,1.537000,1.537590,1.536930,1.537480,0
2019-01-03 08:32:00,1.537470,1.537490,1.536900,1.536980,0
2019-01-03 08:33:00,1.536980,1.537930,1.536980,1.537840,0
2019-01-03 08:34:00,1.537870,1.538180,1.537620,1.537730,0
2019-01-03 08:35:00,1.537770,1.538110,1.537040,1.537060,0
2019-01-03 08:36:00,1.537060,1.537650,1.536700,1.537500,0
2019-01-03 08:37:00,1.537500,1.537790,1.537180,1.537360,0
2019-01-03 08:38:00,1.537360,1.537620,1.537140,1.537160,0
2019-01-03 08:39:00,1.537150,1.537300,1.537070,1.537260,0
2019-01-03 08:40:00,1.537270,1.537580,1.537170,1.537430,0
2019-01-03 08:41:00,1.537440,1.538270,1.537360,1.538140,0
2019-01-03 08:42:00,1.538140,1.538440,1.537870,1.538180,0
2019-01-03 08:43:00,1.538160,1.538630,1.538090,1.538630,0
2019-01-03 08:44:00,1.538620,1.538620,1.538070,1.538190,0
2019-01-03 08:45:00,1.538250,1.538780,1.538150,1.538510,0
2019-01-03 08:46:00,1.538470,1.538680,1.538310,1.538310,0
2019-01-03 08:47:00,1.538270,1.538530,1.538040,1.538470,0
2019-01-03 08:48:00,1.538460,1.538790,1.538360,1.538760,0
2019-01-03 08:49:00,1.538780,1.539040,1.538740,1.539010,0
2019-01-03 08:50:00,1.539010,1.539190,1.538650,1.538840,0
2019-01-03 08:51:00,1.538880,1.538930,1.538200,1.538860,0
2019-01-03 08:52:00,1.538870,1.538940,1.538520,1.538880,0
2019-01-03 08:53:00,1.538890,1.538940,1.538760,1.538800,0
2019-01-03 08:54:00,1.538810,1.538810,1.538220,1.538220,0
2019-01-03 08:55:00,1.538220,1.538890,1.538160,1.538870,0
2019-01-03 08:56:00,1.538860,1.539490,1.538830,1.539170,0
2019-01-03 08:57:00,1.539170,1.539280,1.538850,1.538920,0
2019-01-03 08:58:00,1.538920,1.538920,1.538570,1.538700,0
2019-01-03 08:59:00,1.538700,1.538940,1.538330,1.538380,0
2019-01-03 09:00:00,1.538350,1.538660,1.538120,1.538590,0
2019-01-03 09:01:00,1.538590,1.538600,1.537960,1.538140,0
2019-01-03 09:02:00,1.538110,1.538250,1.537600,1.537700,0
2019-01-03 09:03:00,1.537750,1.538140,1.537750,1.538050,0
2019-01-03 09:04:00,1.538050,1.538220,1.537850,1.538060,0
2019-01-03 09:05:00,1.538060,1.538390,1.538050,1.538140,0
2019-01-03 09:06:00,1.538140,1.538190,1.537710,1.537780,0
2019-01-03 09:07:00,1.537780,1.537900,1.537540,1.537800,0
2019-01-03 09:08:00,1.537820,1.537970,1.537740,1.537880,0
2019-01-03 09:09:00,1.537880,1.538000,1.537820,1.537880,0
2019-01-03 09:10:00,1.537880,1.538170,1.537740,1.538060,0
2019-01-03 09:11:00,1.538050,1.538530,1.538040,1.538420,0
2019-01-03 09:12:00,1.538430,1.538610,1.538220,1.538300,0
2019-01-03 09:13:00,1.538310,1.538370,1.537890,1.538080,0
2019-01-03 09:14:00,1.538120,1.538410,1.538090,1.538240,0
2019-01-03 09:15:00,1.538240,1.538240,1.537760,1.537820,0
2019-01-03 09:16:00,1.537820,1.538020,1.537700,1.537920,0
2019-01-03 09:17:00,1.537920,1.538280,1.537790,1.538200,0
2019-01-03 09:18:00,1.538170,1.538300,1.537250,1.537250,0
2019-01-03 09:19:00,1.537260,1.537450,1.536570,1.536940,0
2019-01-03 09:20:00,1.536930,1.537530,1.536900,1.537340,0
2019-01-03 09:21:00,1.537330,1.537340,1.536600,1.536620,0
2019-01-03 09:22:00,1.536620,1.536690,1.536420,1.536630,0
2019-01-03 09:23:00,1.536650,1.536910,1.536650,1.536870,0
2019-01-03 09:24:00,1.536870,1.537080,1.536780,1.536930,0
2019-01-03 09:25:00,1.536970,1.536990,1.536730,1.536890,0
2019-01-03 09:26:00,1.536880,1.537080,1.536710,1.536780,0
2019-01-03 09:27:00,1.536780,1.536870,1.536460,1.536740,0
2019-01-03 09:28:00,1.536740,1.537110,1.536590,1.537110,0
2019-01-03 09:29:00,1.537120,1.537220,1.536910,1.537070,0
2019-01-03 09:30:00,1.537070,1.537160,1.536840,1.537100,0
2019-01-03 09:31:00,1.537090,1.537120,1.536640,1.536920,0
2019-01-03 09:32:00,1.536930,1.537270,1.536880,1.537240,0
2019-01-03 09:33:00,1.537220,1.537330,1.536860,1.537140,0
2019-01-03 09:34:00,1.537140,1.537560,1.536990,1.537220,0
2019-01-03 09:35:00,1.537150,1.537650,1.537060,1.537100,0
2019-01-03 09:36:00,1.537090,1.537360,1.536960,1.537050,0
2019-01-03 09:37:00,1.537050,1.537470,1.537030,1.537120,0
2019-01-03 09:38:00,1.537120,1.537660,1.537030,1.537630,0
2019-01-03 09:39:00,1.537620,1.538000,1.537610,1.537990,0
2019-01-03 09:40:00,1.537990,1.538220,1.537530,1.537530,0
2019-01-03 09:41:00,1.537510,1.537520,1.537160,1.537190,0
2019-01-03 09:42:00,1.537200,1.537430,1.537040,1.537140,0
2019-01-03 09:43:00,1.537130,1.537130,1.536660,1.536720,0
2019-01-03 09:44:00,1.536730,1.536980,1.536730,1.536800,0
2019-01-03 09:45:00,1.536810,1.536860,1.536530,1.536760,0
2019-01-03 09:46:00,1.536760,1.537570,1.536600,1.537570,0
2019-01-03 09:47:00,1.537560,1.537710,1.537390,1.537590,0
2019-01-03 09:48:00,1.537580,1.537620,1.537060,1.537130,0
2019-01-03 09:49:00,1.537150,1.537690,1.537150,1.537640,0
2019-01-03 09:50:00,1.537640,1.537640,1.537320,1.537410,0
2019-01-03 09:51:00,1.537400,1.537470,1.536990,1.537000,0
2019-01-03 09:52:00,1.536980,1.537300,1.536700,1.536710,0
2019-01-03 09:53:00,1.536730,1.537040,1.536690,1.536850,0
2019-01-03 09:54:00,1.536870,1.536910,1.536160,1.536180,0
2019-01-03 09:55:00,1.536180,1.536190,1.535570,1.535900,0
2019-01-03 09:56:00,1.535890,1.535890,1.535270,1.535610,0
2019-01-03 09:57:00,1.535610,1.536250,1.535610,1.536110,0
2019-01-03 09:58:00,1.536110,1.536550,1.536100,1.536370,0
2019-01-03 09:59:00,1.536360,1.536850,1.535980,1.536020,0
2019-01-03 10:00:00,1.536370,1.539060,1.536160,1.538880,0
2019-01-03 10:01:00,1.538890,1.539710,1.538700,1.539690,0
2019-01-03 10:02:00,1.539680,1.541770,1.539680,1.541700,0
2019-01-03 10:03:00,1.541740,1.542390,1.541050,1.541930,0
2019-01-03 10:04:00,1.541930,1.543710,1.541570,1.543060,0
2019-01-03 10:05:00,1.543040,1.543100,1.542170,1.542170,0
2019-01-03 10:06:00,1.542200,1.542360,1.541730,1.541990,0
2019-01-03 10:07:00,1.541980,1.543430,1.541940,1.543400,0
2019-01-03 10:08:00,1.543380,1.543760,1.543080,1.543520,0
2019-01-03 10:09:00,1.543520,1.543650,1.543090,1.543360,0
2019-01-03 10:10:00,1.543350,1.543430,1.541410,1.541570,0
2019-01-03 10:11:00,1.541630,1.541710,1.540890,1.541080,0
2019-01-03 10:12:00,1.541080,1.541450,1.540800,1.541450,0
2019-01-03 10:13:00,1.541420,1.542320,1.541390,1.542020,0
2019-01-03 10:14:00,1.542040,1.542310,1.541710,1.541780,0
2019-01-03 10:15:00,1.541770,1.542160,1.541480,1.541820,0
2019-01-03 10:16:00,1.541820,1.542210,1.541770,1.542130,0
2019-01-03 10:17:00,1.542100,1.542490,1.541770,1.541770,0
2019-01-03 10:18:00,1.541810,1.541840,1.540620,1.540620,0
2019-01-03 10:19:00,1.540600,1.541220,1.540600,1.540860,0
2019-01-03 10:20:00,1.540860,1.540990,1.540590,1.540800,0
2019-01-03 10:21:00,1.540810,1.541190,1.540660,1.540700,0
2019-01-03 10:22:00,1.540710,1.541400,1.540600,1.541110,0
2019-01-03 10:23:00,1.541130,1.541260,1.540630,1.540870,0
2019-01-03 10:24:00,1.540880,1.540900,1.540440,1.540440,0
2019-01-03 10:25:00,1.540390,1.540880,1.540320,1.540750,0
2019-01-03 10:26:00,1.540710,1.541070,1.539890,1.539940,0
2019-01-03 10:27:00,1.539930,1.540840,1.539820,1.540750,0
2019-01-03 10:28:00,1.540740,1.541200,1.540280,1.540410,0
2019-01-03 10:29:00,1.540410,1.540410,1.539910,1.540040,0
2019-01-03 10:30:00,1.540010,1.540300,1.539970,1.540180,0
2019-01-03 10:31:00,1.540170,1.540460,1.539860,1.540050,0
2019-01-03 10:32:00,1.540040,1.540560,1.540040,1.540290,0
2019-01-03 10:33:00,1.540270,1.540420,1.539700,1.539760,0
2019-01-03 10:34:00,1.539750,1.539980,1.539630,1.539630,0
2019-01-03 10:35:00,1.539630,1.540090,1.539360,1.539910,0
2019-01-03 10:36:00,1.539910,1.540930,1.539790,1.540860,0
2019-01-03 10:37:00,1.540870,1.541810,1.540860,1.541360,0
2019-01-03 10:38:00,1.541380,1.542880,1.541380,1.542370,0
2019-01-03 10:39:00,1.542410,1.543270,1.542410,1.542600,0
2019-01-03 10:40:00,1.542600,1.543090,1.542570,1.542900,0
2019-01-03 10:41:00,1.542900,1.543170,1.542480,1.542520,0
2019-01-03 10:42:00,1.542530,1.542560,1.541920,1.541920,0
2019-01-03 10:43:00,1.541940,1.542840,1.541480,1.542590,0
2019-01-03 10:44:00,1.542580,1.543670,1.542540,1.543250,0
2019-01-03 10:45:00,1.543230,1.543230,1.542140,1.542300,0
2019-01-03 10:46:00,1.542290,1.542300,1.541680,1.541680,0
2019-01-03 10:47:00,1.541630,1.542180,1.541610,1.542160,0
2019-01-03 10:48:00,1.542140,1.542280,1.541630,1.541740,0
2019-01-03 10:49:00,1.541730,1.542670,1.541730,1.542490,0
2019-01-03 10:50:00,1.542520,1.542830,1.541590,1.541590,0
2019-01-03 10:51:00,1.541570,1.541570,1.539530,1.539990,0
2019-01-03 10:52:00,1.540000,1.540560,1.539850,1.540530,0
2019-01-03 10:53:00,1.540510,1.541260,1.540500,1.541150,0
2019-01-03 10:54:00,1.541110,1.541160,1.539870,1.539890,0
2019-01-03 10:55:00,1.539900,1.540090,1.539120,1.539120,0
2019-01-03 10:56:00,1.539140,1.539430,1.538390,1.538510,0
2019-01-03 10:57:00,1.538510,1.538810,1.538140,1.538620,0
2019-01-03 10:58:00,1.538650,1.539190,1.538350,1.539160,0
2019-01-03 10:59:00,1.539160,1.539500,1.538570,1.538800,0
2019-01-03 11:00:00,1.538860,1.539300,1.538790,1.539170,0
2019-01-03 11:01:00,1.539170,1.539470,1.538960,1.539400,0
2019-01-03 11:02:00,1.539400,1.539450,1.538730,1.538940,0
2019-01-03 11:03:00,1.538930,1.538930,1.538180,1.538250,0
2019-01-03 11:04:00,1.538220,1.538880,1.538220,1.538400,0
2019-01-03 11:05:00,1.538400,1.538720,1.538090,1.538700,0
2019-01-03 11:06:00,1.538670,1.538820,1.538040,1.538110,0
2019-01-03 11:07:00,1.538110,1.538500,1.538060,1.538300,0
2019-01-03 11:08:00,1.538310,1.538710,1.538060,1.538400,0
2019-01-03 11:09:00,1.538460,1.538730,1.537450,1.537540,0
2019-01-03 11:10:00,1.537570,1.538030,1.537570,1.537750,0
2019-01-03 11:11:00,1.537770,1.537870,1.536990,1.537870,0
2019-01-03 11:12:00,1.537860,1.537860,1.537360,1.537580,0
2019-01-03 11:13:00,1.537640,1.537640,1.537060,1.537060,0
2019-01-03 11:14:00,1.537040,1.537280,1.536770,1.537250,0
2019-01-03 11:15:00,1.537200,1.537550,1.537090,1.537410,0
2019-01-03 11:16:00,1.537400,1.537670,1.537250,1.537320,0
2019-01-03 11:17:00,1.537290,1.537460,1.537070,1.537310,0
2019-01-03 11:18:00,1.537300,1.537490,1.537140,1.537240,0
2019-01-03 11:19:00,1.537230,1.538230,1.537230,1.538060,0
2019-01-03 11:20:00,1.538040,1.538270,1.537490,1.537610,0
2019-01-03 11:21:00,1.537610,1.538030,1.537570,1.538010,0
2019-01-03 11:22:00,1.538010,1.538180,1.536420,1.537210,0
2019-01-03 11:23:00,1.537200,1.538350,1.537190,1.537700,0
2019-01-03 11:24:00,1.537710,1.538070,1.537480,1.537860,0
2019-01-03 11:25:00,1.537860,1.537960,1.537580,1.537580,0
2019-01-03 11:26:00,1.537580,1.537670,1.537080,1.537330,0
2019-01-03 11:27:00,1.537350,1.537370,1.536790,1.536830,0
2019-01-03 11:28:00,1.536820,1.537840,1.536700,1.537790,0
2019-01-03 11:29:00,1.537810,1.539170,1.537810,1.539140,0
2019-01-03 11:30:00,1.539130,1.539360,1.538740,1.538890,0
2019-01-03 11:31:00,1.538900,1.539250,1.538090,1.538470,0
2019-01-03 11:32:00,1.538440,1.538680,1.538370,1.538660,0
2019-01-03 11:33:00,1.538680,1.539020,1.538030,1.538200,0
2019-01-03 11:34:00,1.538230,1.538350,1.537880,1.538130,0
2019-01-03 11:35:00,1.538130,1.538170,1.537020,1.537150,0
2019-01-03 11:36:00,1.537140,1.537330,1.536680,1.536890,0
2019-01-03 11:37:00,1.536910,1.537010,1.536610,1.536800,0
2019-01-03 11:38:00,1.536780,1.537060,1.536630,1.536920,0
2019-01-03 11:39:00,1.536920,1.537030,1.536640,1.536800,0
2019-01-03 11:40:00,1.536800,1.537100,1.536440,1.536810,0
2019-01-03 11:41:00,1.536840,1.536840,1.535540,1.535650,0
2019-01-03 11:42:00,1.535620,1.535690,1.534840,1.535160,0
2019-01-03 11:43:00,1.535200,1.535550,1.534710,1.534890,0
2019-01-03 11:44:00,1.534890,1.535350,1.534310,1.535320,0
2019-01-03 11:45:00,1.535320,1.535540,1.535150,1.535200,0
2019-01-03 11:46:00,1.535200,1.535770,1.535180,1.535570,0
2019-01-03 11:47:00,1.535580,1.535780,1.535330,1.535470,0
2019-01-03 11:48:00,1.535490,1.536070,1.535200,1.535570,0
2019-01-03 11:49:00,1.535600,1.536240,1.535570,1.536240,0
2019-01-03 11:50:00,1.536250,1.536360,1.535870,1.536260,0
2019-01-03 11:51:00,1.536260,1.536770,1.536030,1.536770,0
2019-01-03 11:52:00,1.536770,1.537120,1.536760,1.537040,0
2019-01-03 11:53:00,1.537030,1.537450,1.536910,1.537240,0
2019-01-03 11:54:00,1.537270,1.537400,1.536990,1.537030,0
2019-01-03 11:55:00,1.537050,1.537530,1.537050,1.537160,0
2019-01-03 11:56:00,1.537180,1.537200,1.536700,1.536910,0
2019-01-03 11:57:00,1.536920,1.537200,1.536660,1.537140,0
2019-01-03 11:58:00,1.537130,1.537640,1.537120,1.537470,0
2019-01-03 11:59:00,1.537470,1.537480,1.536580,1.536700,0
2019-01-03 12:00:00,1.536700,1.536970,1.536530,1.536630,0
2019-01-03 12:01:00,1.536660,1.536760,1.536460,1.536530,0
2019-01-03 12:02:00,1.536530,1.536620,1.536070,1.536530,0
2019-01-03 12:03:00,1.536530,1.536800,1.536260,1.536430,0
2019-01-03 12:04:00,1.536430,1.536750,1.536350,1.536460,0
2019-01-03 12:05:00,1.536470,1.537010,1.536450,1.536760,0
2019-01-03 12:06:00,1.536760,1.537010,1.536530,1.537010,0
2019-01-03 12:07:00,1.537030,1.537650,1.536750,1.536960,0
2019-01-03 12:08:00,1.536980,1.537040,1.536550,1.536560,0
2019-01-03 12:09:00,1.536570,1.536880,1.536410,1.536630,0
2019-01-03 12:10:00,1.536620,1.536750,1.536390,1.536500,0
2019-01-03 12:11:00,1.536540,1.536720,1.536310,1.536620,0
2019-01-03 12:12:00,1.536630,1.536740,1.536300,1.536390,0
2019-01-03 12:13:00,1.536390,1.536680,1.536160,1.536610,0
2019-01-03 12:14:00,1.536610,1.536880,1.536050,1.536160,0
2019-01-03 12:15:00,1.536130,1.536170,1.535880,1.536010,0
2019-01-03 12:16:00,1.536090,1.536470,1.535880,1.536450,0
2019-01-03 12:17:00,1.536500,1.536770,1.536350,1.536610,0
2019-01-03 12:18:00,1.536610,1.536850,1.536570,1.536780,0
2019-01-03 12:19:00,1.536780,1.536890,1.536150,1.536270,0
2019-01-03 12:20:00,1.536280,1.536660,1.536120,1.536550,0
2019-01-03 12:21:00,1.536540,1.536660,1.536250,1.536560,0
2019-01-03 12:22:00,1.536560,1.536610,1.536390,1.536490,0
2019-01-03 12:23:00,1.536490,1.536800,1.536340,1.536770,0
2019-01-03 12:24:00,1.536770,1.536820,1.536540,1.536560,0
2019-01-03 12:25:00,1.536550,1.536830,1.536450,1.536780,0
2019-01-03 12:26:00,1.536840,1.537080,1.536720,1.536960,0
2019-01-03 12:27:00,1.536960,1.537120,1.536820,1.536860,0
2019-01-03 12:28:00,1.536870,1.536870,1.536560,1.536560,0
2019-01-03 12:29:00,1.536570,1.536650,1.536220,1.536400,0
2019-01-03 12:30:00,1.536400,1.536450,1.536100,1.536250,0
2019-01-03 12:31:00,1.536250,1.536690,1.536170,1.536450,0
2019-01-03 12:32:00,1.536450,1.536700,1.536270,1.536700,0
2019-01-03 12:33:00,1.536680,1.537450,1.536680,1.537220,0
2019-01-03 12:34:00,1.537220,1.537310,1.536970,1.537150,0
2019-01-03 12:35:00,1.537130,1.537530,1.537130,1.537350,0
2019-01-03 12:36:00,1.537350,1.537480,1.536960,1.536960,0
2019-01-03 12:37:00,1.536980,1.537280,1.536920,1.537280,0
2019-01-03 12:38:00,1.537320,1.537500,1.537120,1.537340,0
2019-01-03 12:39:00,1.537330,1.537330,1.536940,1.536990,0
2019-01-03 12:40:00,1.536980,1.537190,1.536840,1.537090,0
2019-01-03 12:41:00,1.537110,1.537390,1.537050,1.537390,0
2019-01-03 12:42:00,1.537380,1.537620,1.537190,1.537210,0
2019-01-03 12:43:00,1.537210,1.537530,1.537190,1.537450,0
2019-01-03 12:44:00,1.537440,1.537440,1.537140,1.537320,0
2019-01-03 12:45:00,1.537330,1.537510,1.537180,1.537490,0
2019-01-03 12:46:00,1.537480,1.537590,1.536850,1.536870,0
2019-01-03 12:47:00,1.536870,1.537180,1.536870,1.536940,0
2019-01-03 12:48:00,1.536950,1.536970,1.536570,1.536830,0
2019-01-03 12:49:00,1.536830,1.536900,1.536580,1.536660,0
2019-01-03 12:50:00,1.536650,1.536800,1.536620,1.536630,0
2019-01-03 12:51:00,1.536630,1.536650,1.536210,1.536210,0
2019-01-03 12:52:00,1.536200,1.536210,1.535530,1.535600,0
2019-01-03 12:53:00,1.535610,1.535640,1.535510,1.535520,0
2019-01-03 12:54:00,1.535510,1.535600,1.535120,1.535150,0
2019-01-03 12:55:00,1.535160,1.535260,1.535080,1.535260,0
2019-01-03 12:56:00,1.535280,1.535730,1.535180,1.535440,0
2019-01-03 12:57:00,1.535430,1.535560,1.535080,1.535100,0
2019-01-03 12:58:00,1.535110,1.535510,1.534910,1.535500,0
2019-01-03 12:59:00,1.535510,1.535700,1.535320,1.535520,0
2019-01-03 13:00:00,1.535520,1.535680,1.535200,1.535680,0
2019-01-03 13:01:00,1.535660,1.536170,1.535610,1.536170,0
2019-01-03 13:02:00,1.536180,1.536690,1.536080,1.536460,0
2019-01-03 13:03:00,1.536450,1.536820,1.536400,1.536690,0
2019-01-03 13:04:00,1.536720,1.536800,1.536600,1.536600,0
2019-01-03 13:05:00,1.536600,1.537100,1.536570,1.537010,0
2019-01-03 13:06:00,1.537010,1.537250,1.536930,1.537200,0
2019-01-03 13:07:00,1.537210,1.537250,1.536950,1.536980,0
2019-01-03 13:08:00,1.536990,1.537300,1.536950,1.537250,0
2019-01-03 13:09:00,1.537270,1.537310,1.537110,1.537130,0
2019-01-03 13:10:00,1.537130,1.537250,1.536820,1.536840,0
2019-01-03 13:11:00,1.536820,1.536880,1.536610,1.536630,0
2019-01-03 13:12:00,1.536630,1.536900,1.536460,1.536820,0
2019-01-03 13:13:00,1.536820,1.536820,1.536560,1.536630,0
2019-01-03 13:14:00,1.536650,1.536730,1.536440,1.536670,0
2019-01-03 13:15:00,1.536680,1.536760,1.536520,1.536740,0
2019-01-03 13:16:00,1.536730,1.536830,1.536590,1.536680,0
2019-01-03 13:17:00,1.536690,1.537810,1.536690,1.537780,0
2019-01-03 13:18:00,1.537770,1.537840,1.537420,1.537540,0
2019-01-03 13:19:00,1.537540,1.537930,1.537540,1.537910,0
2019-01-03 13:20:00,1.537910,1.538100,1.537830,1.537910,0
2019-01-03 13:21:00,1.537940,1.538050,1.537790,1.537810,0
2019-01-03 13:22:00,1.537800,1.537820,1.537570,1.537680,0
2019-01-03 13:23:00,1.537670,1.537770,1.537370,1.537530,0
2019-01-03 13:24:00,1.537540,1.537620,1.537380,1.537450,0
2019-01-03 13:25:00,1.537440,1.537710,1.537320,1.537400,0
2019-01-03 13:26:00,1.537390,1.537540,1.536700,1.536740,0
2019-01-03 13:27:00,1.536780,1.536930,1.536590,1.536780,0
2019-01-03 13:28:00,1.536790,1.537370,1.536780,1.537080,0
2019-01-03 13:29:00,1.537080,1.537080,1.536650,1.536830,0
2019-01-03 13:30:00,1.536870,1.537330,1.536820,1.536990,0
2019-01-03 13:31:00,1.537010,1.537020,1.536630,1.536770,0
2019-01-03 13:32:00,1.536760,1.537020,1.536760,1.536960,0
2019-01-03 13:33:00,1.536960,1.537230,1.536850,1.536900,0
2019-01-03 13:34:00,1.536890,1.536930,1.536640,1.536910,0
2019-01-03 13:35:00,1.536910,1.536960,1.536410,1.536530,0
2019-01-03 13:36:00,1.536530,1.536580,1.536210,1.536240,0
2019-01-03 13:37:00,1.536260,1.536540,1.536260,1.536380,0
2019-01-03 13:38:00,1.536380,1.536660,1.536350,1.536600,0
2019-01-03 13:39:00,1.536600,1.536610,1.535990,1.536140,0
2019-01-03 13:40:00,1.536140,1.536360,1.536140,1.536340,0
2019-01-03 13:41:00,1.536340,1.536490,1.536240,1.536330,0
2019-01-03 13:42:00,1.536350,1.536350,1.536060,1.536130,0
2019-01-03 13:43:00,1.536130,1.536450,1.536130,1.536300,0
2019-01-03 13:44:00,1.536300,1.536430,1.536160,1.536420,0
2019-01-03 13:45:00,1.536420,1.536750,1.536390,1.536650,0
2019-01-03 13:46:00,1.536660,1.537080,1.536630,1.537060,0
2019-01-03 13:47:00,1.537060,1.537100,1.536870,1.537070,0
2019-01-03 13:48:00,1.537070,1.537220,1.536970,1.537180,0
2019-01-03 13:49:00,1.537180,1.537190,1.536840,1.536960,0
2019-01-03 13:50:00,1.536950,1.537000,1.536690,1.536760,0
2019-01-03 13:51:00,1.536760,1.536890,1.536710,1.536820,0
2019-01-03 13:52:00,1.536820,1.536950,1.536740,1.536800,0
2019-01-03 13:53:00,1.536840,1.537090,1.536750,1.537070,0
2019-01-03 13:54:00,1.537070,1.537170,1.536980,1.537120,0
2019-01-03 13:55:00,1.537110,1.537270,1.537110,1.537170,0
2019-01-03 13:56:00,1.537170,1.537320,1.537170,1.537290,0
2019-01-03 13:57:00,1.537300,1.537310,1.536730,1.536810,0
2019-01-03 13:58:00,1.536810,1.536860,1.536730,1.536730,0
2019-01-03 13:59:00,1.536730,1.536750,1.536280,1.536380,0
2019-01-03 14:00:00,1.536390,1.536920,1.536390,1.536690,0
2019-01-03 14:01:00,1.536680,1.536840,1.536510,1.536630,0
2019-01-03 14:02:00,1.536650,1.536850,1.536650,1.536810,0
2019-01-03 14:03:00,1.536810,1.536890,1.536680,1.536790,0
2019-01-03 14:04:00,1.536780,1.536870,1.536660,1.536810,0
2019-01-03 14:05:00,1.536810,1.536930,1.536650,1.536710,0
2019-01-03 14:06:00,1.536700,1.536790,1.536460,1.536590,0
2019-01-03 14:07:00,1.536590,1.536690,1.535850,1.535850,0
2019-01-03 14:08:00,1.535850,1.536030,1.535680,1.535860,0
2019-01-03 14:09:00,1.535860,1.536250,1.535750,1.536190,0
2019-01-03 14:10:00,1.536190,1.536450,1.536090,1.536160,0
2019-01-03 14:11:00,1.536160,1.536370,1.536040,1.536040,0
2019-01-03 14:12:00,1.536020,1.536410,1.536010,1.536340,0
2019-01-03 14:13:00,1.536340,1.536480,1.536200,1.536230,0
2019-01-03 14:14:00,1.536230,1.536450,1.536110,1.536270,0
2019-01-03 14:15:00,1.536280,1.536310,1.535820,1.535910,0
2019-01-03 14:16:00,1.535900,1.536370,1.535900,1.536330,0
2019-01-03 14:17:00,1.536340,1.536490,1.536270,1.536360,0
2019-01-03 14:18:00,1.536360,1.536390,1.536170,1.536280,0
2019-01-03 14:19:00,1.536310,1.536390,1.536050,1.536130,0
2019-01-03 14:20:00,1.536120,1.536370,1.536120,1.536270,0
2019-01-03 14:21:00,1.536280,1.536360,1.536180,1.536210,0
2019-01-03 14:22:00,1.536200,1.536310,1.536100,1.536150,0
2019-01-03 14:23:00,1.536150,1.536260,1.536030,1.536160,0
2019-01-03 14:24:00,1.536150,1.536210,1.536000,1.536180,0
2019-01-03 14:25:00,1.536170,1.536430,1.536160,1.536190,0
2019-01-03 14:26:00,1.536190,1.536320,1.536020,1.536310,0
2019-01-03 14:27:00,1.536260,1.536460,1.536180,1.536430,0
2019-01-03 14:28:00,1.536440,1.536440,1.536060,1.536080,0
2019-01-03 14:29:00,1.536080,1.536600,1.536080,1.536220,0
2019-01-03 14:30:00,1.536200,1.536290,1.536030,1.536070,0
2019-01-03 14:31:00,1.536070,1.536250,1.536020,1.536210,0
2019-01-03 14:32:00,1.536210,1.536420,1.536160,1.536360,0
2019-01-03 14:33:00,1.536350,1.536380,1.536130,1.536200,0
2019-01-03 14:34:00,1.536180,1.536340,1.535980,1.535980,0
2019-01-03 14:35:00,1.535980,1.535990,1.535520,1.535690,0
2019-01-03 14:36:00,1.535690,1.535690,1.535270,1.535300,0
2019-01-03 14:37:00,1.535290,1.535660,1.535280,1.535600,0
2019-01-03 14:38:00,1.535610,1.535660,1.535380,1.535650,0
2019-01-03 14:39:00,1.535660,1.535690,1.535020,1.535030,0
2019-01-03 14:40:00,1.535040,1.535190,1.534910,1.535120,0
2019-01-03 14:41:00,1.535160,1.535410,1.535160,1.535330,0
2019-01-03 14:42:00,1.535310,1.535510,1.535170,1.535170,0
2019-01-03 14:43:00,1.535170,1.535250,1.534360,1.535010,0
2019-01-03 14:44:00,1.535010,1.535140,1.534910,1.535140,0
2019-01-03 14:45:00,1.535120,1.535140,1.534900,1.535040,0
2019-01-03 14:46:00,1.535040,1.535140,1.535020,1.535070,0
2019-01-03 14:47:00,1.535070,1.535280,1.535010,1.535140,0
2019-01-03 14:48:00,1.535140,1.535220,1.535080,1.535160,0
2019-01-03 14:49:00,1.535180,1.535660,1.535160,1.535590,0
2019-01-03 14:50:00,1.535590,1.535700,1.535420,1.535510,0
2019-01-03 14:51:00,1.535520,1.535620,1.535470,1.535620,0
2019-01-03 14:52:00,1.535620,1.535780,1.535610,1.535710,0
2019-01-03 14:53:00,1.535700,1.535780,1.535600,1.535660,0
2019-01-03 14:54:00,1.535660,1.535990,1.535630,1.535800,0
2019-01-03 14:55:00,1.535790,1.536030,1.535780,1.535820,0
2019-01-03 14:56:00,1.535830,1.536140,1.535810,1.535990,0
2019-01-03 14:57:00,1.535980,1.536070,1.535770,1.535800,0
2019-01-03 14:58:00,1.535810,1.536000,1.535430,1.535440,0
2019-01-03 14:59:00,1.535410,1.535570,1.535040,1.535040,0
2019-01-03 15:00:00,1.535050,1.535390,1.534950,1.535380,0
2019-01-03 15:01:00,1.535380,1.535740,1.535380,1.535630,0
2019-01-03 15:02:00,1.535620,1.535760,1.535510,1.535600,0
2019-01-03 15:03:00,1.535590,1.535800,1.535470,1.535700,0
2019-01-03 15:04:00,1.535700,1.535890,1.535660,1.535830,0
2019-01-03 15:05:00,1.535810,1.535970,1.535760,1.535820,0
2019-01-03 15:06:00,1.535830,1.535840,1.535640,1.535820,0
2019-01-03 15:07:00,1.535820,1.536400,1.535770,1.536300,0
2019-01-03 15:08:00,1.536330,1.536440,1.536170,1.536400,0
2019-01-03 15:09:00,1.536430,1.536790,1.536410,1.536560,0
2019-01-03 15:10:00,1.536570,1.536740,1.536510,1.536600,0
2019-01-03 15:11:00,1.536600,1.536650,1.536320,1.536320,0
2019-01-03 15:12:00,1.536350,1.536390,1.536240,1.536270,0
2019-01-03 15:13:00,1.536270,1.536620,1.536210,1.536620,0
2019-01-03 15:14:00,1.536640,1.537000,1.536640,1.537000,0
2019-01-03 15:15:00,1.537000,1.537020,1.536640,1.536710,0
2019-01-03 15:16:00,1.536720,1.536910,1.536630,1.536820,0
2019-01-03 15:17:00,1.536950,1.537170,1.536890,1.537040,0
2019-01-03 15:18:00,1.537040,1.537060,1.536610,1.536680,0
2019-01-03 15:19:00,1.536670,1.536850,1.536500,1.536600,0
2019-01-03 15:20:00,1.536600,1.536640,1.536080,1.536180,0
2019-01-03 15:21:00,1.536180,1.536490,1.536120,1.536280,0
2019-01-03 15:22:00,1.536290,1.536490,1.536240,1.536420,0
2019-01-03 15:23:00,1.536420,1.536680,1.536380,1.536550,0
2019-01-03 15:24:00,1.536530,1.536770,1.536480,1.536710,0
2019-01-03 15:25:00,1.536700,1.536810,1.536660,1.536680,0
2019-01-03 15:26:00,1.536690,1.537000,1.536640,1.536920,0
2019-01-03 15:27:00,1.536930,1.537010,1.536810,1.537000,0
2019-01-03 15:28:00,1.537000,1.537010,1.536690,1.536790,0
2019-01-03 15:29:00,1.536800,1.536900,1.536720,1.536860,0
2019-01-03 15:30:00,1.536870,1.537010,1.536800,1.536830,0
2019-01-03 15:31:00,1.536840,1.536840,1.536410,1.536470,0
2019-01-03 15:32:00,1.536460,1.536460,1.536060,1.536080,0
2019-01-03 15:33:00,1.536070,1.536110,1.535990,1.536010,0
2019-01-03 15:34:00,1.536040,1.536110,1.535810,1.535830,0
2019-01-03 15:35:00,1.535840,1.535960,1.535690,1.535790,0
2019-01-03 15:36:00,1.535780,1.536000,1.535780,1.535960,0
2019-01-03 15:37:00,1.535960,1.536200,1.535790,1.536120,0
2019-01-03 15:38:00,1.536120,1.536330,1.536060,1.536310,0
2019-01-03 15:39:00,1.536310,1.536550,1.536260,1.536540,0
2019-01-03 15:40:00,1.536540,1.536710,1.536530,1.536640,0
2019-01-03 15:41:00,1.536650,1.536660,1.536460,1.536550,0
2019-01-03 15:42:00,1.536530,1.536570,1.536360,1.536380,0
2019-01-03 15:43:00,1.536370,1.536460,1.536290,1.536370,0
2019-01-03 15:44:00,1.536360,1.536360,1.536110,1.536160,0
2019-01-03 15:45:00,1.536140,1.536440,1.536060,1.536440,0
2019-01-03 15:46:00,1.536440,1.536640,1.536410,1.536640,0
2019-01-03 15:47:00,1.536640,1.536750,1.536560,1.536560,0
2019-01-03 15:48:00,1.536560,1.536680,1.536500,1.536520,0
2019-01-03 15:49:00,1.536510,1.536540,1.536430,1.536440,0
2019-01-03 15:50:00,1.536440,1.536470,1.535990,1.536010,0
2019-01-03 15:51:00,1.536010,1.536060,1.535900,1.536030,0
2019-01-03 15:52:00,1.536040,1.536350,1.536020,1.536350,0
2019-01-03 15:53:00,1.536350,1.536500,1.536290,1.536420,0
2019-01-03 15:54:00,1.536410,1.536470,1.536240,1.536430,0
2019-01-03 15:55:00,1.536420,1.536550,1.536300,1.536350,0
2019-01-03 15:56:00,1.536370,1.536630,1.536260,1.536580,0
2019-01-03 15:57:00,1.536580,1.536730,1.536410,1.536710,0
2019-01-03 15:58:00,1.536720,1.536770,1.536580,1.536610,0
2019-01-03 15:59:00,1.536610,1.536800,1.536430,1.536480,0
2019-01-03 16:00:00,1.536490,1.536490,1.536140,1.536210,0
2019-01-03 16:01:00,1.536240,1.536330,1.536140,1.536300,0
2019-01-03 16:02:00,1.536300,1.536380,1.536180,1.536220,0
2019-01-03 16:03:00,1.536220,1.536420,1.536150,1.536390,0
2019-01-03 16:04:00,1.536390,1.536400,1.536090,1.536100,0
2019-01-03 16:05:00,1.536110,1.536210,1.536090,1.536130,0
2019-01-03 16:06:00,1.536140,1.536420,1.536110,1.536350,0
2019-01-03 16:07:00,1.536350,1.536400,1.536190,1.536190,0
2019-01-03 16:08:00,1.536190,1.536200,1.536080,1.536190,0
2019-01-03 16:09:00,1.536220,1.536240,1.536060,1.536100,0
2019-01-03 16:10:00,1.536090,1.536170,1.536010,1.536100,0
2019-01-03 16:11:00,1.536100,1.536290,1.536080,1.536280,0
2019-01-03 16:12:00,1.536290,1.536310,1.536220,1.536300,0
2019-01-03 16:13:00,1.536270,1.536310,1.536210,1.536280,0
2019-01-03 16:14:00,1.536270,1.536410,1.536270,1.536300,0
2019-01-03 16:15:00,1.536320,1.536440,1.536290,1.536440,0
2019-01-03 16:16:00,1.536440,1.536440,1.536190,1.536200,0
2019-01-03 16:17:00,1.536200,1.536220,1.536200,1.536220,0
2019-01-03 16:18:00,1.536220,1.536240,1.536190,1.536230,0
2019-01-03 16:19:00,1.536230,1.536250,1.536150,1.536160,0
2019-01-03 16:20:00,1.536140,1.536290,1.536140,1.536160,0
2019-01-03 16:21:00,1.536160,1.536330,1.536130,1.536290,0
2019-01-03 16:22:00,1.536290,1.536460,1.536290,1.536300,0
2019-01-03 16:23:00,1.536300,1.536350,1.536270,1.536340,0
2019-01-03 16:24:00,1.536350,1.536420,1.536320,1.536390,0
2019-01-03 16:25:00,1.536380,1.536440,1.536350,1.536360,0
2019-01-03 16:26:00,1.536350,1.536350,1.536260,1.536260,0
2019-01-03 16:27:00,1.536260,1.536400,1.536260,1.536350,0
2019-01-03 16:28:00,1.536350,1.536350,1.536230,1.536280,0
2019-01-03 16:29:00,1.536280,1.536320,1.536210,1.536280,0
2019-01-03 16:30:00,1.536280,1.536420,1.536220,1.536270,0
2019-01-03 16:31:00,1.536270,1.536270,1.536130,1.536170,0
2019-01-03 16:32:00,1.536170,1.536360,1.536120,1.536350,0
2019-01-03 16:33:00,1.536360,1.536550,1.536280,1.536400,0
2019-01-03 16:34:00,1.536410,1.536540,1.536150,1.536150,0
2019-01-03 16:35:00,1.536140,1.536180,1.535990,1.536020,0
2019-01-03 16:36:00,1.536020,1.536080,1.535990,1.536030,0
2019-01-03 16:37:00,1.536030,1.536050,1.535890,1.535920,0
2019-01-03 16:38:00,1.535920,1.535920,1.535790,1.535860,0
2019-01-03 16:39:00,1.535840,1.535950,1.535780,1.535950,0
2019-01-03 16:40:00,1.535930,1.535940,1.535780,1.535820,0
2019-01-03 16:41:00,1.535810,1.535910,1.535800,1.535880,0
2019-01-03 16:42:00,1.535880,1.535910,1.535630,1.535700,0
2019-01-03 16:43:00,1.535700,1.535840,1.535660,1.535800,0
2019-01-03 16:44:00,1.535780,1.536050,1.535780,1.535950,0
2019-01-03 16:45:00,1.535960,1.535960,1.535800,1.535870,0
2019-01-03 16:46:00,1.535920,1.536040,1.535920,1.535940,0
2019-01-03 16:47:00,1.535960,1.536020,1.535900,1.536000,0
2019-01-03 16:48:00,1.536000,1.536120,1.535970,1.536050,0
2019-01-03 16:49:00,1.536040,1.536080,1.535870,1.535910,0
2019-01-03 16:50:00,1.535920,1.535960,1.535810,1.535920,0
2019-01-03 16:51:00,1.535920,1.536050,1.535880,1.535940,0
2019-01-03 16:52:00,1.535940,1.536100,1.535820,1.535830,0
2019-01-03 16:53:00,1.535820,1.536130,1.535820,1.536090,0
2019-01-03 16:54:00,1.536090,1.536220,1.536030,1.536190,0
2019-01-03 16:55:00,1.536210,1.536360,1.536160,1.536180,0
2019-01-03 16:56:00,1.536180,1.536390,1.536140,1.536340,0
2019-01-03 16:57:00,1.536390,1.536620,1.536390,1.536620,0
2019-01-03 16:58:00,1.536620,1.536620,1.536280,1.536590,0
2019-01-03 16:59:00,1.536590,1.536630,1.536410,1.536470,0
2019-01-03 17:00:00,1.536440,1.536520,1.536120,1.536120,0
2019-01-03 17:01:00,1.536420,1.536420,1.536390,1.536410,0
2019-01-03 17:02:00,1.536410,1.536490,1.536410,1.536440,0
2019-01-03 17:03:00,1.536440,1.536440,1.536380,1.536380,0
2019-01-03 17:04:00,1.536390,1.536400,1.536380,1.536400,0
2019-01-03 17:05:00,1.536400,1.536460,1.536300,1.536450,0
2019-01-03 17:06:00,1.536400,1.536460,1.536370,1.536420,0
2019-01-03 17:07:00,1.536420,1.536460,1.536260,1.536360,0
2019-01-03 17:08:00,1.536330,1.536370,1.536300,1.536300,0
2019-01-03 17:09:00,1.536290,1.536300,1.536270,1.536290,0
2019-01-03 17:10:00,1.536290,1.536290,1.535620,1.535730,0
2019-01-03 17:11:00,1.535640,1.536430,1.535620,1.536370,0
2019-01-03 17:12:00,1.536370,1.536450,1.536220,1.536440,0
2019-01-03 17:13:00,1.536440,1.536560,1.536410,1.536470,0
2019-01-03 17:14:00,1.536450,1.536470,1.536430,1.536430,0
2019-01-03 17:15:00,1.536480,1.536480,1.536430,1.536460,0
2019-01-03 17:16:00,1.536510,1.536530,1.536430,1.536430,0
2019-01-03 17:17:00,1.536430,1.536430,1.536180,1.536220,0
2019-01-03 17:18:00,1.536190,1.536550,1.536160,1.536520,0
2019-01-03 17:19:00,1.536520,1.536600,1.536520,1.536560,0
2019-01-03 17:20:00,1.536560,1.536600,1.536400,1.536410,0
2019-01-03 17:21:00,1.536420,1.536450,1.536100,1.536390,0
2019-01-03 17:22:00,1.536390,1.537180,1.536330,1.536940,0
2019-01-03 17:23:00,1.536950,1.537910,1.536860,1.536870,0
2019-01-03 17:24:00,1.536880,1.536940,1.536550,1.536770,0
2019-01-03 17:25:00,1.536770,1.537120,1.536770,1.537000,0
2019-01-03 17:26:00,1.537000,1.537130,1.536890,1.536890,0
2019-01-03 17:27:00,1.536890,1.537070,1.536870,1.536940,0
2019-01-03 17:28:00,1.536930,1.537730,1.536920,1.537620,0
2019-01-03 17:29:00,1.537500,1.537720,1.537330,1.537560,0
2019-01-03 17:30:00,1.537560,1.537610,1.536630,1.536710,0
2019-01-03 17:31:00,1.536730,1.537120,1.536630,1.537050,0
2019-01-03 17:32:00,1.537040,1.537120,1.536790,1.536890,0
2019-01-03 17:33:00,1.536890,1.536970,1.536700,1.536710,0
2019-01-03 17:34:00,1.536720,1.536800,1.536710,1.536780,0
2019-01-03 17:35:00,1.536770,1.537700,1.536770,1.536910,0
2019-01-03 17:36:00,1.536880,1.537000,1.536680,1.536960,0
2019-01-03 17:37:00,1.536960,1.537240,1.536930,1.537070,0
2019-01-03 17:38:00,1.537080,1.537150,1.537080,1.537080,0
2019-01-03 17:39:00,1.537080,1.537120,1.536830,1.536830,0
2019-01-03 17:40:00,1.536830,1.536860,1.536810,1.536830,0
2019-01-03 17:41:00,1.536830,1.537080,1.536830,1.536910,0
2019-01-03 17:42:00,1.536920,1.536930,1.536810,1.536890,0
2019-01-03 17:43:00,1.536870,1.536910,1.536760,1.536860,0
2019-01-03 17:44:00,1.536850,1.536860,1.536820,1.536850,0
2019-01-03 17:45:00,1.536850,1.536910,1.536840,1.536910,0
2019-01-03 17:46:00,1.536900,1.536910,1.536870,1.536890,0
2019-01-03 17:47:00,1.536900,1.537000,1.536830,1.536970,0
2019-01-03 17:48:00,1.536980,1.536990,1.536170,1.536180,0
2019-01-03 17:49:00,1.536180,1.536220,1.535710,1.535810,0
2019-01-03 17:50:00,1.535810,1.536040,1.535790,1.536030,0
2019-01-03 17:51:00,1.536020,1.536200,1.536020,1.536180,0
2019-01-03 17:52:00,1.536180,1.536370,1.536170,1.536370,0
2019-01-03 17:53:00,1.536390,1.536440,1.536350,1.536410,0
2019-01-03 17:54:00,1.536410,1.536430,1.536250,1.536250,0
2019-01-03 17:55:00,1.536280,1.536600,1.536220,1.536300,0
2019-01-03 17:56:00,1.536280,1.536490,1.536230,1.536250,0
2019-01-03 17:57:00,1.536250,1.536250,1.535930,1.535950,0
2019-01-03 17:58:00,1.535950,1.536110,1.535610,1.535620,0
2019-01-03 17:59:00,1.535620,1.535720,1.535520,1.535580,0
2019-01-03 18:00:00,1.535680,1.535930,1.535650,1.535840,0
2019-01-03 18:01:00,1.535830,1.536050,1.535830,1.535950,0
2019-01-03 18:02:00,1.535950,1.536000,1.535920,1.535930,0
2019-01-03 18:03:00,1.535950,1.536020,1.535930,1.535940,0
2019-01-03 18:04:00,1.536030,1.536110,1.536030,1.536100,0
2019-01-03 18:05:00,1.536110,1.536210,1.536090,1.536160,0
2019-01-03 18:06:00,1.536160,1.536210,1.535870,1.535870,0
2019-01-03 18:07:00,1.535870,1.535910,1.535710,1.535710,0
2019-01-03 18:08:00,1.535720,1.535820,1.535610,1.535650,0
2019-01-03 18:09:00,1.535630,1.535690,1.535560,1.535620,0
2019-01-03 18:10:00,1.535620,1.535690,1.535280,1.535420,0
2019-01-03 18:11:00,1.535420,1.535490,1.535370,1.535440,0
2019-01-03 18:12:00,1.535420,1.535440,1.535190,1.535190,0
2019-01-03 18:13:00,1.535180,1.535200,1.535050,1.535150,0
2019-01-03 18:14:00,1.535160,1.535240,1.535060,1.535060,0
2019-01-03 18:15:00,1.535060,1.535380,1.535060,1.535280,0
2019-01-03 18:16:00,1.535290,1.535300,1.535120,1.535200,0
2019-01-03 18:17:00,1.535190,1.535210,1.535120,1.535140,0
2019-01-03 18:18:00,1.535170,1.535510,1.535070,1.535330,0
2019-01-03 18:19:00,1.535430,1.535460,1.535220,1.535400,0
2019-01-03 18:20:00,1.535390,1.535490,1.535320,1.535390,0
2019-01-03 18:21:00,1.535380,1.535380,1.535230,1.535270,0
2019-01-03 18:22:00,1.535310,1.535410,1.535270,1.535400,0
2019-01-03 18:23:00,1.535390,1.535430,1.535370,1.535380,0
2019-01-03 18:24:00,1.535410,1.535460,1.535000,1.535170,0
2019-01-03 18:25:00,1.535190,1.535260,1.535040,1.535240,0
2019-01-03 18:26:00,1.535240,1.535320,1.535130,1.535140,0
2019-01-03 18:27:00,1.535170,1.535280,1.535170,1.535260,0
2019-01-03 18:28:00,1.535260,1.535290,1.535220,1.535290,0
2019-01-03 18:29:00,1.535280,1.535290,1.535230,1.535270,0
2019-01-03 18:30:00,1.535290,1.535360,1.535260,1.535360,0
2019-01-03 18:31:00,1.535350,1.535380,1.535340,1.535370,0
2019-01-03 18:32:00,1.535360,1.535370,1.535340,1.535360,0
2019-01-03 18:33:00,1.535360,1.535490,1.535360,1.535380,0
2019-01-03 18:34:00,1.535360,1.535410,1.535280,1.535380,0
2019-01-03 18:35:00,1.535400,1.535450,1.535300,1.535430,0
2019-01-03 18:36:00,1.535440,1.535510,1.535390,1.535390,0
2019-01-03 18:37:00,1.535400,1.535540,1.535370,1.535540,0
2019-01-03 18:38:00,1.535540,1.535560,1.535450,1.535490,0
2019-01-03 18:39:00,1.535500,1.535540,1.535460,1.535510,0
2019-01-03 18:40:00,1.535500,1.535510,1.535460,1.535510,0
2019-01-03 18:41:00,1.535520,1.535580,1.535450,1.535470,0
2019-01-03 18:42:00,1.535460,1.535480,1.535340,1.535340,0
2019-01-03 18:43:00,1.535340,1.535420,1.535310,1.535370,0
2019-01-03 18:44:00,1.535360,1.535400,1.535190,1.535230,0
2019-01-03 18:45:00,1.535280,1.535440,1.535270,1.535270,0
2019-01-03 18:46:00,1.535270,1.535310,1.535220,1.535280,0
2019-01-03 18:47:00,1.535290,1.535380,1.535290,1.535370,0
2019-01-03 18:48:00,1.535380,1.535540,1.535380,1.535440,0
2019-01-03 18:49:00,1.535440,1.535440,1.535420,1.535420,0
2019-01-03 18:50:00,1.535440,1.535520,1.535440,1.535500,0
2019-01-03 18:51:00,1.535530,1.535570,1.535290,1.535290,0
2019-01-03 18:52:00,1.535290,1.535290,1.535080,1.535120,0
2019-01-03 18:53:00,1.535110,1.535390,1.535090,1.535330,0
2019-01-03 18:54:00,1.535360,1.535360,1.535230,1.535230,0
2019-01-03 18:55:00,1.535240,1.535290,1.535130,1.535220,0
2019-01-03 18:56:00,1.535220,1.535310,1.535220,1.535280,0
2019-01-03 18:57:00,1.535280,1.535290,1.535270,1.535280,0
2019-01-03 18:58:00,1.535290,1.535320,1.535260,1.535260,0
2019-01-03 18:59:00,1.535270,1.535290,1.535190,1.535240,0
2019-01-03 19:00:00,1.535260,1.535420,1.535140,1.535420,0
2019-01-03 19:01:00,1.535420,1.535770,1.535420,1.535660,0
2019-01-03 19:02:00,1.535660,1.536100,1.535650,1.536050,0
2019-01-03 19:03:00,1.536040,1.536060,1.535700,1.535700,0
2019-01-03 19:04:00,1.535700,1.535810,1.535630,1.535730,0
2019-01-03 19:05:00,1.535720,1.536220,1.535710,1.536200,0
2019-01-03 19:06:00,1.536200,1.536460,1.536150,1.536150,0
2019-01-03 19:07:00,1.536150,1.536200,1.536070,1.536170,0
2019-01-03 19:08:00,1.536170,1.536170,1.536030,1.536110,0
2019-01-03 19:09:00,1.536220,1.536360,1.536160,1.536260,0
2019-01-03 19:10:00,1.536270,1.536330,1.536240,1.536240,0
2019-01-03 19:11:00,1.536240,1.536270,1.535940,1.536100,0
2019-01-03 19:12:00,1.536100,1.536300,1.536060,1.536220,0
2019-01-03 19:13:00,1.536220,1.536240,1.535890,1.536060,0
2019-01-03 19:14:00,1.536050,1.536340,1.536050,1.536270,0
2019-01-03 19:15:00,1.536280,1.536300,1.536140,1.536280,0
2019-01-03 19:16:00,1.536280,1.536560,1.536280,1.536460,0
2019-01-03 19:17:00,1.536460,1.536610,1.536410,1.536580,0
2019-01-03 19:18:00,1.536580,1.536580,1.536370,1.536390,0
2019-01-03 19:19:00,1.536380,1.536400,1.536260,1.536360,0
2019-01-03 19:20:00,1.536360,1.536410,1.536250,1.536330,0
2019-01-03 19:21:00,1.536330,1.536440,1.536320,1.536420,0
2019-01-03 19:22:00,1.536420,1.536510,1.536340,1.536460,0
2019-01-03 19:23:00,1.536470,1.536790,1.536440,1.536760,0
2019-01-03 19:24:00,1.536760,1.536820,1.536660,1.536770,0
2019-01-03 19:25:00,1.536780,1.536830,1.536720,1.536780,0
2019-01-03 19:26:00,1.536790,1.536990,1.536790,1.536880,0
2019-01-03 19:27:00,1.536870,1.536880,1.536780,1.536780,0
2019-01-03 19:28:00,1.536770,1.536860,1.536770,1.536840,0
2019-01-03 19:29:00,1.536840,1.536910,1.536790,1.536870,0
2019-01-03 19:30:00,1.536870,1.536920,1.536850,1.536890,0
2019-01-03 19:31:00,1.536920,1.536960,1.536700,1.536750,0
2019-01-03 19:32:00,1.536760,1.536790,1.536710,1.536760,0
2019-01-03 19:33:00,1.536760,1.536860,1.536730,1.536730,0
2019-01-03 19:34:00,1.536730,1.536860,1.536700,1.536730,0
2019-01-03 19:35:00,1.536730,1.536950,1.536720,1.536920,0
2019-01-03 19:36:00,1.536920,1.536920,1.536820,1.536890,0
2019-01-03 19:37:00,1.536900,1.536940,1.536780,1.536890,0
2019-01-03 19:38:00,1.536890,1.536990,1.536790,1.536960,0
2019-01-03 19:39:00,1.536960,1.536990,1.536860,1.536970,0
2019-01-03 19:40:00,1.536960,1.537080,1.536920,1.537010,0
2019-01-03 19:41:00,1.537030,1.537230,1.537030,1.537210,0
2019-01-03 19:42:00,1.537210,1.537210,1.537100,1.537170,0
2019-01-03 19:43:00,1.537150,1.537420,1.537090,1.537420,0
2019-01-03 19:44:00,1.537440,1.537510,1.537390,1.537490,0
2019-01-03 19:45:00,1.537490,1.537560,1.537420,1.537540,0
2019-01-03 19:46:00,1.537540,1.537610,1.537510,1.537570,0
2019-01-03 19:47:00,1.537570,1.537640,1.537490,1.537640,0
2019-01-03 19:48:00,1.537640,1.537640,1.537490,1.537530,0
2019-01-03 19:49:00,1.537530,1.537570,1.537490,1.537560,0
2019-01-03 19:50:00,1.537540,1.537640,1.537510,1.537570,0
2019-01-03 19:51:00,1.537570,1.537670,1.537560,1.537660,0
2019-01-03 19:52:00,1.537660,1.537680,1.537530,1.537570,0
2019-01-03 19:53:00,1.537570,1.537570,1.537430,1.537560,0
2019-01-03 19:54:00,1.537570,1.537640,1.537520,1.537630,0
2019-01-03 19:55:00,1.537630,1.537780,1.537570,1.537770,0
2019-01-03 19:56:00,1.537770,1.537910,1.537770,1.537900,0
2019-01-03 19:57:00,1.537890,1.538200,1.537880,1.538180,0
2019-01-03 19:58:00,1.538180,1.538180,1.537960,1.537970,0
2019-01-03 19:59:00,1.537980,1.538110,1.537960,1.538030,0
2019-01-03 20:00:00,1.538030,1.538110,1.537960,1.538030,0
2019-01-03 20:01:00,1.538040,1.538410,1.538040,1.538370,0
2019-01-03 20:02:00,1.538370,1.538690,1.538210,1.538270,0
2019-01-03 20:03:00,1.538270,1.538480,1.538170,1.538170,0
2019-01-03 20:04:00,1.538170,1.538170,1.537890,1.538000,0
2019-01-03 20:05:00,1.537990,1.538070,1.537870,1.537930,0
2019-01-03 20:06:00,1.537940,1.537940,1.537810,1.537830,0
2019-01-03 20:07:00,1.537830,1.537830,1.537750,1.537830,0
2019-01-03 20:08:00,1.537830,1.537860,1.537760,1.537800,0
2019-01-03 20:09:00,1.537800,1.537900,1.537710,1.537880,0
2019-01-03 20:10:00,1.537880,1.537980,1.537880,1.537940,0
2019-01-03 20:11:00,1.537940,1.538040,1.537900,1.537950,0
2019-01-03 20:12:00,1.537950,1.537950,1.537830,1.537900,0
2019-01-03 20:13:00,1.537900,1.537900,1.537760,1.537830,0
2019-01-03 20:14:00,1.537840,1.537850,1.537670,1.537680,0
2019-01-03 20:15:00,1.537690,1.537900,1.537690,1.537840,0
2019-01-03 20:16:00,1.537870,1.538050,1.537870,1.538040,0
2019-01-03 20:17:00,1.538040,1.538180,1.538010,1.538110,0
2019-01-03 20:18:00,1.538110,1.538350,1.538110,1.538330,0
2019-01-03 20:19:00,1.538320,1.538330,1.538170,1.538170,0
2019-01-03 20:20:00,1.538170,1.538290,1.537960,1.538290,0
2019-01-03 20:21:00,1.538290,1.538290,1.538200,1.538270,0
2019-01-03 20:22:00,1.538270,1.538290,1.538190,1.538290,0
2019-01-03 20:23:00,1.538290,1.538660,1.538290,1.538650,0
2019-01-03 20:24:00,1.538640,1.538750,1.538610,1.538750,0
2019-01-03 20:25:00,1.538750,1.538940,1.538700,1.538920,0
2019-01-03 20:26:00,1.538920,1.538930,1.538580,1.538760,0
2019-01-03 20:27:00,1.538760,1.538800,1.538760,1.538770,0
2019-01-03 20:28:00,1.538770,1.538790,1.538640,1.538640,0
2019-01-03 20:29:00,1.538640,1.538870,1.538640,1.538860,0
2019-01-03 20:30:00,1.538860,1.538860,1.538690,1.538760,0
2019-01-03 20:31:00,1.538760,1.538760,1.538540,1.538540,0
2019-01-03 20:32:00,1.538550,1.538680,1.538490,1.538630,0
2019-01-03 20:33:00,1.538630,1.538720,1.538620,1.538680,0
2019-01-03 20:34:00,1.538680,1.538710,1.538530,1.538540,0
2019-01-03 20:35:00,1.538540,1.538540,1.538350,1.538350,0
2019-01-03 20:36:00,1.538340,1.538430,1.537910,1.537910,0
2019-01-03 20:37:00,1.537910,1.537950,1.537700,1.537700,0
2019-01-03 20:38:00,1.537700,1.537810,1.537700,1.537720,0
2019-01-03 20:39:00,1.537720,1.537880,1.537640,1.537870,0
2019-01-03 20:40:00,1.537870,1.537900,1.537780,1.537860,0
2019-01-03 20:41:00,1.537860,1.537900,1.537640,1.537640,0
2019-01-03 20:42:00,1.537630,1.537660,1.537540,1.537570,0
2019-01-03 20:43:00,1.537570,1.537630,1.537540,1.537610,0
2019-01-03 20:44:00,1.537610,1.537620,1.537340,1.537370,0
2019-01-03 20:45:00,1.537370,1.537370,1.537110,1.537190,0
2019-01-03 20:46:00,1.537190,1.537450,1.537160,1.537320,0
2019-01-03 20:47:00,1.537330,1.537490,1.537210,1.537460,0
2019-01-03 20:48:00,1.537470,1.537540,1.537230,1.537350,0
2019-01-03 20:49:00,1.537350,1.537390,1.537240,1.537390,0
2019-01-03 20:50:00,1.537410,1.537430,1.537220,1.537220,0
2019-01-03 20:51:00,1.537270,1.537270,1.537010,1.537090,0
2019-01-03 20:52:00,1.537100,1.537100,1.536950,1.536950,0
2019-01-03 20:53:00,1.536950,1.537100,1.536910,1.537050,0
2019-01-03 20:54:00,1.537030,1.537180,1.536980,1.537010,0
2019-01-03 20:55:00,1.537020,1.537050,1.536930,1.536930,0
2019-01-03 20:56:00,1.536910,1.537060,1.536910,1.537020,0
2019-01-03 20:57:00,1.537020,1.537080,1.536970,1.537070,0
2019-01-03 20:58:00,1.537070,1.537170,1.537060,1.537170,0
2019-01-03 20:59:00,1.537170,1.537210,1.537160,1.537170,0
2019-01-03 21:00:00,1.537170,1.537230,1.537110,1.537230,0
2019-01-03 21:01:00,1.537240,1.537240,1.537080,1.537120,0
2019-01-03 21:02:00,1.537150,1.537170,1.537000,1.537090,0
2019-01-03 21:03:00,1.537090,1.537090,1.536960,1.536960,0
2019-01-03 21:04:00,1.536960,1.536960,1.536780,1.536800,0
2019-01-03 21:05:00,1.536780,1.536910,1.536770,1.536910,0
2019-01-03 21:06:00,1.536920,1.537020,1.536920,1.537020,0
2019-01-03 21:07:00,1.537020,1.537040,1.536870,1.536880,0
2019-01-03 21:08:00,1.536860,1.537000,1.536860,1.536950,0
2019-01-03 21:09:00,1.536950,1.536980,1.536910,1.536960,0
2019-01-03 21:10:00,1.536980,1.537000,1.536920,1.536990,0
2019-01-03 21:11:00,1.536990,1.537010,1.536960,1.537010,0
2019-01-03 21:12:00,1.537010,1.537160,1.536880,1.537140,0
2019-01-03 21:13:00,1.537140,1.537250,1.537130,1.537250,0
2019-01-03 21:14:00,1.537250,1.537370,1.537250,1.537320,0
2019-01-03 21:15:00,1.537320,1.537330,1.537250,1.537260,0
2019-01-03 21:16:00,1.537260,1.537350,1.537230,1.537350,0
2019-01-03 21:17:00,1.537350,1.537410,1.537340,1.537410,0
2019-01-03 21:18:00,1.537460,1.537580,1.537400,1.537580,0
2019-01-03 21:19:00,1.537580,1.537590,1.537550,1.537560,0
2019-01-03 21:20:00,1.537560,1.537560,1.537500,1.537530,0
2019-01-03 21:21:00,1.537530,1.537680,1.537530,1.537660,0
2019-01-03 21:22:00,1.537660,1.537660,1.537390,1.537390,0
2019-01-03 21:23:00,1.537380,1.537450,1.537270,1.537400,0
2019-01-03 21:24:00,1.537400,1.537410,1.537210,1.537230,0
2019-01-03 21:25:00,1.537220,1.537330,1.537140,1.537200,0
2019-01-03 21:26:00,1.537200,1.537200,1.537010,1.537010,0
2019-01-03 21:27:00,1.537010,1.537010,1.536690,1.536870,0
2019-01-03 21:28:00,1.536840,1.536840,1.536610,1.536670,0
2019-01-03 21:29:00,1.536690,1.536770,1.536620,1.536680,0
2019-01-03 21:30:00,1.536680,1.536700,1.536550,1.536570,0
2019-01-03 21:31:00,1.536570,1.536860,1.536540,1.536840,0
2019-01-03 21:32:00,1.536840,1.536900,1.536790,1.536850,0
2019-01-03 21:33:00,1.536850,1.536920,1.536800,1.536910,0
2019-01-03 21:34:00,1.536910,1.536950,1.536840,1.536920,0
2019-01-03 21:35:00,1.536940,1.536940,1.536770,1.536940,0
2019-01-03 21:36:00,1.536930,1.537210,1.536930,1.537050,0
2019-01-03 21:37:00,1.537060,1.537160,1.537050,1.537100,0
2019-01-03 21:38:00,1.537090,1.537090,1.536930,1.537030,0
2019-01-03 21:39:00,1.537030,1.537060,1.536850,1.536850,0
2019-01-03 21:40:00,1.536820,1.536930,1.536790,1.536850,0
2019-01-03 21:41:00,1.536850,1.536920,1.536770,1.536840,0
2019-01-03 21:42:00,1.536850,1.536850,1.536700,1.536750,0
2019-01-03 21:43:00,1.536750,1.536820,1.536690,1.536770,0
2019-01-03 21:44:00,1.536770,1.536810,1.536730,1.536740,0
2019-01-03 21:45:00,1.536770,1.536800,1.536730,1.536780,0
2019-01-03 21:46:00,1.536780,1.536880,1.536760,1.536850,0
2019-01-03 21:47:00,1.536860,1.536890,1.536790,1.536890,0
2019-01-03 21:48:00,1.536890,1.536940,1.536860,1.536860,0
2019-01-03 21:49:00,1.536860,1.537010,1.536860,1.536970,0
2019-01-03 21:50:00,1.536940,1.537010,1.536880,1.537010,0
2019-01-03 21:51:00,1.537010,1.537150,1.537010,1.537110,0
2019-01-03 21:52:00,1.537120,1.537160,1.536970,1.536970,0
2019-01-03 21:53:00,1.536970,1.536980,1.536870,1.536940,0
2019-01-03 21:54:00,1.536940,1.537040,1.536930,1.537020,0
2019-01-03 21:55:00,1.537020,1.537030,1.536930,1.536940,0
2019-01-03 21:56:00,1.536950,1.537050,1.536930,1.537010,0
2019-01-03 21:57:00,1.536990,1.536990,1.536830,1.536990,0
2019-01-03 21:58:00,1.536970,1.537030,1.536890,1.536940,0
2019-01-03 21:59:00,1.536950,1.537060,1.536910,1.536930,0
2019-01-03 22:00:00,1.536940,1.536950,1.536770,1.536870,0
2019-01-03 22:01:00,1.536870,1.537160,1.536760,1.537040,0
2019-01-03 22:02:00,1.537050,1.537220,1.537030,1.537220,0
2019-01-03 22:03:00,1.537220,1.537290,1.537020,1.537070,0
2019-01-03 22:04:00,1.537070,1.537190,1.536910,1.536910,0
2019-01-03 22:05:00,1.536910,1.536940,1.536750,1.536750,0
2019-01-03 22:06:00,1.536760,1.536810,1.536570,1.536750,0
2019-01-03 22:07:00,1.536730,1.536850,1.536610,1.536840,0
2019-01-03 22:08:00,1.536840,1.536910,1.536710,1.536710,0
2019-01-03 22:09:00,1.536760,1.536760,1.536590,1.536590,0
2019-01-03 22:10:00,1.536590,1.536600,1.536350,1.536370,0
2019-01-03 22:11:00,1.536370,1.536550,1.536340,1.536550,0
2019-01-03 22:12:00,1.536550,1.536550,1.536360,1.536370,0
2019-01-03 22:13:00,1.536360,1.536370,1.536120,1.536250,0
2019-01-03 22:14:00,1.536250,1.536280,1.536110,1.536110,0
2019-01-03 22:15:00,1.536110,1.536450,1.536110,1.536390,0
2019-01-03 22:16:00,1.536390,1.536570,1.536390,1.536560,0
2019-01-03 22:17:00,1.536570,1.536610,1.536480,1.536600,0
2019-01-03 22:18:00,1.536600,1.536640,1.536540,1.536610,0
2019-01-03 22:19:00,1.536620,1.536750,1.536620,1.536620,0
2019-01-03 22:20:00,1.536600,1.536830,1.536590,1.536780,0
2019-01-03 22:21:00,1.536770,1.536800,1.536560,1.536570,0
2019-01-03 22:22:00,1.536550,1.536760,1.536540,1.536610,0
2019-01-03 22:23:00,1.536610,1.536740,1.536560,1.536740,0
2019-01-03 22:24:00,1.536740,1.536870,1.536700,1.536770,0
2019-01-03 22:25:00,1.536770,1.536820,1.536700,1.536820,0
2019-01-03 22:26:00,1.536820,1.536890,1.536800,1.536810,0
2019-01-03 22:27:00,1.536800,1.536940,1.536790,1.536830,0
2019-01-03 22:28:00,1.536810,1.537040,1.536700,1.536800,0
2019-01-03 22:29:00,1.536760,1.536880,1.536720,1.536860,0
2019-01-03 22:30:00,1.536860,1.537010,1.536730,1.536980,0
2019-01-03 22:31:00,1.536970,1.537040,1.536740,1.536760,0
2019-01-03 22:32:00,1.536790,1.537030,1.536790,1.537000,0
2019-01-03 22:33:00,1.536980,1.537030,1.536850,1.536930,0
2019-01-03 22:34:00,1.536930,1.537000,1.536890,1.536900,0
2019-01-03 22:35:00,1.536900,1.537010,1.536770,1.536960,0
2019-01-03 22:36:00,1.536940,1.536970,1.536840,1.536840,0
2019-01-03 22:37:00,1.536830,1.536950,1.536770,1.536950,0
2019-01-03 22:38:00,1.536970,1.536980,1.536820,1.536900,0
2019-01-03 22:39:00,1.536900,1.536970,1.536840,1.536860,0
2019-01-03 22:40:00,1.536870,1.536870,1.536720,1.536780,0
2019-01-03 22:41:00,1.536790,1.536840,1.536690,1.536770,0
2019-01-03 22:42:00,1.536760,1.536770,1.536590,1.536620,0
2019-01-03 22:43:00,1.536620,1.536650,1.536590,1.536600,0
2019-01-03 22:44:00,1.536600,1.536600,1.536500,1.536520,0
2019-01-03 22:45:00,1.536510,1.536530,1.536490,1.536510,0
2019-01-03 22:46:00,1.536490,1.536640,1.536490,1.536630,0
2019-01-03 22:47:00,1.536610,1.536640,1.536610,1.536630,0
2019-01-03 22:48:00,1.536610,1.536640,1.536560,1.536590,0
2019-01-03 22:49:00,1.536590,1.536710,1.536560,1.536710,0
2019-01-03 22:50:00,1.536710,1.536860,1.536610,1.536780,0
2019-01-03 22:51:00,1.536770,1.536910,1.536730,1.536890,0
2019-01-03 22:52:00,1.536880,1.537040,1.536880,1.536980,0
2019-01-03 22:53:00,1.536980,1.537000,1.536870,1.536870,0
2019-01-03 22:54:00,1.536880,1.537080,1.536880,1.537030,0
2019-01-03 22:55:00,1.537020,1.537020,1.536940,1.536960,0
2019-01-03 22:56:00,1.536960,1.537000,1.536830,1.536880,0
2019-01-03 22:57:00,1.536880,1.536890,1.536720,1.536720,0
2019-01-03 22:58:00,1.536720,1.536860,1.536700,1.536820,0
2019-01-03 22:59:00,1.536790,1.536820,1.536710,1.536750,0
2019-01-03 23:00:00,1.536780,1.536780,1.536660,1.536750,0
2019-01-03 23:01:00,1.536750,1.536810,1.536700,1.536770,0
2019-01-03 23:02:00,1.536750,1.536760,1.536640,1.536660,0
2019-01-03 23:03:00,1.536660,1.536720,1.536650,1.536700,0
2019-01-03 23:04:00,1.536700,1.536700,1.536540,1.536660,0
2019-01-03 23:05:00,1.536660,1.536850,1.536650,1.536790,0
2019-01-03 23:06:00,1.536790,1.536790,1.536610,1.536660,0
2019-01-03 23:07:00,1.536650,1.536890,1.536650,1.536760,0
2019-01-03 23:08:00,1.536760,1.536760,1.536520,1.536650,0
2019-01-03 23:09:00,1.536680,1.536690,1.536530,1.536650,0
2019-01-03 23:10:00,1.536650,1.536660,1.536570,1.536570,0
2019-01-03 23:11:00,1.536570,1.536580,1.536510,1.536540,0
2019-01-03 23:12:00,1.536540,1.536540,1.536320,1.536400,0
2019-01-03 23:13:00,1.536410,1.536430,1.536330,1.536340,0
2019-01-03 23:14:00,1.536340,1.536380,1.536250,1.536250,0
2019-01-03 23:15:00,1.536270,1.536280,1.536100,1.536130,0
2019-01-03 23:16:00,1.536120,1.536120,1.535860,1.535860,0
2019-01-03 23:17:00,1.535870,1.535910,1.535790,1.535810,0
2019-01-03 23:18:00,1.535810,1.535870,1.535790,1.535860,0
2019-01-03 23:19:00,1.535870,1.536020,1.535840,1.535980,0
2019-01-03 23:20:00,1.535980,1.536300,1.535950,1.536280,0
2019-01-03 23:21:00,1.536290,1.536420,1.536210,1.536210,0
2019-01-03 23:22:00,1.536210,1.536270,1.536190,1.536250,0
2019-01-03 23:23:00,1.536270,1.536300,1.536200,1.536300,0
2019-01-03 23:24:00,1.536300,1.536330,1.536280,1.536330,0
2019-01-03 23:25:00,1.536330,1.536340,1.536270,1.536330,0
2019-01-03 23:26:00,1.536330,1.536370,1.536240,1.536370,0
2019-01-03 23:27:00,1.536370,1.536370,1.536360,1.536360,0
2019-01-03 23:28:00,1.536360,1.536370,1.536280,1.536280,0
2019-01-03 23:29:00,1.536280,1.536300,1.536250,1.536300,0
2019-01-03 23:30:00,1.536300,1.536350,1.536270,1.536290,0
2019-01-03 23:31:00,1.536290,1.536370,1.536160,1.536330,0
2019-01-03 23:32:00,1.536330,1.536510,1.536330,1.536490,0
2019-01-03 23:33:00,1.536500,1.536540,1.536440,1.536460,0
2019-01-03 23:34:00,1.536460,1.536540,1.536460,1.536530,0
2019-01-03 23:35:00,1.536530,1.536550,1.536430,1.536430,0
2019-01-03 23:36:00,1.536400,1.536450,1.536380,1.536420,0
2019-01-03 23:37:00,1.536420,1.536490,1.536420,1.536440,0
2019-01-03 23:38:00,1.536440,1.536540,1.536440,1.536530,0
2019-01-03 23:39:00,1.536530,1.536530,1.536460,1.536520,0
2019-01-03 23:40:00,1.536520,1.536540,1.536440,1.536540,0
2019-01-03 23:41:00,1.536540,1.536620,1.536500,1.536600,0
2019-01-03 23:42:00,1.536600,1.536610,1.536510,1.536530,0
2019-01-03 23:43:00,1.536530,1.536550,1.536440,1.536450,0
2019-01-03 23:44:00,1.536460,1.536490,1.536370,1.536380,0
2019-01-03 23:45:00,1.536380,1.536450,1.536350,1.536350,0
2019-01-03 23:46:00,1.536340,1.536410,1.536320,1.536350,0
2019-01-03 23:47:00,1.536350,1.536370,1.536330,1.536370,0
2019-01-03 23:48:00,1.536350,1.536470,1.536350,1.536450,0
2019-01-03 23:49:00,1.536470,1.536520,1.536440,1.536500,0
2019-01-03 23:50:00,1.536500,1.536510,1.536380,1.536500,0
2019-01-03 23:51:00,1.536500,1.536500,1.536420,1.536420,0
2019-01-03 23:52:00,1.536430,1.536430,1.536280,1.536290,0
2019-01-03 23:53:00,1.536290,1.536300,1.536250,1.536290,0
2019-01-03 23:54:00,1.536280,1.536310,1.536240,1.536260,0
2019-01-03 23:55:00,1.536260,1.536380,1.536220,1.536370,0
2019-01-03 23:56:00,1.536380,1.536450,1.536300,1.536360,0
2019-01-03 23:57:00,1.536360,1.536400,1.536320,1.536340,0
2019-01-03 23:58:00,1.536340,1.536350,1.536320,1.536330,0
2019-01-03 23:59:00,1.536340,1.536410,1.536320,1.536340,0
2019-01-04 00:00:00,1.536320,1.536350,1.536220,1.536220,0
2019-01-04 00:01:00,1.536220,1.536330,1.536180,1.536290,0
2019-01-04 00:02:00,1.536290,1.536360,1.536270,1.536290,0
2019-01-04 00:03:00,1.536330,1.536350,1.536170,1.536170,0
2019-01-04 00:04:00,1.536180,1.536250,1.536120,1.536250,0
2019-01-04 00:05:00,1.536230,1.536230,1.536170,1.536170,0
2019-01-04 00:06:00,1.536180,1.536200,1.536140,1.536190,0
2019-01-04 00:07:00,1.536200,1.536240,1.536160,1.536230,0
2019-01-04 00:08:00,1.536220,1.536290,1.536220,1.536250,0
2019-01-04 00:09:00,1.536250,1.536320,1.536160,1.536170,0
2019-01-04 00:10:00,1.536170,1.536180,1.536120,1.536170,0
2019-01-04 00:11:00,1.536160,1.536210,1.536110,1.536210,0
2019-01-04 00:12:00,1.536180,1.536250,1.536160,1.536250,0
2019-01-04 00:13:00,1.536240,1.536290,1.536210,1.536210,0
2019-01-04 00:14:00,1.536210,1.536280,1.536200,1.536260,0
2019-01-04 00:15:00,1.536260,1.536280,1.536080,1.536140,0
2019-01-04 00:16:00,1.536130,1.536150,1.536120,1.536140,0
2019-01-04 00:17:00,1.536140,1.536220,1.536070,1.536200,0
2019-01-04 00:18:00,1.536200,1.536300,1.536190,1.536280,0
2019-01-04 00:19:00,1.536280,1.536280,1.536180,1.536210,0
2019-01-04 00:20:00,1.536210,1.536250,1.536180,1.536230,0
2019-01-04 00:21:00,1.536230,1.536270,1.536190,1.536210,0
2019-01-04 00:22:00,1.536210,1.536330,1.536180,1.536310,0
2019-01-04 00:23:00,1.536310,1.536310,1.536240,1.536240,0
2019-01-04 00:24:00,1.536240,1.536420,1.536240,1.536380,0
2019-01-04 00:25:00,1.536400,1.536430,1.536310,1.536360,0
2019-01-04 00:26:00,1.536350,1.536410,1.536280,1.536280,0
2019-01-04 00:27:00,1.536280,1.536350,1.536260,1.536290,0
2019-01-04 00:28:00,1.536290,1.536290,1.536230,1.536280,0
2019-01-04 00:29:00,1.536280,1.536390,1.536210,1.536350,0
2019-01-04 00:30:00,1.536340,1.536420,1.536300,1.536410,0
2019-01-04 00:31:00,1.536410,1.536510,1.536320,1.536360,0
2019-01-04 00:32:00,1.536360,1.536360,1.536030,1.536040,0
2019-01-04 00:33:00,1.536040,1.536280,1.536040,1.536220,0
2019-01-04 00:34:00,1.536200,1.536310,1.536170,1.536260,0
2019-01-04 00:35:00,1.536260,1.536480,1.536260,1.536380,0
2019-01-04 00:36:00,1.536380,1.536460,1.536380,1.536440,0
2019-01-04 00:37:00,1.536440,1.536490,1.536330,1.536330,0
2019-01-04 00:38:00,1.536330,1.536420,1.536320,1.536420,0
2019-01-04 00:39:00,1.536420,1.536440,1.536360,1.536440,0
2019-01-04 00:40:00,1.536420,1.536510,1.536140,1.536160,0
2019-01-04 00:41:00,1.536150,1.536300,1.536090,1.536200,0
2019-01-04 00:42:00,1.536200,1.536330,1.536200,1.536280,0
2019-01-04 00:43:00,1.536280,1.536380,1.536260,1.536380,0
2019-01-04 00:44:00,1.536380,1.536450,1.536360,1.536420,0
2019-01-04 00:45:00,1.536420,1.536460,1.536340,1.536360,0
2019-01-04 00:46:00,1.536360,1.536550,1.536340,1.536530,0
2019-01-04 00:47:00,1.536530,1.536620,1.536430,1.536620,0
2019-01-04 00:48:00,1.536610,1.536620,1.536470,1.536590,0
2019-01-04 00:49:00,1.536590,1.536620,1.536510,1.536510,0
2019-01-04 00:50:00,1.536520,1.536550,1.536360,1.536370,0
2019-01-04 00:51:00,1.536390,1.536400,1.536310,1.536340,0
2019-01-04 00:52:00,1.536340,1.536380,1.536120,1.536190,0
2019-01-04 00:53:00,1.536170,1.536340,1.536170,1.536310,0
2019-01-04 00:54:00,1.536300,1.536330,1.536130,1.536150,0
2019-01-04 00:55:00,1.536150,1.536180,1.535970,1.536020,0
2019-01-04 00:56:00,1.536020,1.536170,1.536020,1.536080,0
2019-01-04 00:57:00,1.536080,1.536120,1.536020,1.536080,0
2019-01-04 00:58:00,1.536080,1.536190,1.536050,1.536060,0
2019-01-04 00:59:00,1.536060,1.536090,1.536000,1.536040,0
2019-01-04 01:00:00,1.536040,1.536140,1.535980,1.536040,0
2019-01-04 01:01:00,1.536040,1.536050,1.535840,1.535870,0
2019-01-04 01:02:00,1.535880,1.535940,1.535780,1.535810,0
2019-01-04 01:03:00,1.535810,1.535810,1.535800,1.535800,0
2019-01-04 01:04:00,1.535800,1.535800,1.535580,1.535620,0
2019-01-04 01:05:00,1.535620,1.535910,1.535620,1.535910,0
2019-01-04 01:06:00,1.535900,1.535960,1.535780,1.535960,0
2019-01-04 01:07:00,1.535960,1.535970,1.535810,1.535840,0
2019-01-04 01:08:00,1.535840,1.536020,1.535840,1.535890,0
2019-01-04 01:09:00,1.535890,1.535890,1.535790,1.535820,0
2019-01-04 01:10:00,1.535830,1.535930,1.535820,1.535930,0
2019-01-04 01:11:00,1.535900,1.535920,1.535820,1.535870,0
2019-01-04 01:12:00,1.535900,1.536120,1.535900,1.535920,0
2019-01-04 01:13:00,1.535920,1.535970,1.535750,1.535810,0
2019-01-04 01:14:00,1.535810,1.535830,1.535630,1.535650,0
2019-01-04 01:15:00,1.535650,1.535650,1.535410,1.535450,0
2019-01-04 01:16:00,1.535440,1.535690,1.535440,1.535560,0
2019-01-04 01:17:00,1.535550,1.535740,1.535540,1.535680,0
2019-01-04 01:18:00,1.535680,1.535680,1.535490,1.535630,0
2019-01-04 01:19:00,1.535630,1.535640,1.535560,1.535640,0
2019-01-04 01:20:00,1.535640,1.535640,1.535460,1.535460,0
2019-01-04 01:21:00,1.535460,1.535510,1.535360,1.535360,0
2019-01-04 01:22:00,1.535360,1.535430,1.535290,1.535420,0
2019-01-04 01:23:00,1.535430,1.535440,1.535330,1.535350,0
2019-01-04 01:24:00,1.535350,1.535410,1.535290,1.535360,0
2019-01-04 01:25:00,1.535360,1.535430,1.535300,1.535370,0
2019-01-04 01:26:00,1.535340,1.535390,1.535270,1.535340,0
2019-01-04 01:27:00,1.535340,1.535340,1.535080,1.535120,0
2019-01-04 01:28:00,1.535120,1.535220,1.535060,1.535190,0
2019-01-04 01:29:00,1.535210,1.535230,1.535110,1.535110,0
2019-01-04 01:30:00,1.535130,1.535130,1.535000,1.535060,0
2019-01-04 01:31:00,1.535060,1.535130,1.534990,1.534990,0
2019-01-04 01:32:00,1.534990,1.535030,1.534880,1.534950,0
2019-01-04 01:33:00,1.534940,1.534940,1.534630,1.534740,0
2019-01-04 01:34:00,1.534740,1.534830,1.534510,1.534790,0
2019-01-04 01:35:00,1.534830,1.534990,1.534830,1.534960,0
2019-01-04 01:36:00,1.534930,1.535030,1.534810,1.534820,0
2019-01-04 01:37:00,1.534820,1.534920,1.534790,1.534830,0
2019-01-04 01:38:00,1.534810,1.534850,1.534750,1.534750,0
2019-01-04 01:39:00,1.534750,1.534780,1.534640,1.534700,0
2019-01-04 01:40:00,1.534710,1.534760,1.534660,1.534740,0
2019-01-04 01:41:00,1.534740,1.534840,1.534740,1.534820,0
2019-01-04 01:42:00,1.534840,1.534900,1.534730,1.534730,0
2019-01-04 01:43:00,1.534730,1.534860,1.534730,1.534850,0
2019-01-04 01:44:00,1.534850,1.534870,1.534250,1.534280,0
2019-01-04 01:45:00,1.534280,1.534500,1.534280,1.534480,0
2019-01-04 01:46:00,1.534490,1.534870,1.534430,1.534630,0
2019-01-04 01:47:00,1.534620,1.534740,1.534620,1.534700,0
2019-01-04 01:48:00,1.534700,1.534780,1.534660,1.534770,0
2019-01-04 01:49:00,1.534770,1.534770,1.534500,1.534530,0
2019-01-04 01:50:00,1.534530,1.534640,1.534530,1.534630,0
2019-01-04 01:51:00,1.534590,1.534590,1.534470,1.534530,0
2019-01-04 01:52:00,1.534530,1.534630,1.534530,1.534620,0
2019-01-04 01:53:00,1.534630,1.534840,1.534620,1.534830,0
2019-01-04 01:54:00,1.534820,1.535100,1.534760,1.535070,0
2019-01-04 01:55:00,1.535060,1.535100,1.534920,1.534970,0
2019-01-04 01:56:00,1.534990,1.534990,1.534810,1.534830,0
2019-01-04 01:57:00,1.534830,1.535090,1.534740,1.534970,0
2019-01-04 01:58:00,1.534970,1.535010,1.534960,1.534980,0
2019-01-04 01:59:00,1.534980,1.535060,1.534960,1.535060,0
2019-01-04 02:00:00,1.535060,1.535120,1.534770,1.534790,0
2019-01-04 02:01:00,1.534780,1.534800,1.534350,1.534400,0
2019-01-04 02:02:00,1.534410,1.534430,1.534160,1.534200,0
2019-01-04 02:03:00,1.534160,1.534400,1.534140,1.534390,0
2019-01-04 02:04:00,1.534390,1.534500,1.534330,1.534390,0
2019-01-04 02:05:00,1.534390,1.534480,1.534380,1.534410,0
2019-01-04 02:06:00,1.534410,1.534690,1.534410,1.534690,0
2019-01-04 02:07:00,1.534680,1.534700,1.534500,1.534570,0
2019-01-04 02:08:00,1.534570,1.534800,1.534530,1.534740,0
2019-01-04 02:09:00,1.534760,1.534760,1.534230,1.534230,0
2019-01-04 02:10:00,1.534230,1.534520,1.534200,1.534410,0
2019-01-04 02:11:00,1.534430,1.534500,1.534370,1.534420,0
2019-01-04 02:12:00,1.534420,1.534420,1.533930,1.534060,0
2019-01-04 02:13:00,1.534040,1.534430,1.533990,1.534320,0
2019-01-04 02:14:00,1.534330,1.534340,1.533980,1.534110,0
2019-01-04 02:15:00,1.534110,1.534460,1.534110,1.534340,0
2019-01-04 02:16:00,1.534360,1.534790,1.534230,1.534330,0
2019-01-04 02:17:00,1.534330,1.534670,1.534330,1.534490,0
2019-01-04 02:18:00,1.534480,1.534660,1.534470,1.534550,0
2019-01-04 02:19:00,1.534530,1.534670,1.534520,1.534570,0
2019-01-04 02:20:00,1.534590,1.534630,1.534360,1.534400,0
2019-01-04 02:21:00,1.534400,1.534470,1.534280,1.534290,0
2019-01-04 02:22:00,1.534310,1.534570,1.534170,1.534200,0
2019-01-04 02:23:00,1.534200,1.534390,1.534090,1.534290,0
2019-01-04 02:24:00,1.534310,1.534340,1.534190,1.534300,0
2019-01-04 02:25:00,1.534290,1.534350,1.534100,1.534250,0
2019-01-04 02:26:00,1.534250,1.534440,1.534220,1.534380,0
2019-01-04 02:27:00,1.534380,1.534450,1.534210,1.534440,0
2019-01-04 02:28:00,1.534430,1.534430,1.534210,1.534220,0
2019-01-04 02:29:00,1.534230,1.534460,1.534210,1.534270,0
2019-01-04 02:30:00,1.534270,1.534530,1.534210,1.534450,0
2019-01-04 02:31:00,1.534460,1.534470,1.534310,1.534380,0
2019-01-04 02:32:00,1.534400,1.534520,1.534130,1.534240,0
2019-01-04 02:33:00,1.534270,1.534590,1.534270,1.534360,0
2019-01-04 02:34:00,1.534360,1.534430,1.533810,1.533930,0
2019-01-04 02:35:00,1.533950,1.534480,1.533930,1.534480,0
2019-01-04 02:36:00,1.534490,1.534640,1.534380,1.534500,0
2019-01-04 02:37:00,1.534490,1.534700,1.534330,1.534460,0
2019-01-04 02:38:00,1.534470,1.534490,1.534310,1.534430,0
2019-01-04 02:39:00,1.534420,1.534490,1.534340,1.534440,0
2019-01-04 02:40:00,1.534430,1.534460,1.534240,1.534340,0
2019-01-04 02:41:00,1.534330,1.534560,1.534270,1.534520,0
2019-01-04 02:42:00,1.534510,1.534530,1.534250,1.534520,0
2019-01-04 02:43:00,1.534520,1.534590,1.534420,1.534440,0
2019-01-04 02:44:00,1.534440,1.534520,1.534270,1.534300,0
2019-01-04 02:45:00,1.534280,1.534320,1.534110,1.534120,0
2019-01-04 02:46:00,1.534130,1.534250,1.534120,1.534180,0
2019-01-04 02:47:00,1.534190,1.534200,1.533930,1.533990,0
2019-01-04 02:48:00,1.534000,1.534190,1.533900,1.534140,0
2019-01-04 02:49:00,1.534130,1.534160,1.533860,1.533870,0
2019-01-04 02:50:00,1.533890,1.533970,1.533720,1.533940,0
2019-01-04 02:51:00,1.533940,1.533990,1.533860,1.533980,0
2019-01-04 02:52:00,1.533970,1.534240,1.533960,1.534220,0
2019-01-04 02:53:00,1.534230,1.534260,1.534080,1.534170,0
2019-01-04 02:54:00,1.534180,1.534220,1.533920,1.533950,0
2019-01-04 02:55:00,1.533950,1.534090,1.533860,1.533970,0
2019-01-04 02:56:00,1.533980,1.534200,1.533980,1.534150,0
2019-01-04 02:57:00,1.534150,1.534280,1.533870,1.533870,0
2019-01-04 02:58:00,1.533870,1.534290,1.533790,1.533920,0
2019-01-04 02:59:00,1.533920,1.534130,1.533810,1.534130,0
2019-01-04 03:00:00,1.534120,1.534510,1.534070,1.534090,0
2019-01-04 03:01:00,1.534090,1.534500,1.534010,1.534340,0
2019-01-04 03:02:00,1.534350,1.534540,1.534220,1.534490,0
2019-01-04 03:03:00,1.534490,1.534640,1.534370,1.534430,0
2019-01-04 03:04:00,1.534430,1.534470,1.534360,1.534460,0
2019-01-04 03:05:00,1.534440,1.534870,1.534410,1.534870,0
2019-01-04 03:06:00,1.534880,1.534960,1.534570,1.534570,0
2019-01-04 03:07:00,1.534580,1.534640,1.534310,1.534340,0
2019-01-04 03:08:00,1.534340,1.534430,1.534280,1.534360,0
2019-01-04 03:09:00,1.534400,1.534680,1.534380,1.534520,0
2019-01-04 03:10:00,1.534510,1.534760,1.534380,1.534630,0
2019-01-04 03:11:00,1.534620,1.535010,1.534520,1.534840,0
2019-01-04 03:12:00,1.534820,1.534950,1.534480,1.534510,0
2019-01-04 03:13:00,1.534510,1.534750,1.534410,1.534710,0
2019-01-04 03:14:00,1.534710,1.535240,1.534680,1.534980,0
2019-01-04 03:15:00,1.534980,1.535070,1.534880,1.535060,0
2019-01-04 03:16:00,1.535050,1.535060,1.534820,1.534890,0
2019-01-04 03:17:00,1.534890,1.535040,1.534810,1.534960,0
2019-01-04 03:18:00,1.534970,1.535090,1.534630,1.534720,0
2019-01-04 03:19:00,1.534750,1.534850,1.534520,1.534680,0
2019-01-04 03:20:00,1.534680,1.534680,1.534090,1.534150,0
2019-01-04 03:21:00,1.534150,1.534250,1.534090,1.534170,0
2019-01-04 03:22:00,1.534170,1.534460,1.534040,1.534250,0
2019-01-04 03:23:00,1.534250,1.534400,1.534190,1.534290,0
2019-01-04 03:24:00,1.534300,1.534300,1.534110,1.534120,0
2019-01-04 03:25:00,1.534120,1.534300,1.533920,1.533930,0
2019-01-04 03:26:00,1.533920,1.534020,1.533720,1.533880,0
2019-01-04 03:27:00,1.533880,1.533930,1.533590,1.533600,0
2019-01-04 03:28:00,1.533610,1.533730,1.533580,1.533600,0
2019-01-04 03:29:00,1.533610,1.533750,1.533360,1.533690,0
2019-01-04 03:30:00,1.533690,1.533710,1.533320,1.533320,0
2019-01-04 03:31:00,1.533310,1.533310,1.533080,1.533160,0
2019-01-04 03:32:00,1.533180,1.533670,1.533150,1.533640,0
2019-01-04 03:33:00,1.533630,1.533650,1.533370,1.533520,0
2019-01-04 03:34:00,1.533530,1.533940,1.533500,1.533900,0
2019-01-04 03:35:00,1.533900,1.534400,1.533830,1.534280,0
2019-01-04 03:36:00,1.534250,1.534510,1.534140,1.534440,0
2019-01-04 03:37:00,1.534440,1.534720,1.534440,1.534690,0
2019-01-04 03:38:00,1.534690,1.534730,1.534630,1.534710,0
2019-01-04 03:39:00,1.534710,1.534780,1.534530,1.534770,0
2019-01-04 03:40:00,1.534780,1.534780,1.534550,1.534690,0
2019-01-04 03:41:00,1.534700,1.535020,1.534700,1.534910,0
2019-01-04 03:42:00,1.534910,1.534980,1.534740,1.534820,0
2019-01-04 03:43:00,1.534820,1.534840,1.534150,1.534300,0
2019-01-04 03:44:00,1.534290,1.534320,1.533510,1.533620,0
2019-01-04 03:45:00,1.533650,1.533790,1.533440,1.533590,0
2019-01-04 03:46:00,1.533620,1.533830,1.533420,1.533420,0
2019-01-04 03:47:00,1.533420,1.533650,1.533310,1.533430,0
2019-01-04 03:48:00,1.533460,1.533510,1.533110,1.533220,0
2019-01-04 03:49:00,1.533210,1.533340,1.533060,1.533340,0
2019-01-04 03:50:00,1.533340,1.533340,1.532780,1.532990,0
2019-01-04 03:51:00,1.532980,1.533020,1.532910,1.532950,0
2019-01-04 03:52:00,1.532960,1.533050,1.532880,1.532900,0
2019-01-04 03:53:00,1.532900,1.532990,1.532890,1.532950,0
2019-01-04 03:54:00,1.532940,1.533050,1.532810,1.532910,0
2019-01-04 03:55:00,1.532900,1.532970,1.532320,1.532400,0
2019-01-04 03:56:00,1.532400,1.532600,1.532400,1.532550,0
2019-01-04 03:57:00,1.532500,1.532500,1.532220,1.532230,0
2019-01-04 03:58:00,1.532260,1.532570,1.532210,1.532480,0
2019-01-04 03:59:00,1.532510,1.532990,1.532420,1.532620,0
2019-01-04 04:00:00,1.532620,1.532870,1.532370,1.532510,0
2019-01-04 04:01:00,1.532520,1.532980,1.532520,1.532980,0
2019-01-04 04:02:00,1.532970,1.533110,1.532840,1.532860,0
2019-01-04 04:03:00,1.532860,1.532940,1.532730,1.532800,0
2019-01-04 04:04:00,1.532800,1.532860,1.532710,1.532800,0
2019-01-04 04:05:00,1.532790,1.532880,1.532690,1.532690,0
2019-01-04 04:06:00,1.532700,1.532780,1.532680,1.532750,0
2019-01-04 04:07:00,1.532760,1.532760,1.532630,1.532670,0
2019-01-04 04:08:00,1.532670,1.532890,1.532590,1.532890,0
2019-01-04 04:09:00,1.532890,1.533160,1.532870,1.533150,0
2019-01-04 04:10:00,1.533160,1.533410,1.533130,1.533370,0
2019-01-04 04:11:00,1.533340,1.533700,1.533340,1.533370,0
2019-01-04 04:12:00,1.533360,1.533380,1.533070,1.533140,0
2019-01-04 04:13:00,1.533140,1.533340,1.533120,1.533210,0
2019-01-04 04:14:00,1.533220,1.533540,1.533200,1.533430,0
2019-01-04 04:15:00,1.533410,1.533490,1.533230,1.533320,0
2019-01-04 04:16:00,1.533320,1.533520,1.533290,1.533460,0
2019-01-04 04:17:00,1.533460,1.533570,1.533440,1.533460,0
2019-01-04 04:18:00,1.533450,1.533710,1.533390,1.533670,0
2019-01-04 04:19:00,1.533670,1.533800,1.533620,1.533780,0
2019-01-04 04:20:00,1.533790,1.534160,1.533770,1.534150,0
2019-01-04 04:21:00,1.534160,1.534450,1.534160,1.534390,0
2019-01-04 04:22:00,1.534390,1.534390,1.533690,1.533760,0
2019-01-04 04:23:00,1.533780,1.533910,1.533290,1.533700,0
2019-01-04 04:24:00,1.533680,1.533680,1.533270,1.533400,0
2019-01-04 04:25:00,1.533410,1.533890,1.533410,1.533530,0
2019-01-04 04:26:00,1.533540,1.533640,1.533440,1.533520,0
2019-01-04 04:27:00,1.533530,1.533700,1.533390,1.533420,0
2019-01-04 04:28:00,1.533420,1.533580,1.533280,1.533360,0
2019-01-04 04:29:00,1.533360,1.533460,1.533220,1.533340,0
2019-01-04 04:30:00,1.533340,1.533600,1.533270,1.533530,0
2019-01-04 04:31:00,1.533510,1.533770,1.533450,1.533770,0
2019-01-04 04:32:00,1.533780,1.534020,1.533780,1.533970,0
2019-01-04 04:33:00,1.533990,1.534040,1.533880,1.534000,0
2019-01-04 04:34:00,1.533990,1.533990,1.533760,1.533800,0
2019-01-04 04:35:00,1.533810,1.533980,1.533690,1.533790,0
2019-01-04 04:36:00,1.533790,1.533850,1.533630,1.533650,0
2019-01-04 04:37:00,1.533650,1.533670,1.533400,1.533420,0
2019-01-04 04:38:00,1.533410,1.533450,1.532880,1.532880,0
2019-01-04 04:39:00,1.532880,1.532960,1.532760,1.532860,0
2019-01-04 04:40:00,1.532830,1.533020,1.532690,1.532750,0
2019-01-04 04:41:00,1.532760,1.533330,1.532670,1.533200,0
2019-01-04 04:42:00,1.533180,1.533230,1.532890,1.533000,0
2019-01-04 04:43:00,1.532970,1.533230,1.532880,1.533150,0
2019-01-04 04:44:00,1.533160,1.533260,1.532950,1.533040,0
2019-01-04 04:45:00,1.533060,1.533160,1.532730,1.532730,0
2019-01-04 04:46:00,1.532730,1.533290,1.532730,1.533160,0
2019-01-04 04:47:00,1.533190,1.533220,1.532960,1.532960,0
2019-01-04 04:48:00,1.532980,1.533130,1.532890,1.532900,0
2019-01-04 04:49:00,1.532920,1.533120,1.532770,1.533090,0
2019-01-04 04:50:00,1.533090,1.533260,1.532900,1.533240,0
2019-01-04 04:51:00,1.533250,1.533270,1.533090,1.533200,0
2019-01-04 04:52:00,1.533200,1.533260,1.532930,1.533010,0
2019-01-04 04:53:00,1.533010,1.533070,1.532990,1.533060,0
2019-01-04 04:54:00,1.533040,1.533090,1.532860,1.533000,0
2019-01-04 04:55:00,1.533010,1.533020,1.532680,1.532930,0
2019-01-04 04:56:00,1.532920,1.532930,1.532810,1.532890,0
2019-01-04 04:57:00,1.532890,1.532970,1.532790,1.532790,0
2019-01-04 04:58:00,1.532790,1.532980,1.532670,1.532920,0
2019-01-04 04:59:00,1.532930,1.533250,1.532910,1.533140,0
2019-01-04 05:00:00,1.533110,1.533240,1.532400,1.532440,0
2019-01-04 05:01:00,1.532440,1.532870,1.532430,1.532770,0
2019-01-04 05:02:00,1.532790,1.532960,1.532770,1.532880,0
2019-01-04 05:03:00,1.532860,1.533000,1.532660,1.532730,0
2019-01-04 05:04:00,1.532730,1.532740,1.532380,1.532380,0
2019-01-04 05:05:00,1.532380,1.532710,1.532340,1.532610,0
2019-01-04 05:06:00,1.532610,1.532790,1.532580,1.532700,0
2019-01-04 05:07:00,1.532700,1.532920,1.532610,1.532830,0
2019-01-04 05:08:00,1.532830,1.533250,1.532780,1.533240,0
2019-01-04 05:09:00,1.533250,1.533370,1.533180,1.533370,0
2019-01-04 05:10:00,1.533370,1.533590,1.533100,1.533100,0
2019-01-04 05:11:00,1.533060,1.533170,1.532930,1.532950,0
2019-01-04 05:12:00,1.532960,1.532970,1.532740,1.532780,0
2019-01-04 05:13:00,1.532810,1.532930,1.532730,1.532810,0
2019-01-04 05:14:00,1.532790,1.533270,1.532680,1.533260,0
2019-01-04 05:15:00,1.533260,1.533460,1.532930,1.533000,0
2019-01-04 05:16:00,1.533000,1.533120,1.532790,1.532830,0
2019-01-04 05:17:00,1.532840,1.533320,1.532750,1.533280,0
2019-01-04 05:18:00,1.533260,1.533270,1.532910,1.532910,0
2019-01-04 05:19:00,1.532890,1.533090,1.532740,1.532950,0
2019-01-04 05:20:00,1.532930,1.533090,1.532920,1.533060,0
2019-01-04 05:21:00,1.533070,1.533210,1.533070,1.533130,0
2019-01-04 05:22:00,1.533150,1.533340,1.533040,1.533340,0
2019-01-04 05:23:00,1.533330,1.533420,1.533200,1.533200,0
2019-01-04 05:24:00,1.533200,1.533400,1.533200,1.533220,0
2019-01-04 05:25:00,1.533190,1.533490,1.533190,1.533210,0
2019-01-04 05:26:00,1.533210,1.533430,1.533210,1.533250,0
2019-01-04 05:27:00,1.533230,1.533260,1.533070,1.533250,0
2019-01-04 05:28:00,1.533250,1.533430,1.533180,1.533250,0
2019-01-04 05:29:00,1.533270,1.534020,1.533170,1.534000,0
2019-01-04 05:30:00,1.534010,1.534330,1.533890,1.534320,0
2019-01-04 05:31:00,1.534330,1.534600,1.534320,1.534580,0
2019-01-04 05:32:00,1.534570,1.534890,1.534460,1.534830,0
2019-01-04 05:33:00,1.534820,1.534950,1.534540,1.534540,0
2019-01-04 05:34:00,1.534560,1.534560,1.534250,1.534260,0
2019-01-04 05:35:00,1.534260,1.534350,1.534210,1.534240,0
2019-01-04 05:36:00,1.534250,1.534290,1.534040,1.534040,0
2019-01-04 05:37:00,1.534060,1.534220,1.534060,1.534200,0
2019-01-04 05:38:00,1.534200,1.534280,1.533960,1.533990,0
2019-01-04 05:39:00,1.533990,1.534080,1.533870,1.534000,0
2019-01-04 05:40:00,1.533990,1.534370,1.533970,1.534160,0
2019-01-04 05:41:00,1.534170,1.534310,1.533980,1.534190,0
2019-01-04 05:42:00,1.534190,1.534200,1.533980,1.534090,0
2019-01-04 05:43:00,1.534100,1.534200,1.533910,1.533990,0
2019-01-04 05:44:00,1.533980,1.534120,1.533970,1.534090,0
2019-01-04 05:45:00,1.534100,1.534110,1.533910,1.533950,0
2019-01-04 05:46:00,1.533960,1.533970,1.533630,1.533640,0
2019-01-04 05:47:00,1.533650,1.533700,1.533500,1.533540,0
2019-01-04 05:48:00,1.533480,1.533760,1.533430,1.533720,0
2019-01-04 05:49:00,1.533710,1.533750,1.533510,1.533570,0
2019-01-04 05:50:00,1.533580,1.533770,1.533530,1.533700,0
2019-01-04 05:51:00,1.533720,1.533730,1.533480,1.533630,0
2019-01-04 05:52:00,1.533650,1.533860,1.533570,1.533760,0
2019-01-04 05:53:00,1.533770,1.534200,1.533770,1.534200,0
2019-01-04 05:54:00,1.534200,1.534210,1.534020,1.534080,0
2019-01-04 05:55:00,1.534070,1.534110,1.533960,1.534020,0
2019-01-04 05:56:00,1.534030,1.534230,1.533880,1.534190,0
2019-01-04 05:57:00,1.534170,1.534240,1.534050,1.534070,0
2019-01-04 05:58:00,1.534070,1.534360,1.534070,1.534280,0
2019-01-04 05:59:00,1.534290,1.534430,1.534070,1.534220,0
2019-01-04 06:00:00,1.534240,1.534260,1.533950,1.534120,0
2019-01-04 06:01:00,1.534130,1.534190,1.534000,1.534030,0
2019-01-04 06:02:00,1.534030,1.534270,1.534030,1.534230,0
2019-01-04 06:03:00,1.534240,1.534290,1.534020,1.534030,0
2019-01-04 06:04:00,1.534000,1.534150,1.533930,1.534140,0
2019-01-04 06:05:00,1.534120,1.534140,1.533910,1.534070,0
2019-01-04 06:06:00,1.534070,1.534170,1.533940,1.534120,0
2019-01-04 06:07:00,1.534120,1.534370,1.534040,1.534330,0
2019-01-04 06:08:00,1.534290,1.534460,1.534270,1.534440,0
2019-01-04 06:09:00,1.534440,1.534550,1.534380,1.534400,0
2019-01-04 06:10:00,1.534410,1.534410,1.534140,1.534180,0
2019-01-04 06:11:00,1.534180,1.534230,1.534110,1.534230,0
2019-01-04 06:12:00,1.534240,1.534310,1.534110,1.534310,0
2019-01-04 06:13:00,1.534310,1.534510,1.534310,1.534410,0
2019-01-04 06:14:00,1.534410,1.534430,1.534360,1.534380,0
2019-01-04 06:15:00,1.534380,1.534610,1.534380,1.534610,0
2019-01-04 06:16:00,1.534560,1.534610,1.534400,1.534440,0
2019-01-04 06:17:00,1.534440,1.534700,1.534430,1.534630,0
2019-01-04 06:18:00,1.534630,1.534670,1.534140,1.534160,0
2019-01-04 06:19:00,1.534160,1.534290,1.534020,1.534020,0
2019-01-04 06:20:00,1.534010,1.534070,1.533850,1.533870,0
2019-01-04 06:21:00,1.533870,1.533870,1.533660,1.533800,0
2019-01-04 06:22:00,1.533800,1.534310,1.533780,1.534280,0
2019-01-04 06:23:00,1.534270,1.534530,1.534260,1.534330,0
2019-01-04 06:24:00,1.534310,1.534700,1.534260,1.534560,0
2019-01-04 06:25:00,1.534560,1.534630,1.534400,1.534400,0
2019-01-04 06:26:00,1.534400,1.534530,1.534310,1.534400,0
2019-01-04 06:27:00,1.534400,1.534400,1.534230,1.534250,0
2019-01-04 06:28:00,1.534240,1.534400,1.534230,1.534260,0
2019-01-04 06:29:00,1.534260,1.534590,1.534250,1.534510,0
2019-01-04 06:30:00,1.534500,1.534500,1.534320,1.534330,0
2019-01-04 06:31:00,1.534330,1.534730,1.534300,1.534660,0
2019-01-04 06:32:00,1.534650,1.534840,1.534650,1.534800,0
2019-01-04 06:33:00,1.534780,1.534860,1.534610,1.534660,0
2019-01-04 06:34:00,1.534660,1.534680,1.534490,1.534540,0
2019-01-04 06:35:00,1.534550,1.534590,1.534430,1.534460,0
2019-01-04 06:36:00,1.534460,1.534500,1.534410,1.534460,0
2019-01-04 06:37:00,1.534460,1.534580,1.534370,1.534380,0
2019-01-04 06:38:00,1.534370,1.534530,1.534370,1.534460,0
2019-01-04 06:39:00,1.534450,1.534520,1.534310,1.534320,0
2019-01-04 06:40:00,1.534320,1.534330,1.534100,1.534170,0
2019-01-04 06:41:00,1.534160,1.534210,1.534110,1.534200,0
2019-01-04 06:42:00,1.534170,1.534550,1.534120,1.534500,0
2019-01-04 06:43:00,1.534490,1.534550,1.534370,1.534540,0
2019-01-04 06:44:00,1.534550,1.534600,1.534390,1.534570,0
2019-01-04 06:45:00,1.534560,1.534600,1.534480,1.534580,0
2019-01-04 06:46:00,1.534580,1.534640,1.534380,1.534640,0
2019-01-04 06:47:00,1.534650,1.535310,1.534650,1.535310,0
2019-01-04 06:48:00,1.535300,1.535310,1.535040,1.535260,0
2019-01-04 06:49:00,1.535230,1.535500,1.535230,1.535400,0
2019-01-04 06:50:00,1.535400,1.535440,1.535310,1.535330,0
2019-01-04 06:51:00,1.535340,1.535350,1.534680,1.534770,0
2019-01-04 06:52:00,1.534770,1.534790,1.534260,1.534350,0
2019-01-04 06:53:00,1.534360,1.534360,1.534150,1.534200,0
2019-01-04 06:54:00,1.534180,1.534230,1.534030,1.534100,0
2019-01-04 06:55:00,1.534100,1.534200,1.534090,1.534090,0
2019-01-04 06:56:00,1.534130,1.534460,1.534120,1.534430,0
2019-01-04 06:57:00,1.534410,1.534530,1.534130,1.534150,0
2019-01-04 06:58:00,1.534150,1.534200,1.534020,1.534130,0
2019-01-04 06:59:00,1.534130,1.534170,1.534080,1.534160,0
2019-01-04 07:00:00,1.534160,1.534160,1.533660,1.533690,0
2019-01-04 07:01:00,1.533690,1.533770,1.533560,1.533650,0
2019-01-04 07:02:00,1.533650,1.533840,1.533650,1.533750,0
2019-01-04 07:03:00,1.533750,1.534030,1.533730,1.533800,0
2019-01-04 07:04:00,1.533830,1.534060,1.533810,1.534060,0
2019-01-04 07:05:00,1.534030,1.534320,1.533910,1.534160,0
2019-01-04 07:06:00,1.534160,1.534200,1.533820,1.533910,0
2019-01-04 07:07:00,1.533920,1.533990,1.533820,1.533980,0
2019-01-04 07:08:00,1.533960,1.533980,1.533670,1.533690,0
2019-01-04 07:09:00,1.533680,1.533690,1.533320,1.533690,0
2019-01-04 07:10:00,1.533690,1.533740,1.533570,1.533570,0
2019-01-04 07:11:00,1.533570,1.533570,1.533290,1.533330,0
2019-01-04 07:12:00,1.533350,1.533420,1.533210,1.533290,0
2019-01-04 07:13:00,1.533300,1.533380,1.533080,1.533290,0
2019-01-04 07:14:00,1.533310,1.533420,1.533250,1.533280,0
2019-01-04 07:15:00,1.533280,1.533390,1.533230,1.533320,0
2019-01-04 07:16:00,1.533320,1.533410,1.533250,1.533370,0
2019-01-04 07:17:00,1.533360,1.533380,1.533290,1.533290,0
2019-01-04 07:18:00,1.533310,1.533510,1.533310,1.533450,0
2019-01-04 07:19:00,1.533440,1.533570,1.533160,1.533160,0
2019-01-04 07:20:00,1.533170,1.533360,1.533000,1.533150,0
2019-01-04 07:21:00,1.533140,1.533140,1.532650,1.532660,0
2019-01-04 07:22:00,1.532650,1.532990,1.532600,1.532970,0
2019-01-04 07:23:00,1.532960,1.533310,1.532950,1.533190,0
2019-01-04 07:24:00,1.533200,1.533200,1.532720,1.532720,0
2019-01-04 07:25:00,1.532720,1.532760,1.532400,1.532480,0
2019-01-04 07:26:00,1.532470,1.532850,1.532420,1.532720,0
2019-01-04 07:27:00,1.532710,1.532730,1.532550,1.532720,0
2019-01-04 07:28:00,1.532730,1.533260,1.532690,1.533260,0
2019-01-04 07:29:00,1.533270,1.533400,1.533030,1.533330,0
2019-01-04 07:30:00,1.533340,1.533560,1.533280,1.533400,0
2019-01-04 07:31:00,1.533400,1.533440,1.533110,1.533130,0
2019-01-04 07:32:00,1.533130,1.533160,1.532850,1.533000,0
2019-01-04 07:33:00,1.533000,1.533150,1.532740,1.533150,0
2019-01-04 07:34:00,1.533150,1.533180,1.532890,1.533050,0
2019-01-04 07:35:00,1.533040,1.533090,1.532670,1.532720,0
2019-01-04 07:36:00,1.532710,1.532770,1.532580,1.532600,0
2019-01-04 07:37:00,1.532630,1.532770,1.532550,1.532560,0
2019-01-04 07:38:00,1.532560,1.533020,1.532500,1.532920,0
2019-01-04 07:39:00,1.532930,1.533170,1.532840,1.532870,0
2019-01-04 07:40:00,1.532870,1.532980,1.532810,1.532930,0
2019-01-04 07:41:00,1.532920,1.532920,1.532500,1.532700,0
2019-01-04 07:42:00,1.532710,1.532820,1.532510,1.532510,0
2019-01-04 07:43:00,1.532500,1.533130,1.532500,1.532960,0
2019-01-04 07:44:00,1.532980,1.533000,1.532790,1.532910,0
2019-01-04 07:45:00,1.532910,1.532920,1.532510,1.532650,0
2019-01-04 07:46:00,1.532650,1.532790,1.532290,1.532320,0
2019-01-04 07:47:00,1.532320,1.532360,1.532210,1.532300,0
2019-01-04 07:48:00,1.532290,1.532540,1.532230,1.532360,0
2019-01-04 07:49:00,1.532370,1.532590,1.532350,1.532540,0
2019-01-04 07:50:00,1.532540,1.532540,1.532370,1.532430,0
2019-01-04 07:51:00,1.532420,1.532420,1.532050,1.532070,0
2019-01-04 07:52:00,1.532070,1.532170,1.531970,1.532150,0
2019-01-04 07:53:00,1.532130,1.532530,1.532110,1.532500,0
2019-01-04 07:54:00,1.532500,1.532500,1.532270,1.532350,0
2019-01-04 07:55:00,1.532350,1.532460,1.531980,1.532000,0
2019-01-04 07:56:00,1.532010,1.532200,1.532000,1.532160,0
2019-01-04 07:57:00,1.532160,1.532380,1.532030,1.532230,0
2019-01-04 07:58:00,1.532220,1.532300,1.532120,1.532140,0
2019-01-04 07:59:00,1.532140,1.532290,1.532030,1.532220,0
2019-01-04 08:00:00,1.532210,1.532730,1.532200,1.532590,0
2019-01-04 08:01:00,1.532600,1.532640,1.532270,1.532280,0
2019-01-04 08:02:00,1.532300,1.532480,1.532300,1.532460,0
2019-01-04 08:03:00,1.532460,1.532670,1.532380,1.532520,0
2019-01-04 08:04:00,1.532520,1.532610,1.532460,1.532510,0
2019-01-04 08:05:00,1.532530,1.532640,1.532420,1.532570,0
2019-01-04 08:06:00,1.532560,1.532600,1.532420,1.532430,0
2019-01-04 08:07:00,1.532440,1.532760,1.532270,1.532660,0
2019-01-04 08:08:00,1.532720,1.532930,1.532670,1.532920,0
2019-01-04 08:09:00,1.532920,1.533040,1.532780,1.532780,0
2019-01-04 08:10:00,1.532800,1.532840,1.532200,1.532200,0
2019-01-04 08:11:00,1.532240,1.532520,1.532230,1.532280,0
2019-01-04 08:12:00,1.532300,1.532330,1.532100,1.532290,0
2019-01-04 08:13:00,1.532300,1.532780,1.532250,1.532570,0
2019-01-04 08:14:00,1.532570,1.532750,1.532470,1.532660,0
2019-01-04 08:15:00,1.532690,1.532700,1.531970,1.531970,0
2019-01-04 08:16:00,1.531970,1.532180,1.531970,1.532160,0
2019-01-04 08:17:00,1.532220,1.532280,1.531760,1.531770,0
2019-01-04 08:18:00,1.531770,1.531780,1.531430,1.531430,0
2019-01-04 08:19:00,1.531440,1.531510,1.531120,1.531180,0
2019-01-04 08:20:00,1.531160,1.531380,1.530580,1.530680,0
2019-01-04 08:21:00,1.530650,1.531010,1.530370,1.530970,0
2019-01-04 08:22:00,1.530960,1.531450,1.530920,1.531380,0
2019-01-04 08:23:00,1.531350,1.531660,1.531340,1.531530,0
2019-01-04 08:24:00,1.531550,1.531640,1.531250,1.531600,0
2019-01-04 08:25:00,1.531620,1.531860,1.531520,1.531530,0
2019-01-04 08:26:00,1.531530,1.532070,1.531330,1.531710,0
2019-01-04 08:27:00,1.531710,1.531980,1.531600,1.531890,0
2019-01-04 08:28:00,1.531900,1.532390,1.531880,1.532170,0
2019-01-04 08:29:00,1.532180,1.532390,1.531010,1.532300,0
2019-01-04 08:30:00,1.532300,1.532680,1.529540,1.531360,0
2019-01-04 08:31:00,1.531440,1.531740,1.530900,1.531520,0
2019-01-04 08:32:00,1.531510,1.531870,1.530420,1.531480,0
2019-01-04 08:33:00,1.531570,1.532000,1.530830,1.531670,0
2019-01-04 08:34:00,1.531730,1.532730,1.531720,1.532080,0
2019-01-04 08:35:00,1.532100,1.532250,1.531130,1.531130,0
2019-01-04 08:36:00,1.531140,1.531150,1.530440,1.530530,0
2019-01-04 08:37:00,1.530530,1.530930,1.530020,1.530410,0
2019-01-04 08:38:00,1.530410,1.531000,1.530380,1.530970,0
2019-01-04 08:39:00,1.530980,1.531390,1.530750,1.530870,0
2019-01-04 08:40:00,1.530880,1.531170,1.530740,1.530810,0
2019-01-04 08:41:00,1.530800,1.530860,1.530290,1.530460,0
2019-01-04 08:42:00,1.530460,1.530740,1.530040,1.530080,0
2019-01-04 08:43:00,1.530070,1.530400,1.529620,1.529860,0
2019-01-04 08:44:00,1.529860,1.530020,1.529240,1.529310,0
2019-01-04 08:45:00,1.529320,1.529550,1.528920,1.529550,0
2019-01-04 08:46:00,1.529540,1.529630,1.528960,1.529100,0
2019-01-04 08:47:00,1.529110,1.529490,1.529010,1.529210,0
2019-01-04 08:48:00,1.529210,1.529250,1.528420,1.528520,0
2019-01-04 08:49:00,1.528510,1.528720,1.527570,1.527620,0
2019-01-04 08:50:00,1.527610,1.527780,1.527310,1.527670,0
2019-01-04 08:51:00,1.527670,1.527820,1.526770,1.527050,0
2019-01-04 08:52:00,1.527060,1.527480,1.527040,1.527280,0
2019-01-04 08:53:00,1.527280,1.527290,1.526860,1.527060,0
2019-01-04 08:54:00,1.527060,1.527310,1.526970,1.527050,0
2019-01-04 08:55:00,1.527080,1.527100,1.525950,1.526120,0
2019-01-04 08:56:00,1.526130,1.527340,1.526130,1.527280,0
2019-01-04 08:57:00,1.527290,1.527340,1.526850,1.526930,0
2019-01-04 08:58:00,1.526900,1.527300,1.526890,1.527300,0
2019-01-04 08:59:00,1.527320,1.527580,1.527080,1.527330,0
2019-01-04 09:00:00,1.527320,1.527320,1.526500,1.526690,0
2019-01-04 09:01:00,1.526700,1.527470,1.526700,1.527340,0
2019-01-04 09:02:00,1.527380,1.528000,1.527260,1.528000,0
2019-01-04 09:03:00,1.527980,1.528340,1.527890,1.528260,0
2019-01-04 09:04:00,1.528270,1.528470,1.528080,1.528140,0
2019-01-04 09:05:00,1.528140,1.528240,1.527800,1.527890,0
2019-01-04 09:06:00,1.527910,1.527910,1.527420,1.527520,0
2019-01-04 09:07:00,1.527510,1.527720,1.527050,1.527340,0
2019-01-04 09:08:00,1.527360,1.527370,1.527020,1.527070,0
2019-01-04 09:09:00,1.527070,1.527130,1.526500,1.526670,0
2019-01-04 09:10:00,1.526680,1.526790,1.526600,1.526680,0
2019-01-04 09:11:00,1.526680,1.526820,1.526600,1.526790,0
2019-01-04 09:12:00,1.526800,1.526930,1.526630,1.526720,0
2019-01-04 09:13:00,1.526730,1.526820,1.526490,1.526580,0
2019-01-04 09:14:00,1.526610,1.526700,1.526410,1.526490,0
2019-01-04 09:15:00,1.526480,1.526550,1.525930,1.525980,0
2019-01-04 09:16:00,1.525980,1.526620,1.525820,1.526500,0
2019-01-04 09:17:00,1.526530,1.526630,1.526190,1.526240,0
2019-01-04 09:18:00,1.526250,1.526300,1.525920,1.525990,0
2019-01-04 09:19:00,1.526010,1.526550,1.526010,1.526250,0
2019-01-04 09:20:00,1.526230,1.526240,1.525940,1.526060,0
2019-01-04 09:21:00,1.526110,1.526110,1.525740,1.525870,0
2019-01-04 09:22:00,1.525850,1.525920,1.525020,1.525220,0
2019-01-04 09:23:00,1.525250,1.525360,1.524300,1.524390,0
2019-01-04 09:24:00,1.524400,1.524970,1.524370,1.524900,0
2019-01-04 09:25:00,1.524910,1.525220,1.524900,1.525050,0
2019-01-04 09:26:00,1.525090,1.525360,1.524740,1.525230,0
2019-01-04 09:27:00,1.525200,1.525380,1.524940,1.525220,0
2019-01-04 09:28:00,1.525230,1.525540,1.524970,1.525190,0
2019-01-04 09:29:00,1.525190,1.525360,1.525040,1.525280,0
2019-01-04 09:30:00,1.525280,1.525350,1.524660,1.524910,0
2019-01-04 09:31:00,1.524920,1.525200,1.524860,1.524930,0
2019-01-04 09:32:00,1.524950,1.525680,1.524820,1.525640,0
2019-01-04 09:33:00,1.525630,1.525730,1.525160,1.525190,0
2019-01-04 09:34:00,1.525180,1.525220,1.524650,1.525200,0
2019-01-04 09:35:00,1.525190,1.525540,1.525070,1.525490,0
2019-01-04 09:36:00,1.525480,1.525490,1.525060,1.525070,0
2019-01-04 09:37:00,1.525070,1.525500,1.525010,1.525170,0
2019-01-04 09:38:00,1.525180,1.525820,1.525180,1.525780,0
2019-01-04 09:39:00,1.525780,1.525850,1.525120,1.525310,0
2019-01-04 09:40:00,1.525300,1.526060,1.525180,1.526050,0
2019-01-04 09:41:00,1.526020,1.526160,1.525670,1.525970,0
2019-01-04 09:42:00,1.525980,1.526080,1.525720,1.525770,0
2019-01-04 09:43:00,1.525780,1.526070,1.525780,1.526050,0
2019-01-04 09:44:00,1.526030,1.526070,1.525610,1.525950,0
2019-01-04 09:45:00,1.525950,1.525960,1.524930,1.524970,0
2019-01-04 09:46:00,1.524960,1.525530,1.524960,1.525530,0
2019-01-04 09:47:00,1.525560,1.526160,1.525500,1.526110,0
2019-01-04 09:48:00,1.526100,1.526100,1.525670,1.525950,0
2019-01-04 09:49:00,1.525950,1.525960,1.525530,1.525590,0
2019-01-04 09:50:00,1.525580,1.525620,1.525220,1.525360,0
2019-01-04 09:51:00,1.525360,1.525360,1.524780,1.524820,0
2019-01-04 09:52:00,1.524820,1.525160,1.524350,1.524360,0
2019-01-04 09:53:00,1.524360,1.524700,1.524070,1.524630,0
2019-01-04 09:54:00,1.524660,1.525230,1.524510,1.525180,0
2019-01-04 09:55:00,1.525180,1.525670,1.525170,1.525390,0
2019-01-04 09:56:00,1.525390,1.526350,1.525280,1.526340,0
2019-01-04 09:57:00,1.526300,1.526420,1.525980,1.526300,0
2019-01-04 09:58:00,1.526290,1.526810,1.526180,1.526800,0
2019-01-04 09:59:00,1.526790,1.526820,1.526460,1.526540,0
2019-01-04 10:00:00,1.526530,1.526700,1.526140,1.526140,0
2019-01-04 10:01:00,1.526130,1.526750,1.526080,1.526570,0
2019-01-04 10:02:00,1.526550,1.526630,1.526140,1.526400,0
2019-01-04 10:03:00,1.526410,1.526420,1.526230,1.526270,0
2019-01-04 10:04:00,1.526260,1.526260,1.525560,1.525640,0
2019-01-04 10:05:00,1.525640,1.525800,1.525530,1.525760,0
2019-01-04 10:06:00,1.525750,1.526090,1.525620,1.525970,0
2019-01-04 10:07:00,1.525970,1.526000,1.525640,1.525830,0
2019-01-04 10:08:00,1.525820,1.525830,1.525410,1.525590,0
2019-01-04 10:09:00,1.525590,1.525590,1.525290,1.525360,0
2019-01-04 10:10:00,1.525370,1.525380,1.525060,1.525220,0
2019-01-04 10:11:00,1.525210,1.525290,1.525120,1.525190,0
2019-01-04 10:12:00,1.525190,1.525190,1.524900,1.525180,0
2019-01-04 10:13:00,1.525180,1.525280,1.524840,1.525280,0
2019-01-04 10:14:00,1.525290,1.525870,1.525170,1.525640,0
2019-01-04 10:15:00,1.525650,1.526070,1.525560,1.526070,0
2019-01-04 10:16:00,1.526070,1.526070,1.525660,1.525960,0
2019-01-04 10:17:00,1.525950,1.525990,1.525550,1.525550,0
2019-01-04 10:18:00,1.525540,1.525820,1.525360,1.525690,0
2019-01-04 10:19:00,1.525700,1.526590,1.525670,1.526260,0
2019-01-04 10:20:00,1.526260,1.526730,1.525830,1.526690,0
2019-01-04 10:21:00,1.526680,1.526870,1.526380,1.526640,0
2019-01-04 10:22:00,1.526650,1.526790,1.525820,1.526560,0
2019-01-04 10:23:00,1.526560,1.526840,1.525940,1.525990,0
2019-01-04 10:24:00,1.525950,1.527350,1.525940,1.527150,0
2019-01-04 10:25:00,1.527140,1.528620,1.527040,1.527070,0
2019-01-04 10:26:00,1.527050,1.527200,1.526650,1.526980,0
2019-01-04 10:27:00,1.526980,1.527050,1.526310,1.526510,0
2019-01-04 10:28:00,1.526510,1.526830,1.526370,1.526550,0
2019-01-04 10:29:00,1.526550,1.526550,1.526030,1.526270,0
2019-01-04 10:30:00,1.526280,1.526880,1.526270,1.526620,0
2019-01-04 10:31:00,1.526630,1.526750,1.526380,1.526470,0
2019-01-04 10:32:00,1.526490,1.526850,1.526090,1.526840,0
2019-01-04 10:33:00,1.526830,1.527020,1.526580,1.526720,0
2019-01-04 10:34:00,1.526710,1.527300,1.526450,1.527260,0
2019-01-04 10:35:00,1.527290,1.527720,1.526630,1.526760,0
2019-01-04 10:36:00,1.526760,1.526760,1.525500,1.525500,0
2019-01-04 10:37:00,1.525540,1.525740,1.525070,1.525560,0
2019-01-04 10:38:00,1.525550,1.525810,1.525320,1.525490,0
2019-01-04 10:39:00,1.525500,1.525610,1.525140,1.525440,0
2019-01-04 10:40:00,1.525460,1.525760,1.525030,1.525110,0
2019-01-04 10:41:00,1.525240,1.526460,1.525160,1.526420,0
2019-01-04 10:42:00,1.526410,1.526420,1.525930,1.526100,0
2019-01-04 10:43:00,1.526100,1.526190,1.525830,1.525910,0
2019-01-04 10:44:00,1.525930,1.526050,1.525270,1.525310,0
2019-01-04 10:45:00,1.525310,1.525540,1.524920,1.524920,0
2019-01-04 10:46:00,1.524920,1.525230,1.524880,1.525160,0
2019-01-04 10:47:00,1.525150,1.525280,1.524980,1.525140,0
2019-01-04 10:48:00,1.525140,1.525200,1.524850,1.524950,0
2019-01-04 10:49:00,1.524950,1.525450,1.524800,1.525450,0
2019-01-04 10:50:00,1.525440,1.526160,1.525270,1.526140,0
2019-01-04 10:51:00,1.526140,1.526600,1.525920,1.526510,0
2019-01-04 10:52:00,1.526510,1.526540,1.526200,1.526260,0
2019-01-04 10:53:00,1.526330,1.526870,1.526260,1.526510,0
2019-01-04 10:54:00,1.526480,1.527370,1.526230,1.527320,0
2019-01-04 10:55:00,1.527310,1.527890,1.527270,1.527860,0
2019-01-04 10:56:00,1.527860,1.528220,1.526970,1.527060,0
2019-01-04 10:57:00,1.527050,1.527790,1.527050,1.527350,0
2019-01-04 10:58:00,1.527350,1.527610,1.527160,1.527540,0
2019-01-04 10:59:00,1.527540,1.527660,1.527190,1.527580,0
2019-01-04 11:00:00,1.527570,1.528280,1.527480,1.527780,0
2019-01-04 11:01:00,1.527790,1.527930,1.527460,1.527630,0
2019-01-04 11:02:00,1.527680,1.527960,1.527250,1.527930,0
2019-01-04 11:03:00,1.527940,1.528010,1.526460,1.526510,0
2019-01-04 11:04:00,1.526490,1.526600,1.526170,1.526250,0
2019-01-04 11:05:00,1.526260,1.527690,1.526260,1.527320,0
2019-01-04 11:06:00,1.527320,1.527490,1.527210,1.527310,0
2019-01-04 11:07:00,1.527280,1.527580,1.527190,1.527230,0
2019-01-04 11:08:00,1.527240,1.527550,1.527180,1.527430,0
2019-01-04 11:09:00,1.527420,1.527890,1.527260,1.527810,0
2019-01-04 11:10:00,1.527810,1.527950,1.527210,1.527370,0
2019-01-04 11:11:00,1.527370,1.527440,1.527240,1.527330,0
2019-01-04 11:12:00,1.527330,1.527370,1.527140,1.527140,0
2019-01-04 11:13:00,1.527180,1.527260,1.526930,1.527090,0
2019-01-04 11:14:00,1.527090,1.527540,1.527000,1.527450,0
2019-01-04 11:15:00,1.527460,1.528000,1.527460,1.527890,0
2019-01-04 11:16:00,1.527890,1.528580,1.527790,1.528480,0
2019-01-04 11:17:00,1.528480,1.529690,1.528380,1.529570,0
2019-01-04 11:18:00,1.529550,1.529550,1.529080,1.529090,0
2019-01-04 11:19:00,1.529100,1.529160,1.528590,1.528710,0
2019-01-04 11:20:00,1.528690,1.529270,1.528690,1.529120,0
2019-01-04 11:21:00,1.529120,1.529350,1.528900,1.529300,0
2019-01-04 11:22:00,1.529330,1.529460,1.529100,1.529240,0
2019-01-04 11:23:00,1.529270,1.529990,1.529270,1.529690,0
2019-01-04 11:24:00,1.529690,1.530360,1.529650,1.530240,0
2019-01-04 11:25:00,1.530220,1.531120,1.530120,1.530960,0
2019-01-04 11:26:00,1.530960,1.530960,1.530060,1.530280,0
2019-01-04 11:27:00,1.530270,1.530310,1.529900,1.529900,0
2019-01-04 11:28:00,1.529910,1.530090,1.529490,1.529540,0
2019-01-04 11:29:00,1.529540,1.529580,1.529220,1.529280,0
2019-01-04 11:30:00,1.529290,1.529550,1.529250,1.529280,0
2019-01-04 11:31:00,1.529290,1.529400,1.528990,1.529040,0
2019-01-04 11:32:00,1.529020,1.529200,1.528930,1.528950,0
2019-01-04 11:33:00,1.528940,1.529370,1.528810,1.529310,0
2019-01-04 11:34:00,1.529320,1.529420,1.529150,1.529320,0
2019-01-04 11:35:00,1.529330,1.529900,1.529310,1.529830,0
2019-01-04 11:36:00,1.529900,1.529930,1.529330,1.529410,0
2019-01-04 11:37:00,1.529410,1.529950,1.529360,1.529900,0
2019-01-04 11:38:00,1.529890,1.530330,1.529890,1.530330,0
2019-01-04 11:39:00,1.530320,1.530680,1.530180,1.530680,0
2019-01-04 11:40:00,1.530680,1.530930,1.530580,1.530710,0
2019-01-04 11:41:00,1.530710,1.530730,1.530280,1.530320,0
2019-01-04 11:42:00,1.530320,1.530590,1.530140,1.530180,0
2019-01-04 11:43:00,1.530210,1.530240,1.529810,1.529840,0
2019-01-04 11:44:00,1.529830,1.529950,1.529390,1.529920,0
2019-01-04 11:45:00,1.529910,1.529910,1.529290,1.529370,0
2019-01-04 11:46:00,1.529360,1.529420,1.529070,1.529300,0
2019-01-04 11:47:00,1.529300,1.529430,1.529050,1.529160,0
2019-01-04 11:48:00,1.529160,1.529160,1.528520,1.528710,0
2019-01-04 11:49:00,1.528720,1.528830,1.528590,1.528630,0
2019-01-04 11:50:00,1.528630,1.528670,1.528400,1.528620,0
2019-01-04 11:51:00,1.528610,1.528630,1.528310,1.528310,0
2019-01-04 11:52:00,1.528300,1.528330,1.528100,1.528320,0
2019-01-04 11:53:00,1.528330,1.528500,1.528290,1.528500,0
2019-01-04 11:54:00,1.528490,1.528770,1.528440,1.528700,0
2019-01-04 11:55:00,1.528700,1.529540,1.528700,1.529210,0
2019-01-04 11:56:00,1.529210,1.529290,1.528750,1.528750,0
2019-01-04 11:57:00,1.528750,1.528920,1.528550,1.528900,0
2019-01-04 11:58:00,1.528890,1.529080,1.528810,1.528850,0
2019-01-04 11:59:00,1.528850,1.528910,1.528650,1.528730,0
2019-01-04 12:00:00,1.528730,1.528860,1.528500,1.528550,0
2019-01-04 12:01:00,1.528530,1.528840,1.528520,1.528650,0
2019-01-04 12:02:00,1.528670,1.528860,1.528560,1.528730,0
2019-01-04 12:03:00,1.528730,1.528900,1.528470,1.528850,0
2019-01-04 12:04:00,1.528860,1.529170,1.528770,1.529100,0
2019-01-04 12:05:00,1.529090,1.529960,1.529020,1.529900,0
2019-01-04 12:06:00,1.529890,1.530010,1.529290,1.529290,0
2019-01-04 12:07:00,1.529270,1.529390,1.528850,1.528850,0
2019-01-04 12:08:00,1.528840,1.529230,1.528710,1.529230,0
2019-01-04 12:09:00,1.529260,1.529260,1.528590,1.528620,0
2019-01-04 12:10:00,1.528620,1.528680,1.528270,1.528330,0
2019-01-04 12:11:00,1.528320,1.528620,1.528130,1.528500,0
2019-01-04 12:12:00,1.528490,1.528770,1.528340,1.528720,0
2019-01-04 12:13:00,1.528730,1.528900,1.528480,1.528870,0
2019-01-04 12:14:00,1.528890,1.529010,1.528440,1.528600,0
2019-01-04 12:15:00,1.528600,1.528690,1.528100,1.528110,0
2019-01-04 12:16:00,1.528110,1.528270,1.527740,1.528270,0
2019-01-04 12:17:00,1.528280,1.528470,1.528140,1.528210,0
2019-01-04 12:18:00,1.528210,1.528290,1.527890,1.527920,0
2019-01-04 12:19:00,1.527910,1.528510,1.527910,1.528270,0
2019-01-04 12:20:00,1.528260,1.528380,1.528030,1.528210,0
2019-01-04 12:21:00,1.528200,1.528400,1.528140,1.528320,0
2019-01-04 12:22:00,1.528310,1.528600,1.528300,1.528410,0
2019-01-04 12:23:00,1.528440,1.528450,1.528180,1.528370,0
2019-01-04 12:24:00,1.528380,1.528540,1.528150,1.528360,0
2019-01-04 12:25:00,1.528360,1.528410,1.527890,1.527960,0
2019-01-04 12:26:00,1.527950,1.528160,1.527830,1.527830,0
2019-01-04 12:27:00,1.527840,1.527860,1.527570,1.527590,0
2019-01-04 12:28:00,1.527590,1.527620,1.527350,1.527360,0
2019-01-04 12:29:00,1.527350,1.527770,1.527280,1.527740,0
2019-01-04 12:30:00,1.527720,1.527970,1.527640,1.527960,0
2019-01-04 12:31:00,1.527950,1.528060,1.527790,1.527820,0
2019-01-04 12:32:00,1.527810,1.527880,1.527410,1.527410,0
2019-01-04 12:33:00,1.527400,1.527560,1.527220,1.527380,0
2019-01-04 12:34:00,1.527360,1.527630,1.527220,1.527600,0
2019-01-04 12:35:00,1.527580,1.527980,1.527530,1.527950,0
2019-01-04 12:36:00,1.527950,1.528100,1.527920,1.528040,0
2019-01-04 12:37:00,1.528060,1.528270,1.528020,1.528110,0
2019-01-04 12:38:00,1.528120,1.528140,1.527740,1.527940,0
2019-01-04 12:39:00,1.527930,1.528340,1.527880,1.528150,0
2019-01-04 12:40:00,1.528180,1.528320,1.527990,1.528060,0
2019-01-04 12:41:00,1.528050,1.528370,1.528050,1.528330,0
2019-01-04 12:42:00,1.528330,1.528460,1.528110,1.528450,0
2019-01-04 12:43:00,1.528480,1.528560,1.528340,1.528520,0
2019-01-04 12:44:00,1.528530,1.528530,1.528250,1.528430,0
2019-01-04 12:45:00,1.528420,1.528430,1.528130,1.528190,0
2019-01-04 12:46:00,1.528190,1.528340,1.528040,1.528330,0
2019-01-04 12:47:00,1.528340,1.528460,1.527890,1.527900,0
2019-01-04 12:48:00,1.527900,1.527900,1.527450,1.527550,0
2019-01-04 12:49:00,1.527540,1.527620,1.527350,1.527550,0
2019-01-04 12:50:00,1.527580,1.527940,1.527390,1.527940,0
2019-01-04 12:51:00,1.527930,1.528340,1.527930,1.528270,0
2019-01-04 12:52:00,1.528270,1.528480,1.528170,1.528190,0
2019-01-04 12:53:00,1.528220,1.528290,1.528030,1.528290,0
2019-01-04 12:54:00,1.528290,1.528430,1.528110,1.528380,0
2019-01-04 12:55:00,1.528380,1.528590,1.528190,1.528320,0
2019-01-04 12:56:00,1.528340,1.528450,1.527900,1.528090,0
2019-01-04 12:57:00,1.528080,1.528210,1.528030,1.528130,0
2019-01-04 12:58:00,1.528120,1.528510,1.528090,1.528120,0
2019-01-04 12:59:00,1.528130,1.528260,1.527790,1.528180,0
2019-01-04 13:00:00,1.528180,1.528180,1.527780,1.527850,0
2019-01-04 13:01:00,1.527850,1.527910,1.527720,1.527730,0
2019-01-04 13:02:00,1.527730,1.527810,1.527430,1.527580,0
2019-01-04 13:03:00,1.527580,1.527660,1.527500,1.527590,0
2019-01-04 13:04:00,1.527590,1.527900,1.527520,1.527870,0
2019-01-04 13:05:00,1.527870,1.527970,1.527690,1.527890,0
2019-01-04 13:06:00,1.527900,1.527900,1.527690,1.527840,0
2019-01-04 13:07:00,1.527840,1.527850,1.527650,1.527720,0
2019-01-04 13:08:00,1.527720,1.527810,1.527660,1.527790,0
2019-01-04 13:09:00,1.527780,1.527890,1.527670,1.527680,0
2019-01-04 13:10:00,1.527770,1.527930,1.527720,1.527910,0
2019-01-04 13:11:00,1.527910,1.527910,1.527430,1.527680,0
2019-01-04 13:12:00,1.527680,1.527690,1.527290,1.527440,0
2019-01-04 13:13:00,1.527450,1.527480,1.527230,1.527290,0
2019-01-04 13:14:00,1.527290,1.527340,1.527070,1.527290,0
2019-01-04 13:15:00,1.527290,1.527380,1.527140,1.527340,0
2019-01-04 13:16:00,1.527350,1.527650,1.527250,1.527620,0
2019-01-04 13:17:00,1.527590,1.527890,1.527580,1.527850,0
2019-01-04 13:18:00,1.527860,1.527900,1.527590,1.527620,0
2019-01-04 13:19:00,1.527620,1.527670,1.527420,1.527550,0
2019-01-04 13:20:00,1.527530,1.527680,1.527470,1.527530,0
2019-01-04 13:21:00,1.527540,1.527760,1.527530,1.527630,0
2019-01-04 13:22:00,1.527640,1.527790,1.527490,1.527630,0
2019-01-04 13:23:00,1.527630,1.527840,1.527530,1.527760,0
2019-01-04 13:24:00,1.527760,1.527870,1.527690,1.527850,0
2019-01-04 13:25:00,1.527840,1.527880,1.527730,1.527850,0
2019-01-04 13:26:00,1.527850,1.527850,1.527750,1.527770,0
2019-01-04 13:27:00,1.527790,1.527810,1.527510,1.527520,0
2019-01-04 13:28:00,1.527530,1.527540,1.527240,1.527400,0
2019-01-04 13:29:00,1.527410,1.527670,1.527410,1.527630,0
2019-01-04 13:30:00,1.527600,1.527600,1.527410,1.527410,0
2019-01-04 13:31:00,1.527410,1.527650,1.527410,1.527620,0
2019-01-04 13:32:00,1.527620,1.527620,1.527420,1.527450,0
2019-01-04 13:33:00,1.527450,1.527680,1.527390,1.527610,0
2019-01-04 13:34:00,1.527620,1.527660,1.527400,1.527420,0
2019-01-04 13:35:00,1.527420,1.527780,1.527410,1.527460,0
2019-01-04 13:36:00,1.527450,1.527480,1.526980,1.527040,0
2019-01-04 13:37:00,1.527070,1.527240,1.526990,1.527140,0
2019-01-04 13:38:00,1.527130,1.527200,1.526990,1.527140,0
2019-01-04 13:39:00,1.527140,1.527510,1.526950,1.527470,0
2019-01-04 13:40:00,1.527470,1.527590,1.527330,1.527530,0
2019-01-04 13:41:00,1.527530,1.527850,1.527530,1.527830,0
2019-01-04 13:42:00,1.527820,1.527860,1.527630,1.527670,0
2019-01-04 13:43:00,1.527670,1.528090,1.527620,1.528020,0
2019-01-04 13:44:00,1.528030,1.528060,1.527820,1.527900,0
2019-01-04 13:45:00,1.527910,1.528130,1.527890,1.528100,0
2019-01-04 13:46:00,1.528100,1.528220,1.527930,1.527940,0
2019-01-04 13:47:00,1.527920,1.528090,1.527870,1.527910,0
2019-01-04 13:48:00,1.527910,1.528070,1.527720,1.527720,0
2019-01-04 13:49:00,1.527720,1.527760,1.527590,1.527760,0
2019-01-04 13:50:00,1.527750,1.527870,1.527700,1.527790,0
2019-01-04 13:51:00,1.527790,1.527880,1.527640,1.527790,0
2019-01-04 13:52:00,1.527780,1.527790,1.527640,1.527680,0
2019-01-04 13:53:00,1.527660,1.527750,1.527550,1.527740,0
2019-01-04 13:54:00,1.527770,1.527810,1.527700,1.527780,0
2019-01-04 13:55:00,1.527830,1.527830,1.527610,1.527610,0
2019-01-04 13:56:00,1.527620,1.527930,1.527590,1.527890,0
2019-01-04 13:57:00,1.527860,1.528070,1.527720,1.527720,0
2019-01-04 13:58:00,1.527720,1.527720,1.527560,1.527580,0
2019-01-04 13:59:00,1.527580,1.527830,1.527540,1.527650,0
2019-01-04 14:00:00,1.527650,1.527690,1.527450,1.527490,0
2019-01-04 14:01:00,1.527490,1.527630,1.527100,1.527100,0
2019-01-04 14:02:00,1.527130,1.527410,1.527120,1.527360,0
2019-01-04 14:03:00,1.527350,1.527400,1.526910,1.527000,0
2019-01-04 14:04:00,1.526960,1.527090,1.526730,1.526910,0
2019-01-04 14:05:00,1.526910,1.526990,1.526850,1.526940,0
2019-01-04 14:06:00,1.526940,1.526960,1.526710,1.526830,0
2019-01-04 14:07:00,1.526830,1.527370,1.526790,1.527240,0
2019-01-04 14:08:00,1.527220,1.527470,1.527120,1.527160,0
2019-01-04 14:09:00,1.527200,1.527200,1.527000,1.527090,0
2019-01-04 14:10:00,1.527090,1.527110,1.526820,1.526980,0
2019-01-04 14:11:00,1.526970,1.527210,1.526910,1.527200,0
2019-01-04 14:12:00,1.527180,1.527180,1.526950,1.526990,0
2019-01-04 14:13:00,1.527010,1.527150,1.526920,1.527150,0
2019-01-04 14:14:00,1.527140,1.527580,1.527140,1.527440,0
2019-01-04 14:15:00,1.527430,1.527430,1.527100,1.527260,0
2019-01-04 14:16:00,1.527260,1.527470,1.527180,1.527340,0
2019-01-04 14:17:00,1.527340,1.527520,1.527310,1.527470,0
2019-01-04 14:18:00,1.527480,1.527620,1.527440,1.527510,0
2019-01-04 14:19:00,1.527500,1.527570,1.527390,1.527420,0
2019-01-04 14:20:00,1.527390,1.527460,1.527120,1.527260,0
2019-01-04 14:21:00,1.527250,1.527250,1.526920,1.527020,0
2019-01-04 14:22:00,1.527020,1.527170,1.526920,1.526980,0
2019-01-04 14:23:00,1.526980,1.527010,1.526750,1.526960,0
2019-01-04 14:24:00,1.526960,1.527100,1.526890,1.527070,0
2019-01-04 14:25:00,1.527090,1.527100,1.526760,1.527070,0
2019-01-04 14:26:00,1.527090,1.527360,1.526930,1.526990,0
2019-01-04 14:27:00,1.526970,1.527110,1.526880,1.527040,0
2019-01-04 14:28:00,1.527040,1.527060,1.526800,1.526880,0
2019-01-04 14:29:00,1.526880,1.527040,1.526860,1.526940,0
2019-01-04 14:30:00,1.526930,1.527210,1.526890,1.527110,0
2019-01-04 14:31:00,1.527090,1.527090,1.526770,1.526900,0
2019-01-04 14:32:00,1.526900,1.527170,1.526890,1.527130,0
2019-01-04 14:33:00,1.527130,1.527250,1.527060,1.527130,0
2019-01-04 14:34:00,1.527130,1.527290,1.527090,1.527170,0
2019-01-04 14:35:00,1.527150,1.527310,1.527120,1.527220,0
2019-01-04 14:36:00,1.527210,1.527340,1.527150,1.527310,0
2019-01-04 14:37:00,1.527390,1.527720,1.527330,1.527660,0
2019-01-04 14:38:00,1.527650,1.527680,1.527420,1.527460,0
2019-01-04 14:39:00,1.527460,1.527480,1.527260,1.527330,0
2019-01-04 14:40:00,1.527330,1.527380,1.527100,1.527170,0
2019-01-04 14:41:00,1.527170,1.527560,1.527170,1.527560,0
2019-01-04 14:42:00,1.527540,1.527540,1.527030,1.527130,0
2019-01-04 14:43:00,1.527180,1.527230,1.526980,1.527050,0
2019-01-04 14:44:00,1.526990,1.526990,1.526720,1.526760,0
2019-01-04 14:45:00,1.526760,1.527060,1.526750,1.527050,0
2019-01-04 14:46:00,1.527050,1.527260,1.527020,1.527260,0
2019-01-04 14:47:00,1.527270,1.527670,1.527270,1.527400,0
2019-01-04 14:48:00,1.527400,1.527440,1.527190,1.527260,0
2019-01-04 14:49:00,1.527240,1.527410,1.527120,1.527190,0
2019-01-04 14:50:00,1.527210,1.527250,1.526970,1.526970,0
2019-01-04 14:51:00,1.526970,1.526970,1.526660,1.526670,0
2019-01-04 14:52:00,1.526650,1.526680,1.526500,1.526510,0
2019-01-04 14:53:00,1.526510,1.526560,1.526310,1.526460,0
2019-01-04 14:54:00,1.526460,1.526790,1.526400,1.526740,0
2019-01-04 14:55:00,1.526740,1.527080,1.526690,1.526720,0
2019-01-04 14:56:00,1.526710,1.526890,1.526620,1.526860,0
2019-01-04 14:57:00,1.526900,1.526900,1.526750,1.526800,0
2019-01-04 14:58:00,1.526800,1.526980,1.526770,1.526910,0
2019-01-04 14:59:00,1.526920,1.527060,1.526570,1.526870,0
2019-01-04 15:00:00,1.526870,1.526920,1.526580,1.526730,0
2019-01-04 15:01:00,1.526740,1.526820,1.526690,1.526730,0
2019-01-04 15:02:00,1.526730,1.526890,1.526670,1.526880,0
2019-01-04 15:03:00,1.526880,1.527020,1.526750,1.526810,0
2019-01-04 15:04:00,1.526810,1.526920,1.526800,1.526860,0
2019-01-04 15:05:00,1.526860,1.527040,1.526830,1.527010,0
2019-01-04 15:06:00,1.527010,1.527010,1.526800,1.526850,0
2019-01-04 15:07:00,1.526850,1.527100,1.526830,1.527090,0
2019-01-04 15:08:00,1.527090,1.527350,1.527090,1.527330,0
2019-01-04 15:09:00,1.527330,1.527500,1.527310,1.527500,0
2019-01-04 15:10:00,1.527480,1.527690,1.527480,1.527690,0
2019-01-04 15:11:00,1.527710,1.527710,1.527590,1.527610,0
2019-01-04 15:12:00,1.527610,1.527690,1.527510,1.527600,0
2019-01-04 15:13:00,1.527600,1.527810,1.527600,1.527710,0
2019-01-04 15:14:00,1.527670,1.527720,1.527640,1.527670,0
2019-01-04 15:15:00,1.527670,1.527810,1.527600,1.527600,0
2019-01-04 15:16:00,1.527600,1.527770,1.527580,1.527720,0
2019-01-04 15:17:00,1.527710,1.527860,1.527690,1.527840,0
2019-01-04 15:18:00,1.527840,1.527870,1.527670,1.527680,0
2019-01-04 15:19:00,1.527720,1.527930,1.527660,1.527910,0
2019-01-04 15:20:00,1.527900,1.527910,1.527510,1.527540,0
2019-01-04 15:21:00,1.527540,1.527690,1.527490,1.527540,0
2019-01-04 15:22:00,1.527510,1.527630,1.527440,1.527510,0
2019-01-04 15:23:00,1.527510,1.527580,1.527430,1.527530,0
2019-01-04 15:24:00,1.527540,1.527740,1.527510,1.527740,0
2019-01-04 15:25:00,1.527740,1.527770,1.527570,1.527730,0
2019-01-04 15:26:00,1.527710,1.527850,1.527540,1.527600,0
2019-01-04 15:27:00,1.527610,1.527690,1.527470,1.527550,0
2019-01-04 15:28:00,1.527550,1.527680,1.527550,1.527670,0
2019-01-04 15:29:00,1.527670,1.527740,1.527630,1.527640,0
2019-01-04 15:30:00,1.527650,1.527810,1.527630,1.527730,0
2019-01-04 15:31:00,1.527730,1.527840,1.527650,1.527660,0
2019-01-04 15:32:00,1.527650,1.527860,1.527640,1.527790,0
2019-01-04 15:33:00,1.527790,1.527840,1.527750,1.527800,0
2019-01-04 15:34:00,1.527800,1.527830,1.527560,1.527610,0
2019-01-04 15:35:00,1.527590,1.527750,1.527580,1.527750,0
2019-01-04 15:36:00,1.527740,1.527800,1.527680,1.527740,0
2019-01-04 15:37:00,1.527740,1.527870,1.527680,1.527860,0
2019-01-04 15:38:00,1.527850,1.527900,1.527780,1.527860,0
2019-01-04 15:39:00,1.527870,1.527870,1.527720,1.527770,0
2019-01-04 15:40:00,1.527770,1.527880,1.527590,1.527690,0
2019-01-04 15:41:00,1.527680,1.528020,1.527680,1.527840,0
2019-01-04 15:42:00,1.527850,1.528000,1.527750,1.527970,0
2019-01-04 15:43:00,1.527910,1.528040,1.527900,1.527910,0
2019-01-04 15:44:00,1.527940,1.527970,1.527660,1.527660,0
2019-01-04 15:45:00,1.527640,1.527640,1.527270,1.527390,0
2019-01-04 15:46:00,1.527390,1.527430,1.527310,1.527320,0
2019-01-04 15:47:00,1.527320,1.527370,1.527220,1.527340,0
2019-01-04 15:48:00,1.527360,1.527420,1.527100,1.527180,0
2019-01-04 15:49:00,1.527190,1.527550,1.527180,1.527460,0
2019-01-04 15:50:00,1.527460,1.527590,1.527340,1.527580,0
2019-01-04 15:51:00,1.527610,1.527610,1.527090,1.527260,0
2019-01-04 15:52:00,1.527260,1.527430,1.527240,1.527380,0
2019-01-04 15:53:00,1.527380,1.527590,1.527280,1.527590,0
2019-01-04 15:54:00,1.527590,1.527690,1.527510,1.527650,0
2019-01-04 15:55:00,1.527640,1.527670,1.527370,1.527370,0
2019-01-04 15:56:00,1.527370,1.527450,1.527260,1.527290,0
2019-01-04 15:57:00,1.527330,1.527430,1.527130,1.527170,0
2019-01-04 15:58:00,1.527210,1.527370,1.527000,1.527300,0
2019-01-04 15:59:00,1.527300,1.527590,1.527280,1.527540,0
2019-01-04 16:00:00,1.527600,1.527740,1.527380,1.527400,0
2019-01-04 16:01:00,1.527400,1.527400,1.527180,1.527200,0
2019-01-04 16:02:00,1.527190,1.527240,1.527120,1.527170,0
2019-01-04 16:03:00,1.527170,1.527170,1.527050,1.527080,0
2019-01-04 16:04:00,1.527090,1.527090,1.526830,1.526830,0
2019-01-04 16:05:00,1.526850,1.526970,1.526740,1.526810,0
2019-01-04 16:06:00,1.526800,1.526800,1.526590,1.526590,0
2019-01-04 16:07:00,1.526590,1.526640,1.526450,1.526460,0
2019-01-04 16:08:00,1.526460,1.526460,1.526200,1.526210,0
2019-01-04 16:09:00,1.526210,1.526330,1.526210,1.526330,0
2019-01-04 16:10:00,1.526330,1.526580,1.526330,1.526500,0
2019-01-04 16:11:00,1.526500,1.526640,1.526470,1.526530,0
2019-01-04 16:12:00,1.526530,1.526600,1.526470,1.526470,0
2019-01-04 16:13:00,1.526470,1.526690,1.526470,1.526680,0
2019-01-04 16:14:00,1.526710,1.526710,1.526550,1.526560,0
2019-01-04 16:15:00,1.526550,1.526640,1.526550,1.526620,0
2019-01-04 16:16:00,1.526620,1.526730,1.526610,1.526700,0
2019-01-04 16:17:00,1.526700,1.526700,1.526570,1.526600,0
2019-01-04 16:18:00,1.526610,1.526660,1.526530,1.526540,0
2019-01-04 16:19:00,1.526540,1.526580,1.526440,1.526530,0
2019-01-04 16:20:00,1.526530,1.526530,1.526500,1.526500,0
2019-01-04 16:21:00,1.526510,1.526560,1.526450,1.526560,0
2019-01-04 16:22:00,1.526560,1.526610,1.526530,1.526550,0
2019-01-04 16:23:00,1.526550,1.526580,1.526470,1.526510,0
2019-01-04 16:24:00,1.526510,1.526510,1.526450,1.526480,0
2019-01-04 16:25:00,1.526470,1.526500,1.526450,1.526450,0
2019-01-04 16:26:00,1.526450,1.526460,1.526410,1.526410,0
2019-01-04 16:27:00,1.526410,1.526420,1.526390,1.526400,0
2019-01-04 16:28:00,1.526400,1.526420,1.526140,1.526140,0
2019-01-04 16:29:00,1.526120,1.526190,1.525910,1.525990,0
2019-01-04 16:30:00,1.525980,1.526220,1.525790,1.525800,0
2019-01-04 16:31:00,1.525830,1.525950,1.525810,1.525930,0
2019-01-04 16:32:00,1.525930,1.525930,1.525670,1.525780,0
2019-01-04 16:33:00,1.525780,1.525940,1.525770,1.525930,0
2019-01-04 16:34:00,1.525950,1.525950,1.525860,1.525860,0
2019-01-04 16:35:00,1.525900,1.525900,1.525700,1.525710,0
2019-01-04 16:36:00,1.525720,1.525760,1.525410,1.525410,0
2019-01-04 16:37:00,1.525410,1.525670,1.525400,1.525660,0
2019-01-04 16:38:00,1.525660,1.525900,1.525660,1.525730,0
2019-01-04 16:39:00,1.525710,1.525750,1.525290,1.525320,0
2019-01-04 16:40:00,1.525330,1.525380,1.525280,1.525360,0
2019-01-04 16:41:00,1.525350,1.525400,1.525290,1.525300,0
2019-01-04 16:42:00,1.525340,1.525340,1.525040,1.525050,0
2019-01-04 16:43:00,1.525050,1.525130,1.525020,1.525100,0
2019-01-04 16:44:00,1.525150,1.525360,1.525090,1.525240,0
2019-01-04 16:45:00,1.525250,1.525270,1.524930,1.524930,0
2019-01-04 16:46:00,1.524930,1.524960,1.524840,1.524870,0
2019-01-04 16:47:00,1.524880,1.525070,1.524800,1.524840,0
2019-01-04 16:48:00,1.524840,1.524910,1.524610,1.524790,0
2019-01-04 16:49:00,1.524790,1.524860,1.524700,1.524740,0
2019-01-04 16:50:00,1.524710,1.524770,1.524310,1.524400,0
2019-01-04 16:51:00,1.524420,1.524420,1.524060,1.524140,0
2019-01-04 16:52:00,1.524140,1.524160,1.523950,1.524070,0
2019-01-04 16:53:00,1.524110,1.524260,1.524080,1.524260,0
2019-01-04 16:54:00,1.524220,1.524300,1.524140,1.524150,0
2019-01-04 16:55:00,1.524210,1.524240,1.524060,1.524160,0
2019-01-04 16:56:00,1.524150,1.524230,1.523860,1.524110,0
2019-01-04 16:57:00,1.524110,1.524310,1.524030,1.524150,0
2019-01-04 16:58:00,1.524250,1.524410,1.524100,1.524150,0
2019-01-04 16:59:00,1.524150,1.524230,1.523610,1.523640,0
2019-01-06 17:00:00,1.524220,1.524220,1.524220,1.524220,0
2019-01-06 17:01:00,1.524330,1.524350,1.524330,1.524350,0
2019-01-06 17:02:00,1.524540,1.524540,1.524540,1.524540,0
2019-01-06 17:03:00,1.524350,1.524590,1.524350,1.524560,0
2019-01-06 17:04:00,1.524590,1.524640,1.524590,1.524640,0
2019-01-06 17:05:00,1.524720,1.524840,1.524720,1.524750,0
2019-01-06 17:06:00,1.524800,1.524810,1.524630,1.524780,0
2019-01-06 17:07:00,1.524810,1.524830,1.524780,1.524830,0
2019-01-06 17:08:00,1.524490,1.524490,1.524420,1.524450,0
2019-01-06 17:09:00,1.524410,1.525050,1.524390,1.524980,0
2019-01-06 17:10:00,1.524960,1.525060,1.524960,1.524990,0
2019-01-06 17:11:00,1.524980,1.525040,1.524830,1.524860,0
2019-01-06 17:12:00,1.524920,1.525460,1.524690,1.525430,0
2019-01-06 17:13:00,1.525390,1.525560,1.525200,1.525200,0
2019-01-06 17:14:00,1.525230,1.525280,1.525180,1.525200,0
2019-01-06 17:15:00,1.525250,1.525310,1.524910,1.524950,0
2019-01-06 17:16:00,1.524960,1.525260,1.524790,1.525010,0
2019-01-06 17:17:00,1.524990,1.525030,1.524860,1.525010,0
2019-01-06 17:18:00,1.525010,1.525010,1.524720,1.524740,0
2019-01-06 17:19:00,1.524740,1.524830,1.524730,1.524830,0
2019-01-06 17:20:00,1.524830,1.526100,1.524780,1.526100,0
2019-01-06 17:21:00,1.526150,1.526210,1.525830,1.525980,0
2019-01-06 17:22:00,1.526020,1.526070,1.525900,1.526070,0
2019-01-06 17:23:00,1.525980,1.526030,1.525470,1.525860,0
2019-01-06 17:24:00,1.525890,1.526460,1.525890,1.526290,0
2019-01-06 17:25:00,1.526210,1.526210,1.526190,1.526210,0
2019-01-06 17:26:00,1.526220,1.526310,1.526020,1.526060,0
2019-01-06 17:27:00,1.526060,1.526060,1.525770,1.525780,0
2019-01-06 17:28:00,1.525760,1.525790,1.525690,1.525780,0
2019-01-06 17:29:00,1.525770,1.525870,1.525710,1.525740,0
2019-01-06 17:30:00,1.525790,1.526170,1.525660,1.526160,0
2019-01-06 17:31:00,1.526170,1.526420,1.526170,1.526330,0
2019-01-06 17:32:00,1.526330,1.526330,1.526170,1.526190,0
2019-01-06 17:33:00,1.526180,1.526260,1.526180,1.526250,0
2019-01-06 17:34:00,1.526240,1.526300,1.526230,1.526280,0
2019-01-06 17:35:00,1.526270,1.526290,1.526200,1.526240,0
2019-01-06 17:36:00,1.526280,1.526370,1.526280,1.526290,0
2019-01-06 17:37:00,1.526280,1.526330,1.526270,1.526330,0
2019-01-06 17:38:00,1.526330,1.526350,1.526310,1.526340,0
2019-01-06 17:39:00,1.526370,1.526460,1.526340,1.526350,0
2019-01-06 17:40:00,1.526350,1.526360,1.526250,1.526250,0
2019-01-06 17:41:00,1.526260,1.526260,1.526180,1.526180,0
2019-01-06 17:42:00,1.526170,1.526300,1.526170,1.526290,0
2019-01-06 17:43:00,1.526360,1.526410,1.526360,1.526410,0
2019-01-06 17:44:00,1.526400,1.526420,1.526390,1.526420,0
2019-01-06 17:45:00,1.526410,1.526420,1.526380,1.526410,0
2019-01-06 17:46:00,1.526390,1.526420,1.526370,1.526370,0
2019-01-06 17:47:00,1.526390,1.526390,1.526370,1.526380,0
2019-01-06 17:48:00,1.526370,1.526380,1.526340,1.526350,0
2019-01-06 17:49:00,1.526360,1.526380,1.526340,1.526380,0
2019-01-06 17:50:00,1.526370,1.526380,1.526350,1.526350,0
2019-01-06 17:51:00,1.526360,1.526530,1.526350,1.526530,0
2019-01-06 17:52:00,1.526550,1.526560,1.526520,1.526520,0
2019-01-06 17:53:00,1.526500,1.526500,1.526500,1.526500,0
2019-01-06 17:54:00,1.526490,1.526500,1.526430,1.526440,0
2019-01-06 17:55:00,1.526470,1.526600,1.526470,1.526600,0
2019-01-06 17:56:00,1.526580,1.526600,1.526570,1.526570,0
2019-01-06 17:57:00,1.526580,1.526590,1.526400,1.526400,0
2019-01-06 17:58:00,1.526400,1.526850,1.526400,1.526610,0
2019-01-06 17:59:00,1.526600,1.526780,1.526590,1.526600,0
2019-01-06 18:00:00,1.526590,1.527160,1.526410,1.526820,0
2019-01-06 18:01:00,1.526740,1.526740,1.525590,1.525940,0
2019-01-06 18:02:00,1.525940,1.526050,1.525720,1.525950,0
2019-01-06 18:03:00,1.525950,1.526160,1.525580,1.525590,0
2019-01-06 18:04:00,1.525580,1.525890,1.525570,1.525740,0
2019-01-06 18:05:00,1.525740,1.526400,1.525670,1.526250,0
2019-01-06 18:06:00,1.526250,1.526250,1.526020,1.526120,0
2019-01-06 18:07:00,1.526120,1.526260,1.526110,1.526260,0
2019-01-06 18:08:00,1.526260,1.526280,1.526190,1.526250,0
2019-01-06 18:09:00,1.526240,1.526240,1.526180,1.526220,0
2019-01-06 18:10:00,1.526220,1.526220,1.525950,1.526150,0
2019-01-06 18:11:00,1.526140,1.526330,1.526110,1.526250,0
2019-01-06 18:12:00,1.526280,1.526290,1.526230,1.526260,0
2019-01-06 18:13:00,1.526260,1.526360,1.526250,1.526350,0
2019-01-06 18:14:00,1.526340,1.526390,1.526260,1.526260,0
2019-01-06 18:15:00,1.526280,1.526400,1.526220,1.526300,0
2019-01-06 18:16:00,1.526300,1.526330,1.526170,1.526260,0
2019-01-06 18:17:00,1.526250,1.526250,1.526110,1.526200,0
2019-01-06 18:18:00,1.526220,1.526300,1.526190,1.526220,0
2019-01-06 18:19:00,1.526220,1.526230,1.526140,1.526170,0
2019-01-06 18:20:00,1.526160,1.526350,1.526150,1.526210,0
2019-01-06 18:21:00,1.526210,1.526240,1.526160,1.526230,0
2019-01-06 18:22:00,1.526250,1.526250,1.526010,1.526020,0
2019-01-06 18:23:00,1.526030,1.526070,1.525930,1.526010,0
2019-01-06 18:24:00,1.526050,1.526090,1.525940,1.525940,0
2019-01-06 18:25:00,1.525930,1.525970,1.525840,1.525970,0
2019-01-06 18:26:00,1.525980,1.526000,1.525690,1.525690,0
2019-01-06 18:27:00,1.525690,1.525710,1.525600,1.525610,0
2019-01-06 18:28:00,1.525610,1.525790,1.525590,1.525670,0
2019-01-06 18:29:00,1.525670,1.525700,1.525620,1.525660,0
2019-01-06 18:30:00,1.525680,1.525840,1.525610,1.525750,0
2019-01-06 18:31:00,1.525790,1.525850,1.525720,1.525850,0
2019-01-06 18:32:00,1.525830,1.525950,1.525810,1.525950,0
2019-01-06 18:33:00,1.525950,1.525950,1.525710,1.525740,0
2019-01-06 18:34:00,1.525760,1.525840,1.525760,1.525770,0
2019-01-06 18:35:00,1.525770,1.525900,1.525640,1.525830,0
2019-01-06 18:36:00,1.525830,1.526060,1.525810,1.525950,0
2019-01-06 18:37:00,1.525950,1.525950,1.525750,1.525800,0
2019-01-06 18:38:00,1.525800,1.525810,1.525640,1.525720,0
2019-01-06 18:39:00,1.525710,1.525750,1.525650,1.525720,0
2019-01-06 18:40:00,1.525720,1.525740,1.525700,1.525700,0
2019-01-06 18:41:00,1.525700,1.525760,1.525700,1.525720,0
2019-01-06 18:42:00,1.525720,1.525720,1.525600,1.525680,0
2019-01-06 18:43:00,1.525710,1.525810,1.525680,1.525810,0
2019-01-06 18:44:00,1.525880,1.525910,1.525790,1.525900,0
2019-01-06 18:45:00,1.525900,1.525970,1.525830,1.525950,0
2019-01-06 18:46:00,1.525930,1.525940,1.525780,1.525810,0
2019-01-06 18:47:00,1.525810,1.526010,1.525770,1.525820,0
2019-01-06 18:48:00,1.525830,1.525880,1.525750,1.525850,0
2019-01-06 18:49:00,1.525850,1.525850,1.525710,1.525850,0
2019-01-06 18:50:00,1.525860,1.525880,1.525800,1.525870,0
2019-01-06 18:51:00,1.525870,1.526010,1.525870,1.525990,0
2019-01-06 18:52:00,1.525990,1.526230,1.525990,1.526190,0
2019-01-06 18:53:00,1.526180,1.526180,1.525560,1.525610,0
2019-01-06 18:54:00,1.525600,1.525600,1.525180,1.525580,0
2019-01-06 18:55:00,1.525580,1.525620,1.525520,1.525520,0
2019-01-06 18:56:00,1.525520,1.525530,1.525400,1.525440,0
2019-01-06 18:57:00,1.525440,1.525470,1.525350,1.525350,0
2019-01-06 18:58:00,1.525350,1.525440,1.525310,1.525440,0
2019-01-06 18:59:00,1.525440,1.525460,1.525330,1.525350,0
2019-01-06 19:00:00,1.525370,1.525510,1.525280,1.525370,0
2019-01-06 19:01:00,1.525370,1.525510,1.525280,1.525310,0
2019-01-06 19:02:00,1.525310,1.525310,1.525200,1.525220,0
2019-01-06 19:03:00,1.525210,1.525220,1.525020,1.525020,0
2019-01-06 19:04:00,1.525020,1.525020,1.524890,1.524900,0
2019-01-06 19:05:00,1.524880,1.524910,1.524720,1.524720,0
2019-01-06 19:06:00,1.524720,1.524870,1.524610,1.524780,0
2019-01-06 19:07:00,1.524780,1.525430,1.524780,1.525410,0
2019-01-06 19:08:00,1.525410,1.525420,1.525120,1.525220,0
2019-01-06 19:09:00,1.525220,1.525220,1.525100,1.525140,0
2019-01-06 19:10:00,1.525140,1.525350,1.525140,1.525170,0
2019-01-06 19:11:00,1.525170,1.525190,1.525100,1.525100,0
2019-01-06 19:12:00,1.525100,1.525160,1.525100,1.525110,0
2019-01-06 19:13:00,1.525110,1.525180,1.525060,1.525180,0
2019-01-06 19:14:00,1.525170,1.525270,1.525150,1.525190,0
2019-01-06 19:15:00,1.525210,1.525380,1.525210,1.525220,0
2019-01-06 19:16:00,1.525210,1.525230,1.525040,1.525040,0
2019-01-06 19:17:00,1.525050,1.525210,1.525040,1.525200,0
2019-01-06 19:18:00,1.525200,1.525250,1.525130,1.525160,0
2019-01-06 19:19:00,1.525140,1.525140,1.525080,1.525130,0
2019-01-06 19:20:00,1.525140,1.525250,1.525130,1.525250,0
2019-01-06 19:21:00,1.525270,1.525310,1.525250,1.525310,0
2019-01-06 19:22:00,1.525320,1.525320,1.525110,1.525180,0
2019-01-06 19:23:00,1.525180,1.525220,1.525110,1.525150,0
2019-01-06 19:24:00,1.525160,1.525190,1.525110,1.525170,0
2019-01-06 19:25:00,1.525170,1.525290,1.525140,1.525170,0
2019-01-06 19:26:00,1.525170,1.525360,1.525130,1.525350,0
2019-01-06 19:27:00,1.525350,1.525350,1.525170,1.525200,0
2019-01-06 19:28:00,1.525200,1.525240,1.525190,1.525240,0
2019-01-06 19:29:00,1.525240,1.525310,1.525220,1.525310,0
2019-01-06 19:30:00,1.525310,1.525510,1.525290,1.525420,0
2019-01-06 19:31:00,1.525420,1.525420,1.525310,1.525310,0
2019-01-06 19:32:00,1.525320,1.525590,1.525320,1.525560,0
2019-01-06 19:33:00,1.525550,1.525680,1.525550,1.525580,0
2019-01-06 19:34:00,1.525580,1.525580,1.525490,1.525560,0
2019-01-06 19:35:00,1.525540,1.525590,1.525280,1.525280,0
2019-01-06 19:36:00,1.525310,1.525510,1.525260,1.525510,0
2019-01-06 19:37:00,1.525540,1.525790,1.525540,1.525770,0
2019-01-06 19:38:00,1.525780,1.525960,1.525740,1.525950,0
2019-01-06 19:39:00,1.525950,1.525960,1.525880,1.525890,0
2019-01-06 19:40:00,1.525890,1.525960,1.525770,1.525830,0
2019-01-06 19:41:00,1.525840,1.525840,1.525470,1.525480,0
2019-01-06 19:42:00,1.525510,1.525640,1.525480,1.525510,0
2019-01-06 19:43:00,1.525510,1.525540,1.525270,1.525360,0
2019-01-06 19:44:00,1.525360,1.525380,1.525270,1.525270,0
2019-01-06 19:45:00,1.525270,1.525410,1.525270,1.525400,0
2019-01-06 19:46:00,1.525400,1.525650,1.525390,1.525560,0
2019-01-06 19:47:00,1.525560,1.525770,1.525550,1.525650,0
2019-01-06 19:48:00,1.525650,1.525800,1.525640,1.525720,0
2019-01-06 19:49:00,1.525750,1.525780,1.525730,1.525740,0
2019-01-06 19:50:00,1.525740,1.525740,1.525710,1.525720,0
2019-01-06 19:51:00,1.525710,1.525720,1.525680,1.525680,0
2019-01-06 19:52:00,1.525680,1.525860,1.525680,1.525860,0
2019-01-06 19:53:00,1.525860,1.526180,1.525850,1.526030,0
2019-01-06 19:54:00,1.526030,1.526590,1.526010,1.526560,0
2019-01-06 19:55:00,1.526490,1.526510,1.526010,1.526010,0
2019-01-06 19:56:00,1.526010,1.526110,1.526000,1.526060,0
2019-01-06 19:57:00,1.526060,1.526190,1.526060,1.526060,0
2019-01-06 19:58:00,1.526060,1.526100,1.526020,1.526090,0
2019-01-06 19:59:00,1.526090,1.526270,1.526090,1.526210,0
2019-01-06 20:00:00,1.526210,1.526210,1.526050,1.526200,0
2019-01-06 20:01:00,1.526220,1.526290,1.525920,1.525960,0
2019-01-06 20:02:00,1.525960,1.526000,1.525890,1.525900,0
2019-01-06 20:03:00,1.525900,1.525910,1.525800,1.525810,0
2019-01-06 20:04:00,1.525800,1.525950,1.525800,1.525950,0
2019-01-06 20:05:00,1.525950,1.526010,1.525820,1.525830,0
2019-01-06 20:06:00,1.525840,1.525920,1.525820,1.525830,0
2019-01-06 20:07:00,1.525830,1.525830,1.525650,1.525670,0
2019-01-06 20:08:00,1.525650,1.525730,1.525580,1.525580,0
2019-01-06 20:09:00,1.525570,1.525600,1.525570,1.525590,0
2019-01-06 20:10:00,1.525590,1.525620,1.525530,1.525540,0
2019-01-06 20:11:00,1.525540,1.525570,1.525450,1.525550,0
2019-01-06 20:12:00,1.525570,1.525570,1.525520,1.525550,0
2019-01-06 20:13:00,1.525550,1.525560,1.525530,1.525550,0
2019-01-06 20:14:00,1.525550,1.525570,1.525520,1.525530,0
2019-01-06 20:15:00,1.525510,1.525520,1.525370,1.525390,0
2019-01-06 20:16:00,1.525390,1.525410,1.525280,1.525310,0
2019-01-06 20:17:00,1.525310,1.525340,1.525290,1.525290,0
2019-01-06 20:18:00,1.525300,1.525440,1.525280,1.525440,0
2019-01-06 20:19:00,1.525450,1.525560,1.525450,1.525560,0
2019-01-06 20:20:00,1.525560,1.525560,1.525420,1.525440,0
2019-01-06 20:21:00,1.525450,1.525640,1.525440,1.525610,0
2019-01-06 20:22:00,1.525620,1.525660,1.525600,1.525600,0
2019-01-06 20:23:00,1.525590,1.525680,1.525590,1.525610,0
2019-01-06 20:24:00,1.525610,1.525680,1.525400,1.525610,0
2019-01-06 20:25:00,1.525640,1.525710,1.525610,1.525700,0
2019-01-06 20:26:00,1.525700,1.525710,1.525520,1.525520,0
2019-01-06 20:27:00,1.525520,1.525550,1.525420,1.525430,0
2019-01-06 20:28:00,1.525430,1.525450,1.525320,1.525370,0
2019-01-06 20:29:00,1.525370,1.525470,1.525320,1.525380,0
2019-01-06 20:30:00,1.525370,1.525540,1.525370,1.525430,0
2019-01-06 20:31:00,1.525450,1.525530,1.525410,1.525420,0
2019-01-06 20:32:00,1.525420,1.525480,1.525390,1.525410,0
2019-01-06 20:33:00,1.525370,1.525500,1.525320,1.525380,0
2019-01-06 20:34:00,1.525380,1.525400,1.525340,1.525390,0
2019-01-06 20:35:00,1.525330,1.525480,1.525290,1.525460,0
2019-01-06 20:36:00,1.525460,1.525650,1.525430,1.525650,0
2019-01-06 20:37:00,1.525650,1.525680,1.525550,1.525610,0
2019-01-06 20:38:00,1.525610,1.525640,1.525580,1.525640,0
2019-01-06 20:39:00,1.525640,1.525820,1.525580,1.525820,0
2019-01-06 20:40:00,1.525820,1.525850,1.525720,1.525830,0
2019-01-06 20:41:00,1.525830,1.525980,1.525830,1.525930,0
2019-01-06 20:42:00,1.525930,1.526030,1.525860,1.526010,0
2019-01-06 20:43:00,1.526010,1.526330,1.526010,1.526310,0
2019-01-06 20:44:00,1.526310,1.526450,1.526150,1.526360,0
2019-01-06 20:45:00,1.526370,1.526700,1.526370,1.526690,0
2019-01-06 20:46:00,1.526680,1.526680,1.526410,1.526460,0
2019-01-06 20:47:00,1.526460,1.526560,1.526460,1.526520,0
2019-01-06 20:48:00,1.526530,1.526690,1.526510,1.526610,0
2019-01-06 20:49:00,1.526610,1.526710,1.526510,1.526560,0
2019-01-06 20:50:00,1.526550,1.526720,1.526490,1.526550,0
2019-01-06 20:51:00,1.526550,1.526620,1.526520,1.526610,0
2019-01-06 20:52:00,1.526600,1.526660,1.526390,1.526390,0
2019-01-06 20:53:00,1.526380,1.526430,1.526320,1.526430,0
2019-01-06 20:54:00,1.526420,1.526650,1.526410,1.526580,0
2019-01-06 20:55:00,1.526580,1.526620,1.526460,1.526530,0
2019-01-06 20:56:00,1.526530,1.526550,1.526380,1.526430,0
2019-01-06 20:57:00,1.526430,1.526450,1.526390,1.526450,0
2019-01-06 20:58:00,1.526480,1.526670,1.526440,1.526500,0
2019-01-06 20:59:00,1.526500,1.526570,1.526440,1.526560,0
2019-01-06 21:00:00,1.526580,1.526580,1.526380,1.526430,0
2019-01-06 21:01:00,1.526430,1.526500,1.526320,1.526320,0
2019-01-06 21:02:00,1.526320,1.526450,1.526320,1.526370,0
2019-01-06 21:03:00,1.526350,1.526390,1.526220,1.526240,0
2019-01-06 21:04:00,1.526240,1.526280,1.526190,1.526230,0
2019-01-06 21:05:00,1.526210,1.526270,1.526130,1.526130,0
2019-01-06 21:06:00,1.526120,1.526210,1.526100,1.526150,0
2019-01-06 21:07:00,1.526150,1.526160,1.526020,1.526030,0
2019-01-06 21:08:00,1.526020,1.526160,1.526020,1.526100,0
2019-01-06 21:09:00,1.526110,1.526190,1.526080,1.526190,0
2019-01-06 21:10:00,1.526190,1.526220,1.526100,1.526170,0
2019-01-06 21:11:00,1.526200,1.526390,1.526200,1.526380,0
2019-01-06 21:12:00,1.526370,1.526370,1.526130,1.526160,0
2019-01-06 21:13:00,1.526150,1.526160,1.525970,1.525970,0
2019-01-06 21:14:00,1.525970,1.526010,1.525920,1.525950,0
2019-01-06 21:15:00,1.525950,1.526170,1.525940,1.526170,0
2019-01-06 21:16:00,1.526150,1.526250,1.526140,1.526200,0
2019-01-06 21:17:00,1.526200,1.526220,1.526070,1.526100,0
2019-01-06 21:18:00,1.526100,1.526230,1.526090,1.526220,0
2019-01-06 21:19:00,1.526220,1.526220,1.526090,1.526180,0
2019-01-06 21:20:00,1.526180,1.526180,1.526100,1.526120,0
2019-01-06 21:21:00,1.526110,1.526120,1.526050,1.526100,0
2019-01-06 21:22:00,1.526100,1.526140,1.526070,1.526070,0
2019-01-06 21:23:00,1.526070,1.526110,1.525970,1.525970,0
2019-01-06 21:24:00,1.525980,1.526020,1.525930,1.525980,0
2019-01-06 21:25:00,1.525980,1.526020,1.525900,1.525920,0
2019-01-06 21:26:00,1.525920,1.525940,1.525800,1.525840,0
2019-01-06 21:27:00,1.525840,1.525850,1.525760,1.525770,0
2019-01-06 21:28:00,1.525760,1.525780,1.525710,1.525740,0
2019-01-06 21:29:00,1.525750,1.525750,1.525640,1.525710,0
2019-01-06 21:30:00,1.525730,1.525730,1.525680,1.525720,0
2019-01-06 21:31:00,1.525710,1.525840,1.525700,1.525700,0
2019-01-06 21:32:00,1.525700,1.525990,1.525700,1.525990,0
2019-01-06 21:33:00,1.526010,1.526010,1.525950,1.525970,0
2019-01-06 21:34:00,1.525970,1.525970,1.525830,1.525860,0
2019-01-06 21:35:00,1.525860,1.525860,1.525700,1.525730,0
2019-01-06 21:36:00,1.525730,1.525790,1.525700,1.525760,0
2019-01-06 21:37:00,1.525770,1.525840,1.525710,1.525740,0
2019-01-06 21:38:00,1.525740,1.525840,1.525700,1.525760,0
2019-01-06 21:39:00,1.525750,1.525760,1.525590,1.525590,0
2019-01-06 21:40:00,1.525600,1.525660,1.525570,1.525600,0
2019-01-06 21:41:00,1.525610,1.525630,1.525510,1.525580,0
2019-01-06 21:42:00,1.525580,1.525600,1.525510,1.525600,0
2019-01-06 21:43:00,1.525590,1.525600,1.525570,1.525600,0
2019-01-06 21:44:00,1.525600,1.525620,1.525580,1.525610,0
2019-01-06 21:45:00,1.525590,1.525620,1.525590,1.525620,0
2019-01-06 21:46:00,1.525620,1.525740,1.525600,1.525710,0
2019-01-06 21:47:00,1.525710,1.525800,1.525710,1.525800,0
2019-01-06 21:48:00,1.525810,1.525880,1.525790,1.525880,0
2019-01-06 21:49:00,1.525880,1.525910,1.525790,1.525790,0
2019-01-06 21:50:00,1.525780,1.525830,1.525770,1.525830,0
2019-01-06 21:51:00,1.525820,1.525820,1.525710,1.525780,0
2019-01-06 21:52:00,1.525780,1.525830,1.525730,1.525830,0
2019-01-06 21:53:00,1.525830,1.525830,1.525790,1.525800,0
2019-01-06 21:54:00,1.525790,1.525820,1.525780,1.525780,0
2019-01-06 21:55:00,1.525780,1.525790,1.525710,1.525760,0
2019-01-06 21:56:00,1.525790,1.525790,1.525720,1.525720,0
2019-01-06 21:57:00,1.525720,1.525720,1.525670,1.525670,0
2019-01-06 21:58:00,1.525670,1.525690,1.525630,1.525660,0
2019-01-06 21:59:00,1.525660,1.525770,1.525660,1.525750,0
2019-01-06 22:00:00,1.525750,1.525770,1.525500,1.525510,0
2019-01-06 22:01:00,1.525520,1.525540,1.525460,1.525500,0
2019-01-06 22:02:00,1.525490,1.525520,1.525470,1.525490,0
2019-01-06 22:03:00,1.525480,1.525620,1.525460,1.525610,0
2019-01-06 22:04:00,1.525600,1.525730,1.525600,1.525610,0
2019-01-06 22:05:00,1.525590,1.525640,1.525520,1.525580,0
2019-01-06 22:06:00,1.525600,1.525670,1.525570,1.525650,0
2019-01-06 22:07:00,1.525660,1.525850,1.525650,1.525790,0
2019-01-06 22:08:00,1.525790,1.525990,1.525790,1.525910,0
2019-01-06 22:09:00,1.525920,1.525920,1.525850,1.525910,0
2019-01-06 22:10:00,1.525900,1.525940,1.525860,1.525860,0
2019-01-06 22:11:00,1.525860,1.525870,1.525850,1.525860,0
2019-01-06 22:12:00,1.525860,1.525890,1.525820,1.525850,0
2019-01-06 22:13:00,1.525860,1.525960,1.525770,1.525770,0
2019-01-06 22:14:00,1.525770,1.525850,1.525770,1.525810,0
2019-01-06 22:15:00,1.525800,1.525930,1.525800,1.525860,0
2019-01-06 22:16:00,1.525860,1.525910,1.525860,1.525880,0
2019-01-06 22:17:00,1.525860,1.525940,1.525840,1.525840,0
2019-01-06 22:18:00,1.525830,1.525940,1.525810,1.525870,0
2019-01-06 22:19:00,1.525890,1.526040,1.525870,1.526020,0
2019-01-06 22:20:00,1.526020,1.526200,1.525950,1.526170,0
2019-01-06 22:21:00,1.526170,1.526190,1.526120,1.526120,0
2019-01-06 22:22:00,1.526110,1.526150,1.526040,1.526150,0
2019-01-06 22:23:00,1.526130,1.526160,1.526090,1.526120,0
2019-01-06 22:24:00,1.526120,1.526220,1.526120,1.526150,0
2019-01-06 22:25:00,1.526150,1.526230,1.526150,1.526190,0
2019-01-06 22:26:00,1.526190,1.526200,1.526120,1.526120,0
2019-01-06 22:27:00,1.526120,1.526170,1.526090,1.526110,0
2019-01-06 22:28:00,1.526110,1.526140,1.526010,1.526030,0
2019-01-06 22:29:00,1.526030,1.526030,1.525900,1.525950,0
2019-01-06 22:30:00,1.525950,1.526030,1.525950,1.526030,0
2019-01-06 22:31:00,1.526030,1.526120,1.526020,1.526080,0
2019-01-06 22:32:00,1.526080,1.526100,1.526030,1.526050,0
2019-01-06 22:33:00,1.526050,1.526110,1.526030,1.526030,0
2019-01-06 22:34:00,1.526020,1.526060,1.525970,1.525970,0
2019-01-06 22:35:00,1.525960,1.526020,1.525940,1.525960,0
2019-01-06 22:36:00,1.525960,1.526040,1.525960,1.526040,0
2019-01-06 22:37:00,1.526050,1.526050,1.526040,1.526040,0
2019-01-06 22:38:00,1.526030,1.526160,1.526030,1.526100,0
2019-01-06 22:39:00,1.526110,1.526110,1.526060,1.526060,0
2019-01-06 22:40:00,1.526060,1.526070,1.526010,1.526070,0
2019-01-06 22:41:00,1.526060,1.526100,1.526000,1.526000,0
2019-01-06 22:42:00,1.526000,1.526090,1.526000,1.526050,0
2019-01-06 22:43:00,1.526060,1.526060,1.525870,1.525910,0
2019-01-06 22:44:00,1.525910,1.525920,1.525850,1.525910,0
2019-01-06 22:45:00,1.525890,1.525890,1.525790,1.525790,0
2019-01-06 22:46:00,1.525790,1.525840,1.525790,1.525840,0
2019-01-06 22:47:00,1.525840,1.525840,1.525840,1.525840,0
2019-01-06 22:48:00,1.525840,1.525860,1.525780,1.525840,0
2019-01-06 22:49:00,1.525840,1.525940,1.525730,1.525930,0
2019-01-06 22:50:00,1.525920,1.526040,1.525890,1.526040,0
2019-01-06 22:51:00,1.526040,1.526160,1.525920,1.526060,0
2019-01-06 22:52:00,1.526060,1.526190,1.525900,1.525910,0
2019-01-06 22:53:00,1.525910,1.526010,1.525900,1.525970,0
2019-01-06 22:54:00,1.525970,1.526150,1.525970,1.526120,0
2019-01-06 22:55:00,1.526100,1.526110,1.525970,1.525970,0
2019-01-06 22:56:00,1.525970,1.525970,1.525880,1.525900,0
2019-01-06 22:57:00,1.525920,1.525970,1.525850,1.525870,0
2019-01-06 22:58:00,1.525870,1.525900,1.525820,1.525880,0
2019-01-06 22:59:00,1.525880,1.525900,1.525750,1.525770,0
2019-01-06 23:00:00,1.525750,1.525920,1.525740,1.525900,0
2019-01-06 23:01:00,1.525900,1.525940,1.525840,1.525840,0
2019-01-06 23:02:00,1.525870,1.525990,1.525820,1.525960,0
2019-01-06 23:03:00,1.525960,1.526030,1.525930,1.526030,0
2019-01-06 23:04:00,1.526030,1.526080,1.525950,1.526080,0
2019-01-06 23:05:00,1.526080,1.526740,1.526080,1.526660,0
2019-01-06 23:06:00,1.526650,1.526650,1.526450,1.526450,0
2019-01-06 23:07:00,1.526450,1.526570,1.526400,1.526470,0
2019-01-06 23:08:00,1.526470,1.526600,1.526360,1.526470,0
2019-01-06 23:09:00,1.526470,1.526470,1.526290,1.526290,0
2019-01-06 23:10:00,1.526290,1.526330,1.526220,1.526310,0
2019-01-06 23:11:00,1.526280,1.526390,1.526140,1.526280,0
2019-01-06 23:12:00,1.526300,1.526590,1.526300,1.526490,0
2019-01-06 23:13:00,1.526490,1.526490,1.526190,1.526340,0
2019-01-06 23:14:00,1.526350,1.526520,1.526270,1.526490,0
2019-01-06 23:15:00,1.526480,1.526510,1.526280,1.526410,0
2019-01-06 23:16:00,1.526400,1.526430,1.526360,1.526400,0
2019-01-06 23:17:00,1.526390,1.526400,1.526260,1.526260,0
2019-01-06 23:18:00,1.526260,1.526260,1.526130,1.526190,0
2019-01-06 23:19:00,1.526190,1.526260,1.526190,1.526260,0
2019-01-06 23:20:00,1.526260,1.526260,1.526110,1.526170,0
2019-01-06 23:21:00,1.526170,1.526250,1.526170,1.526200,0
2019-01-06 23:22:00,1.526210,1.526250,1.526170,1.526200,0
2019-01-06 23:23:00,1.526200,1.526230,1.526180,1.526200,0
2019-01-06 23:24:00,1.526200,1.526310,1.526200,1.526290,0
2019-01-06 23:25:00,1.526290,1.526330,1.526270,1.526270,0
2019-01-06 23:26:00,1.526290,1.526340,1.526270,1.526270,0
2019-01-06 23:27:00,1.526270,1.526350,1.526260,1.526350,0
2019-01-06 23:28:00,1.526350,1.526390,1.526290,1.526320,0
2019-01-06 23:29:00,1.526310,1.526360,1.526290,1.526310,0
2019-01-06 23:30:00,1.526310,1.526380,1.526280,1.526300,0
2019-01-06 23:31:00,1.526300,1.526370,1.526290,1.526290,0
2019-01-06 23:32:00,1.526290,1.526310,1.526220,1.526290,0
2019-01-06 23:33:00,1.526290,1.526340,1.526230,1.526280,0
2019-01-06 23:34:00,1.526280,1.526330,1.526240,1.526270,0
2019-01-06 23:35:00,1.526260,1.526290,1.526220,1.526280,0
2019-01-06 23:36:00,1.526270,1.526270,1.526190,1.526210,0
2019-01-06 23:37:00,1.526220,1.526240,1.526190,1.526230,0
2019-01-06 23:38:00,1.526230,1.526360,1.526230,1.526340,0
2019-01-06 23:39:00,1.526340,1.526340,1.526170,1.526180,0
2019-01-06 23:40:00,1.526180,1.526250,1.526170,1.526210,0
2019-01-06 23:41:00,1.526210,1.526210,1.526150,1.526180,0
2019-01-06 23:42:00,1.526180,1.526220,1.526160,1.526160,0
2019-01-06 23:43:00,1.526150,1.526230,1.526150,1.526160,0
2019-01-06 23:44:00,1.526160,1.526170,1.525980,1.526050,0
2019-01-06 23:45:00,1.526050,1.526130,1.525990,1.525990,0
2019-01-06 23:46:00,1.526000,1.526030,1.525880,1.525950,0
2019-01-06 23:47:00,1.525950,1.526000,1.525920,1.525940,0
2019-01-06 23:48:00,1.525940,1.525990,1.525720,1.525780,0
2019-01-06 23:49:00,1.525780,1.525860,1.525670,1.525670,0
2019-01-06 23:50:00,1.525670,1.525800,1.525670,1.525780,0
2019-01-06 23:51:00,1.525770,1.525800,1.525660,1.525790,0
2019-01-06 23:52:00,1.525770,1.525770,1.525610,1.525610,0
2019-01-06 23:53:00,1.525600,1.525800,1.525590,1.525800,0
2019-01-06 23:54:00,1.525800,1.525860,1.525690,1.525690,0
2019-01-06 23:55:00,1.525690,1.525730,1.525660,1.525690,0
2019-01-06 23:56:00,1.525690,1.525720,1.525640,1.525690,0
2019-01-06 23:57:00,1.525690,1.525740,1.525640,1.525640,0
2019-01-06 23:58:00,1.525630,1.525630,1.525470,1.525530,0
2019-01-06 23:59:00,1.525530,1.525530,1.525350,1.525350,0
2019-01-07 00:00:00,1.525350,1.525400,1.525280,1.525280,0
2019-01-07 00:01:00,1.525280,1.525420,1.525260,1.525410,0
2019-01-07 00:02:00,1.525410,1.525540,1.525410,1.525480,0
2019-01-07 00:03:00,1.525510,1.525610,1.525490,1.525580,0
2019-01-07 00:04:00,1.525580,1.525690,1.525560,1.525650,0
2019-01-07 00:05:00,1.525650,1.525760,1.525650,1.525740,0
2019-01-07 00:06:00,1.525740,1.525740,1.525620,1.525640,0
2019-01-07 00:07:00,1.525640,1.525710,1.525600,1.525600,0
2019-01-07 00:08:00,1.525600,1.525760,1.525580,1.525750,0
2019-01-07 00:09:00,1.525740,1.525840,1.525710,1.525790,0
2019-01-07 00:10:00,1.525800,1.525810,1.525730,1.525740,0
2019-01-07 00:11:00,1.525740,1.525740,1.525500,1.525530,0
2019-01-07 00:12:00,1.525530,1.525600,1.525530,1.525590,0
2019-01-07 00:13:00,1.525590,1.525610,1.525550,1.525560,0
2019-01-07 00:14:00,1.525560,1.525650,1.525520,1.525650,0
2019-01-07 00:15:00,1.525640,1.525690,1.525600,1.525690,0
2019-01-07 00:16:00,1.525680,1.525680,1.525580,1.525580,0
2019-01-07 00:17:00,1.525580,1.525670,1.525560,1.525630,0
2019-01-07 00:18:00,1.525630,1.525720,1.525580,1.525710,0
2019-01-07 00:19:00,1.525710,1.525710,1.525580,1.525580,0
2019-01-07 00:20:00,1.525580,1.525800,1.525580,1.525720,0
2019-01-07 00:21:00,1.525720,1.525720,1.525660,1.525660,0
2019-01-07 00:22:00,1.525660,1.525840,1.525650,1.525800,0
2019-01-07 00:23:00,1.525800,1.525850,1.525750,1.525830,0
2019-01-07 00:24:00,1.525830,1.525830,1.525730,1.525810,0
2019-01-07 00:25:00,1.525810,1.525890,1.525810,1.525830,0
2019-01-07 00:26:00,1.525830,1.525900,1.525740,1.525770,0
2019-01-07 00:27:00,1.525750,1.525750,1.525650,1.525650,0
2019-01-07 00:28:00,1.525640,1.525660,1.525530,1.525600,0
2019-01-07 00:29:00,1.525610,1.525680,1.525580,1.525590,0
2019-01-07 00:30:00,1.525600,1.525720,1.525580,1.525650,0
2019-01-07 00:31:00,1.525640,1.525660,1.525630,1.525650,0
2019-01-07 00:32:00,1.525650,1.525650,1.525590,1.525620,0
2019-01-07 00:33:00,1.525620,1.525650,1.525610,1.525650,0
2019-01-07 00:34:00,1.525650,1.525710,1.525650,1.525690,0
2019-01-07 00:35:00,1.525690,1.525690,1.525590,1.525620,0
2019-01-07 00:36:00,1.525670,1.525670,1.525580,1.525660,0
2019-01-07 00:37:00,1.525660,1.525710,1.525640,1.525640,0
2019-01-07 00:38:00,1.525640,1.525780,1.525640,1.525760,0
2019-01-07 00:39:00,1.525760,1.525760,1.525690,1.525700,0
2019-01-07 00:40:00,1.525700,1.525780,1.525660,1.525700,0
2019-01-07 00:41:00,1.525690,1.525700,1.525620,1.525640,0
2019-01-07 00:42:00,1.525640,1.525650,1.525630,1.525640,0
2019-01-07 00:43:00,1.525640,1.525660,1.525600,1.525660,0
2019-01-07 00:44:00,1.525650,1.525680,1.525570,1.525580,0
2019-01-07 00:45:00,1.525580,1.525580,1.525480,1.525530,0
2019-01-07 00:46:00,1.525530,1.525560,1.525490,1.525490,0
2019-01-07 00:47:00,1.525520,1.525540,1.525410,1.525430,0
2019-01-07 00:48:00,1.525430,1.525460,1.525360,1.525360,0
2019-01-07 00:49:00,1.525360,1.525370,1.525320,1.525350,0
2019-01-07 00:50:00,1.525350,1.525380,1.525350,1.525380,0
2019-01-07 00:51:00,1.525380,1.525500,1.525370,1.525430,0
2019-01-07 00:52:00,1.525430,1.525520,1.525410,1.525520,0
2019-01-07 00:53:00,1.525520,1.525620,1.525500,1.525570,0
2019-01-07 00:54:00,1.525570,1.525720,1.525560,1.525710,0
2019-01-07 00:55:00,1.525710,1.525720,1.525570,1.525580,0
2019-01-07 00:56:00,1.525550,1.525640,1.525500,1.525640,0
2019-01-07 00:57:00,1.525640,1.525670,1.525580,1.525640,0
2019-01-07 00:58:00,1.525670,1.525700,1.525630,1.525700,0
2019-01-07 00:59:00,1.525700,1.525830,1.525700,1.525750,0
2019-01-07 01:00:00,1.525740,1.525770,1.525630,1.525640,0
2019-01-07 01:01:00,1.525630,1.525760,1.525590,1.525740,0
2019-01-07 01:02:00,1.525740,1.525760,1.525540,1.525600,0
2019-01-07 01:03:00,1.525600,1.525660,1.525560,1.525650,0
2019-01-07 01:04:00,1.525630,1.525630,1.525470,1.525500,0
2019-01-07 01:05:00,1.525500,1.525520,1.525200,1.525210,0
2019-01-07 01:06:00,1.525220,1.525300,1.525160,1.525220,0
2019-01-07 01:07:00,1.525210,1.525240,1.524960,1.525100,0
2019-01-07 01:08:00,1.525100,1.525140,1.525020,1.525040,0
2019-01-07 01:09:00,1.525040,1.525060,1.524940,1.525050,0
2019-01-07 01:10:00,1.525060,1.525250,1.525050,1.525190,0
2019-01-07 01:11:00,1.525190,1.525230,1.525130,1.525200,0
2019-01-07 01:12:00,1.525190,1.525310,1.525180,1.525230,0
2019-01-07 01:13:00,1.525240,1.525350,1.525230,1.525300,0
2019-01-07 01:14:00,1.525300,1.525420,1.525230,1.525330,0
2019-01-07 01:15:00,1.525330,1.525370,1.525180,1.525300,0
2019-01-07 01:16:00,1.525290,1.525490,1.525280,1.525400,0
2019-01-07 01:17:00,1.525410,1.525450,1.525320,1.525350,0
2019-01-07 01:18:00,1.525360,1.525610,1.525350,1.525490,0
2019-01-07 01:19:00,1.525480,1.525740,1.525450,1.525580,0
2019-01-07 01:20:00,1.525580,1.525970,1.525580,1.525870,0
2019-01-07 01:21:00,1.525870,1.525940,1.525760,1.525870,0
2019-01-07 01:22:00,1.525880,1.526090,1.525880,1.525980,0
2019-01-07 01:23:00,1.525980,1.526010,1.525830,1.525960,0
2019-01-07 01:24:00,1.525960,1.525980,1.525880,1.525930,0
2019-01-07 01:25:00,1.525930,1.526110,1.525910,1.526090,0
2019-01-07 01:26:00,1.526090,1.526180,1.526050,1.526140,0
2019-01-07 01:27:00,1.526130,1.526220,1.526100,1.526100,0
2019-01-07 01:28:00,1.526100,1.526100,1.526030,1.526100,0
2019-01-07 01:29:00,1.526100,1.526110,1.526040,1.526040,0
2019-01-07 01:30:00,1.526040,1.526110,1.525980,1.526020,0
2019-01-07 01:31:00,1.526020,1.526260,1.526020,1.526220,0
2019-01-07 01:32:00,1.526260,1.526260,1.526000,1.526080,0
2019-01-07 01:33:00,1.526090,1.526180,1.526090,1.526150,0
2019-01-07 01:34:00,1.526150,1.526150,1.526120,1.526140,0
2019-01-07 01:35:00,1.526140,1.526140,1.525980,1.526060,0
2019-01-07 01:36:00,1.526050,1.526100,1.526030,1.526040,0
2019-01-07 01:37:00,1.526040,1.526080,1.525950,1.525960,0
2019-01-07 01:38:00,1.525940,1.526040,1.525920,1.525920,0
2019-01-07 01:39:00,1.525920,1.525920,1.525720,1.525720,0
2019-01-07 01:40:00,1.525730,1.525820,1.525680,1.525700,0
2019-01-07 01:41:00,1.525710,1.525730,1.525670,1.525690,0
2019-01-07 01:42:00,1.525690,1.525720,1.525630,1.525630,0
2019-01-07 01:43:00,1.525630,1.525690,1.525580,1.525690,0
2019-01-07 01:44:00,1.525690,1.525700,1.525610,1.525610,0
2019-01-07 01:45:00,1.525620,1.525620,1.525350,1.525390,0
2019-01-07 01:46:00,1.525380,1.525480,1.525360,1.525460,0
2019-01-07 01:47:00,1.525460,1.525490,1.525410,1.525440,0
2019-01-07 01:48:00,1.525440,1.525550,1.525400,1.525440,0
2019-01-07 01:49:00,1.525420,1.525570,1.525200,1.525320,0
2019-01-07 01:50:00,1.525320,1.525470,1.525220,1.525350,0
2019-01-07 01:51:00,1.525340,1.525350,1.525080,1.525110,0
2019-01-07 01:52:00,1.525110,1.525110,1.524930,1.524950,0
2019-01-07 01:53:00,1.524950,1.525000,1.524880,1.524920,0
2019-01-07 01:54:00,1.524920,1.524980,1.524860,1.524900,0
2019-01-07 01:55:00,1.524900,1.524940,1.524730,1.524760,0
2019-01-07 01:56:00,1.524760,1.525040,1.524760,1.524980,0
2019-01-07 01:57:00,1.524980,1.525110,1.524940,1.525050,0
2019-01-07 01:58:00,1.525050,1.525080,1.524930,1.524950,0
2019-01-07 01:59:00,1.524950,1.524980,1.524860,1.524950,0
2019-01-07 02:00:00,1.524980,1.525010,1.524120,1.524350,0
2019-01-07 02:01:00,1.524350,1.524980,1.524300,1.524980,0
2019-01-07 02:02:00,1.524950,1.525120,1.524860,1.525050,0
2019-01-07 02:03:00,1.525040,1.525470,1.525040,1.525460,0
2019-01-07 02:04:00,1.525460,1.525490,1.525360,1.525440,0
2019-01-07 02:05:00,1.525450,1.525540,1.525260,1.525320,0
2019-01-07 02:06:00,1.525350,1.525560,1.525340,1.525540,0
2019-01-07 02:07:00,1.525560,1.525630,1.525510,1.525550,0
2019-01-07 02:08:00,1.525550,1.525620,1.525420,1.525570,0
2019-01-07 02:09:00,1.525560,1.525580,1.525410,1.525510,0
2019-01-07 02:10:00,1.525510,1.525660,1.525450,1.525460,0
2019-01-07 02:11:00,1.525460,1.525730,1.525450,1.525640,0
2019-01-07 02:12:00,1.525650,1.525690,1.525490,1.525520,0
2019-01-07 02:13:00,1.525510,1.525630,1.525500,1.525590,0
2019-01-07 02:14:00,1.525580,1.525640,1.525280,1.525330,0
2019-01-07 02:15:00,1.525330,1.525330,1.524870,1.524970,0
2019-01-07 02:16:00,1.524960,1.525120,1.524890,1.525110,0
2019-01-07 02:17:00,1.525100,1.525220,1.525050,1.525170,0
2019-01-07 02:18:00,1.525160,1.525250,1.525110,1.525170,0
2019-01-07 02:19:00,1.525150,1.525170,1.524980,1.525170,0
2019-01-07 02:20:00,1.525180,1.525230,1.524930,1.525100,0
2019-01-07 02:21:00,1.525110,1.525210,1.524920,1.525140,0
2019-01-07 02:22:00,1.525110,1.525160,1.524980,1.524990,0
2019-01-07 02:23:00,1.525000,1.525310,1.524980,1.525260,0
2019-01-07 02:24:00,1.525280,1.525320,1.524960,1.525120,0
2019-01-07 02:25:00,1.525130,1.525150,1.524900,1.524910,0
2019-01-07 02:26:00,1.524910,1.524940,1.524760,1.524850,0
2019-01-07 02:27:00,1.524850,1.525010,1.524730,1.525010,0
2019-01-07 02:28:00,1.525010,1.525010,1.524800,1.524960,0
2019-01-07 02:29:00,1.524960,1.525080,1.524930,1.525060,0
2019-01-07 02:30:00,1.525060,1.525250,1.524970,1.525180,0
2019-01-07 02:31:00,1.525180,1.525400,1.525030,1.525370,0
2019-01-07 02:32:00,1.525370,1.525380,1.525210,1.525260,0
2019-01-07 02:33:00,1.525260,1.525270,1.525140,1.525250,0
2019-01-07 02:34:00,1.525230,1.525290,1.525000,1.525000,0
2019-01-07 02:35:00,1.525000,1.525270,1.524990,1.525250,0
2019-01-07 02:36:00,1.525240,1.525290,1.525200,1.525220,0
2019-01-07 02:37:00,1.525220,1.525390,1.525190,1.525280,0
2019-01-07 02:38:00,1.525270,1.525370,1.525210,1.525360,0
2019-01-07 02:39:00,1.525370,1.525410,1.525270,1.525270,0
2019-01-07 02:40:00,1.525270,1.525490,1.525230,1.525420,0
2019-01-07 02:41:00,1.525410,1.525530,1.525380,1.525490,0
2019-01-07 02:42:00,1.525480,1.525510,1.525330,1.525380,0
2019-01-07 02:43:00,1.525380,1.525450,1.525290,1.525400,0
2019-01-07 02:44:00,1.525390,1.525550,1.525290,1.525340,0
2019-01-07 02:45:00,1.525330,1.525330,1.525110,1.525110,0
2019-01-07 02:46:00,1.525120,1.525160,1.524800,1.524820,0
2019-01-07 02:47:00,1.524840,1.525030,1.524730,1.525010,0
2019-01-07 02:48:00,1.524970,1.525150,1.524910,1.525130,0
2019-01-07 02:49:00,1.525120,1.525600,1.525090,1.525560,0
2019-01-07 02:50:00,1.525550,1.525550,1.525360,1.525420,0
2019-01-07 02:51:00,1.525430,1.525540,1.525420,1.525540,0
2019-01-07 02:52:00,1.525540,1.526030,1.525540,1.526010,0
2019-01-07 02:53:00,1.526020,1.526450,1.526020,1.526400,0
2019-01-07 02:54:00,1.526410,1.526500,1.526110,1.526130,0
2019-01-07 02:55:00,1.526140,1.526380,1.526130,1.526250,0
2019-01-07 02:56:00,1.526250,1.526270,1.526110,1.526140,0
2019-01-07 02:57:00,1.526140,1.526330,1.526140,1.526290,0
2019-01-07 02:58:00,1.526280,1.526800,1.526190,1.526790,0
2019-01-07 02:59:00,1.526800,1.527010,1.526650,1.526760,0
2019-01-07 03:00:00,1.526770,1.527450,1.526770,1.527170,0
2019-01-07 03:01:00,1.527160,1.527310,1.527030,1.527280,0
2019-01-07 03:02:00,1.527240,1.527450,1.527170,1.527290,0
2019-01-07 03:03:00,1.527270,1.527370,1.527120,1.527160,0
2019-01-07 03:04:00,1.527160,1.527270,1.527000,1.527020,0
2019-01-07 03:05:00,1.527020,1.527180,1.526860,1.527030,0
2019-01-07 03:06:00,1.527050,1.527350,1.527050,1.527100,0
2019-01-07 03:07:00,1.527110,1.527140,1.526820,1.526820,0
2019-01-07 03:08:00,1.526850,1.526930,1.526620,1.526750,0
2019-01-07 03:09:00,1.526750,1.527050,1.526750,1.526930,0
2019-01-07 03:10:00,1.526940,1.527010,1.526830,1.526900,0
2019-01-07 03:11:00,1.526900,1.527050,1.526770,1.526970,0
2019-01-07 03:12:00,1.526970,1.527050,1.526770,1.526840,0
2019-01-07 03:13:00,1.526840,1.526990,1.526750,1.526750,0
2019-01-07 03:14:00,1.526760,1.526870,1.526680,1.526700,0
2019-01-07 03:15:00,1.526680,1.526750,1.526490,1.526540,0
2019-01-07 03:16:00,1.526530,1.526830,1.526520,1.526830,0
2019-01-07 03:17:00,1.526830,1.526840,1.526520,1.526610,0
2019-01-07 03:18:00,1.526600,1.526660,1.526450,1.526610,0
2019-01-07 03:19:00,1.526610,1.526630,1.526420,1.526450,0
2019-01-07 03:20:00,1.526450,1.526710,1.526450,1.526670,0
2019-01-07 03:21:00,1.526670,1.526710,1.526440,1.526520,0
2019-01-07 03:22:00,1.526540,1.526580,1.526340,1.526370,0
2019-01-07 03:23:00,1.526350,1.526750,1.526350,1.526640,0
2019-01-07 03:24:00,1.526640,1.526900,1.526610,1.526880,0
2019-01-07 03:25:00,1.526890,1.526940,1.526670,1.526750,0
2019-01-07 03:26:00,1.526750,1.526750,1.526380,1.526590,0
2019-01-07 03:27:00,1.526590,1.526640,1.526270,1.526280,0
2019-01-07 03:28:00,1.526330,1.526370,1.526030,1.526100,0
2019-01-07 03:29:00,1.526120,1.526190,1.525930,1.526010,0
2019-01-07 03:30:00,1.526000,1.526250,1.525910,1.526230,0
2019-01-07 03:31:00,1.526230,1.526270,1.526090,1.526170,0
2019-01-07 03:32:00,1.526180,1.526520,1.526140,1.526520,0
2019-01-07 03:33:00,1.526520,1.526600,1.526390,1.526390,0
2019-01-07 03:34:00,1.526410,1.526690,1.526350,1.526690,0
2019-01-07 03:35:00,1.526690,1.526890,1.526690,1.526890,0
2019-01-07 03:36:00,1.526890,1.527080,1.526830,1.526920,0
2019-01-07 03:37:00,1.526910,1.527060,1.526900,1.527060,0
2019-01-07 03:38:00,1.527050,1.527290,1.526990,1.527260,0
2019-01-07 03:39:00,1.527260,1.527340,1.527210,1.527300,0
2019-01-07 03:40:00,1.527290,1.527370,1.527250,1.527370,0
2019-01-07 03:41:00,1.527370,1.527520,1.527260,1.527410,0
2019-01-07 03:42:00,1.527400,1.527490,1.527290,1.527370,0
2019-01-07 03:43:00,1.527370,1.527370,1.527100,1.527240,0
2019-01-07 03:44:00,1.527240,1.527370,1.526970,1.527120,0
2019-01-07 03:45:00,1.527130,1.527140,1.526910,1.526920,0
2019-01-07 03:46:00,1.526910,1.527010,1.526830,1.526830,0
2019-01-07 03:47:00,1.526830,1.526970,1.526760,1.526820,0
2019-01-07 03:48:00,1.526820,1.526820,1.526610,1.526640,0
2019-01-07 03:49:00,1.526660,1.526910,1.526660,1.526840,0
2019-01-07 03:50:00,1.526830,1.526980,1.526710,1.526710,0
2019-01-07 03:51:00,1.526700,1.526950,1.526690,1.526950,0
2019-01-07 03:52:00,1.526940,1.526960,1.526760,1.526760,0
2019-01-07 03:53:00,1.526770,1.526940,1.526730,1.526930,0
2019-01-07 03:54:00,1.526920,1.526920,1.526750,1.526880,0
2019-01-07 03:55:00,1.526840,1.526980,1.526790,1.526960,0
2019-01-07 03:56:00,1.526980,1.527140,1.526960,1.527090,0
2019-01-07 03:57:00,1.527100,1.527140,1.526970,1.527100,0
2019-01-07 03:58:00,1.527100,1.527320,1.527040,1.527310,0
2019-01-07 03:59:00,1.527300,1.527370,1.527130,1.527240,0
2019-01-07 04:00:00,1.527230,1.527230,1.526880,1.527100,0
2019-01-07 04:01:00,1.527080,1.527170,1.526900,1.527170,0
2019-01-07 04:02:00,1.527170,1.527490,1.527110,1.527320,0
2019-01-07 04:03:00,1.527320,1.527900,1.527310,1.527850,0
2019-01-07 04:04:00,1.527850,1.527860,1.527600,1.527780,0
2019-01-07 04:05:00,1.527780,1.527780,1.527620,1.527680,0
2019-01-07 04:06:00,1.527680,1.527900,1.527680,1.527900,0
2019-01-07 04:07:00,1.527900,1.528080,1.527880,1.527990,0
2019-01-07 04:08:00,1.527990,1.528430,1.527990,1.528400,0
2019-01-07 04:09:00,1.528400,1.528420,1.528170,1.528240,0
2019-01-07 04:10:00,1.528240,1.528420,1.528170,1.528370,0
2019-01-07 04:11:00,1.528380,1.528660,1.528380,1.528630,0
2019-01-07 04:12:00,1.528630,1.528720,1.528330,1.528560,0
2019-01-07 04:13:00,1.528560,1.528750,1.528540,1.528670,0
2019-01-07 04:14:00,1.528670,1.529000,1.528630,1.528860,0
2019-01-07 04:15:00,1.528860,1.528920,1.528660,1.528870,0
2019-01-07 04:16:00,1.528870,1.528890,1.528580,1.528750,0
2019-01-07 04:17:00,1.528720,1.528720,1.528460,1.528610,0
2019-01-07 04:18:00,1.528610,1.528720,1.528610,1.528680,0
2019-01-07 04:19:00,1.528670,1.528810,1.528600,1.528760,0
2019-01-07 04:20:00,1.528790,1.528810,1.528620,1.528780,0
2019-01-07 04:21:00,1.528790,1.529070,1.528790,1.528960,0
2019-01-07 04:22:00,1.528970,1.529170,1.528960,1.528960,0
2019-01-07 04:23:00,1.528970,1.529030,1.528910,1.528940,0
2019-01-07 04:24:00,1.528930,1.528960,1.528740,1.528750,0
2019-01-07 04:25:00,1.528760,1.528760,1.528660,1.528740,0
2019-01-07 04:26:00,1.528750,1.528770,1.528500,1.528550,0
2019-01-07 04:27:00,1.528540,1.528860,1.528500,1.528690,0
2019-01-07 04:28:00,1.528690,1.529090,1.528690,1.529060,0
2019-01-07 04:29:00,1.529060,1.529360,1.529060,1.529240,0
2019-01-07 04:30:00,1.529240,1.529530,1.529210,1.529530,0
2019-01-07 04:31:00,1.529530,1.529530,1.529160,1.529210,0
2019-01-07 04:32:00,1.529200,1.529280,1.529140,1.529180,0
2019-01-07 04:33:00,1.529180,1.529290,1.529060,1.529120,0
2019-01-07 04:34:00,1.529110,1.529300,1.529110,1.529180,0
2019-01-07 04:35:00,1.529190,1.529190,1.528970,1.529010,0
2019-01-07 04:36:00,1.528980,1.529020,1.528840,1.528920,0
2019-01-07 04:37:00,1.528920,1.528940,1.528720,1.528720,0
2019-01-07 04:38:00,1.528730,1.528780,1.528510,1.528510,0
2019-01-07 04:39:00,1.528540,1.528640,1.528480,1.528640,0
2019-01-07 04:40:00,1.528640,1.528640,1.528450,1.528450,0
2019-01-07 04:41:00,1.528450,1.528590,1.528450,1.528570,0
2019-01-07 04:42:00,1.528570,1.528710,1.528530,1.528680,0
2019-01-07 04:43:00,1.528680,1.529220,1.528680,1.529190,0
2019-01-07 04:44:00,1.529180,1.529590,1.529050,1.529520,0
2019-01-07 04:45:00,1.529510,1.529510,1.529280,1.529280,0
2019-01-07 04:46:00,1.529280,1.529290,1.529010,1.529120,0
2019-01-07 04:47:00,1.529120,1.529490,1.529120,1.529480,0
2019-01-07 04:48:00,1.529460,1.529770,1.529410,1.529660,0
2019-01-07 04:49:00,1.529660,1.529660,1.529380,1.529620,0
2019-01-07 04:50:00,1.529630,1.529650,1.529060,1.529060,0
2019-01-07 04:51:00,1.529050,1.529320,1.529040,1.529110,0
2019-01-07 04:52:00,1.529120,1.529260,1.529080,1.529170,0
2019-01-07 04:53:00,1.529140,1.529410,1.529120,1.529320,0
2019-01-07 04:54:00,1.529310,1.529350,1.529240,1.529310,0
2019-01-07 04:55:00,1.529310,1.529530,1.529260,1.529480,0
2019-01-07 04:56:00,1.529490,1.529550,1.528970,1.529000,0
2019-01-07 04:57:00,1.529010,1.529010,1.528760,1.528800,0
2019-01-07 04:58:00,1.528780,1.528820,1.528650,1.528680,0
2019-01-07 04:59:00,1.528660,1.528810,1.528580,1.528750,0
2019-01-07 05:00:00,1.528740,1.529010,1.528740,1.528950,0
2019-01-07 05:01:00,1.528960,1.529040,1.528900,1.529030,0
2019-01-07 05:02:00,1.529030,1.529140,1.528830,1.528890,0
2019-01-07 05:03:00,1.528880,1.528950,1.528570,1.528620,0
2019-01-07 05:04:00,1.528630,1.528680,1.528350,1.528390,0
2019-01-07 05:05:00,1.528420,1.528560,1.528360,1.528500,0
2019-01-07 05:06:00,1.528520,1.528530,1.528400,1.528410,0
2019-01-07 05:07:00,1.528410,1.528430,1.528240,1.528360,0
2019-01-07 05:08:00,1.528360,1.528530,1.528330,1.528440,0
2019-01-07 05:09:00,1.528450,1.528450,1.528190,1.528290,0
2019-01-07 05:10:00,1.528280,1.528290,1.528060,1.528090,0
2019-01-07 05:11:00,1.528110,1.528110,1.527730,1.527870,0
2019-01-07 05:12:00,1.527860,1.527910,1.527670,1.527690,0
2019-01-07 05:13:00,1.527700,1.527910,1.527690,1.527720,0
2019-01-07 05:14:00,1.527720,1.527910,1.527690,1.527860,0
2019-01-07 05:15:00,1.527850,1.528010,1.527850,1.527970,0
2019-01-07 05:16:00,1.528000,1.528360,1.527990,1.528240,0
2019-01-07 05:17:00,1.528240,1.528370,1.528120,1.528180,0
2019-01-07 05:18:00,1.528180,1.528270,1.528060,1.528070,0
2019-01-07 05:19:00,1.528070,1.528070,1.527940,1.528020,0
2019-01-07 05:20:00,1.528020,1.528100,1.527980,1.528030,0
2019-01-07 05:21:00,1.528030,1.528090,1.527730,1.527760,0
2019-01-07 05:22:00,1.527760,1.527880,1.527530,1.527880,0
2019-01-07 05:23:00,1.527880,1.528060,1.527830,1.528050,0
2019-01-07 05:24:00,1.528050,1.528200,1.527930,1.528200,0
2019-01-07 05:25:00,1.528190,1.528190,1.527820,1.527870,0
2019-01-07 05:26:00,1.527880,1.527910,1.527740,1.527870,0
2019-01-07 05:27:00,1.527860,1.527950,1.527850,1.527860,0
2019-01-07 05:28:00,1.527860,1.528040,1.527850,1.527880,0
2019-01-07 05:29:00,1.527880,1.528140,1.527870,1.528140,0
2019-01-07 05:30:00,1.528150,1.528150,1.527790,1.527820,0
2019-01-07 05:31:00,1.527830,1.527840,1.527630,1.527670,0
2019-01-07 05:32:00,1.527660,1.527820,1.527660,1.527820,0
2019-01-07 05:33:00,1.527820,1.528060,1.527790,1.528050,0
2019-01-07 05:34:00,1.528050,1.528050,1.527810,1.527940,0
2019-01-07 05:35:00,1.527930,1.527950,1.527850,1.527850,0
2019-01-07 05:36:00,1.527860,1.528050,1.527770,1.528050,0
2019-01-07 05:37:00,1.528050,1.528110,1.527860,1.527880,0
2019-01-07 05:38:00,1.527880,1.527880,1.527660,1.527870,0
2019-01-07 05:39:00,1.527880,1.527890,1.527630,1.527830,0
2019-01-07 05:40:00,1.527830,1.528030,1.527830,1.528010,0
2019-01-07 05:41:00,1.528030,1.528080,1.527970,1.528020,0
2019-01-07 05:42:00,1.528020,1.528040,1.527740,1.527840,0
2019-01-07 05:43:00,1.527830,1.528040,1.527760,1.527990,0
2019-01-07 05:44:00,1.528000,1.528250,1.527990,1.528230,0
2019-01-07 05:45:00,1.528230,1.528350,1.528070,1.528330,0
2019-01-07 05:46:00,1.528330,1.528610,1.528330,1.528550,0
2019-01-07 05:47:00,1.528550,1.528560,1.528220,1.528250,0
2019-01-07 05:48:00,1.528270,1.528500,1.528240,1.528450,0
2019-01-07 05:49:00,1.528440,1.528700,1.528430,1.528620,0
2019-01-07 05:50:00,1.528620,1.528660,1.528370,1.528400,0
2019-01-07 05:51:00,1.528410,1.528550,1.528400,1.528450,0
2019-01-07 05:52:00,1.528400,1.528610,1.528330,1.528370,0
2019-01-07 05:53:00,1.528370,1.528430,1.528200,1.528380,0
2019-01-07 05:54:00,1.528380,1.528490,1.528190,1.528490,0
2019-01-07 05:55:00,1.528470,1.528520,1.528330,1.528410,0
2019-01-07 05:56:00,1.528410,1.528800,1.528410,1.528680,0
2019-01-07 05:57:00,1.528680,1.528690,1.528370,1.528400,0
2019-01-07 05:58:00,1.528410,1.528500,1.528350,1.528470,0
2019-01-07 05:59:00,1.528480,1.528660,1.528400,1.528540,0
2019-01-07 06:00:00,1.528530,1.528820,1.528530,1.528720,0
2019-01-07 06:01:00,1.528710,1.528710,1.528520,1.528640,0
2019-01-07 06:02:00,1.528640,1.528800,1.528500,1.528760,0
2019-01-07 06:03:00,1.528760,1.528990,1.528760,1.528870,0
2019-01-07 06:04:00,1.528850,1.529080,1.528790,1.529020,0
2019-01-07 06:05:00,1.529020,1.529070,1.528740,1.528750,0
2019-01-07 06:06:00,1.528750,1.528860,1.528670,1.528690,0
2019-01-07 06:07:00,1.528680,1.528880,1.528680,1.528720,0
2019-01-07 06:08:00,1.528710,1.528710,1.528480,1.528620,0
2019-01-07 06:09:00,1.528610,1.528610,1.528460,1.528530,0
2019-01-07 06:10:00,1.528540,1.528660,1.528500,1.528600,0
2019-01-07 06:11:00,1.528610,1.528690,1.528530,1.528630,0
2019-01-07 06:12:00,1.528630,1.528700,1.528470,1.528490,0
2019-01-07 06:13:00,1.528470,1.528530,1.528460,1.528470,0
2019-01-07 06:14:00,1.528460,1.528470,1.528410,1.528440,0
2019-01-07 06:15:00,1.528510,1.528610,1.528490,1.528540,0
2019-01-07 06:16:00,1.528540,1.528920,1.528520,1.528900,0
2019-01-07 06:17:00,1.528900,1.529040,1.528870,1.528920,0
2019-01-07 06:18:00,1.528920,1.529010,1.528740,1.529010,0
2019-01-07 06:19:00,1.529010,1.529120,1.528900,1.528900,0
2019-01-07 06:20:00,1.528900,1.528940,1.528790,1.528810,0
2019-01-07 06:21:00,1.528810,1.528840,1.528680,1.528730,0
2019-01-07 06:22:00,1.528730,1.528810,1.528640,1.528710,0
2019-01-07 06:23:00,1.528720,1.528880,1.528710,1.528860,0
2019-01-07 06:24:00,1.528860,1.528930,1.528770,1.528850,0
2019-01-07 06:25:00,1.528850,1.528940,1.528720,1.528720,0
2019-01-07 06:26:00,1.528730,1.528790,1.528710,1.528710,0
2019-01-07 06:27:00,1.528710,1.528710,1.528470,1.528520,0
2019-01-07 06:28:00,1.528520,1.528700,1.528490,1.528700,0
2019-01-07 06:29:00,1.528700,1.528820,1.528700,1.528730,0
2019-01-07 06:30:00,1.528730,1.528730,1.528490,1.528560,0
2019-01-07 06:31:00,1.528560,1.528570,1.528460,1.528490,0
2019-01-07 06:32:00,1.528510,1.528620,1.528510,1.528560,0
2019-01-07 06:33:00,1.528550,1.528610,1.528470,1.528480,0
2019-01-07 06:34:00,1.528480,1.528500,1.528370,1.528400,0
2019-01-07 06:35:00,1.528390,1.528550,1.528210,1.528210,0
2019-01-07 06:36:00,1.528250,1.528380,1.528250,1.528310,0
2019-01-07 06:37:00,1.528320,1.528370,1.528220,1.528240,0
2019-01-07 06:38:00,1.528240,1.528570,1.528170,1.528550,0
2019-01-07 06:39:00,1.528560,1.528560,1.528380,1.528550,0
2019-01-07 06:40:00,1.528550,1.528630,1.528450,1.528540,0
2019-01-07 06:41:00,1.528530,1.528550,1.528400,1.528510,0
2019-01-07 06:42:00,1.528500,1.528550,1.528300,1.528300,0
2019-01-07 06:43:00,1.528300,1.528410,1.528210,1.528410,0
2019-01-07 06:44:00,1.528410,1.528710,1.528370,1.528700,0
2019-01-07 06:45:00,1.528700,1.528780,1.528630,1.528760,0
2019-01-07 06:46:00,1.528770,1.528940,1.528720,1.528780,0
2019-01-07 06:47:00,1.528770,1.528830,1.528630,1.528650,0
2019-01-07 06:48:00,1.528670,1.528670,1.528090,1.528170,0
2019-01-07 06:49:00,1.528170,1.528440,1.528070,1.528390,0
2019-01-07 06:50:00,1.528390,1.528470,1.528360,1.528440,0
2019-01-07 06:51:00,1.528450,1.528490,1.528350,1.528350,0
2019-01-07 06:52:00,1.528360,1.528690,1.528360,1.528610,0
2019-01-07 06:53:00,1.528610,1.528790,1.528520,1.528700,0
2019-01-07 06:54:00,1.528700,1.528740,1.528570,1.528690,0
2019-01-07 06:55:00,1.528700,1.528960,1.528690,1.528870,0
2019-01-07 06:56:00,1.528870,1.528940,1.528610,1.528630,0
2019-01-07 06:57:00,1.528620,1.528720,1.528560,1.528650,0
2019-01-07 06:58:00,1.528670,1.528700,1.528360,1.528380,0
2019-01-07 06:59:00,1.528400,1.528460,1.528200,1.528250,0
2019-01-07 07:00:00,1.528260,1.528540,1.528230,1.528320,0
2019-01-07 07:01:00,1.528330,1.528410,1.528060,1.528300,0
2019-01-07 07:02:00,1.528300,1.528720,1.528300,1.528700,0
2019-01-07 07:03:00,1.528690,1.528850,1.528600,1.528800,0
2019-01-07 07:04:00,1.528800,1.528970,1.528760,1.528950,0
2019-01-07 07:05:00,1.528950,1.529030,1.528870,1.528970,0
2019-01-07 07:06:00,1.528950,1.528950,1.528450,1.528450,0
2019-01-07 07:07:00,1.528460,1.528520,1.528300,1.528330,0
2019-01-07 07:08:00,1.528330,1.528330,1.528110,1.528110,0
2019-01-07 07:09:00,1.528100,1.528180,1.528000,1.528060,0
2019-01-07 07:10:00,1.528060,1.528400,1.527980,1.528380,0
2019-01-07 07:11:00,1.528390,1.528460,1.528320,1.528410,0
2019-01-07 07:12:00,1.528450,1.528590,1.528410,1.528480,0
2019-01-07 07:13:00,1.528490,1.528650,1.528440,1.528450,0
2019-01-07 07:14:00,1.528450,1.528700,1.528450,1.528670,0
2019-01-07 07:15:00,1.528650,1.528650,1.528470,1.528550,0
2019-01-07 07:16:00,1.528550,1.528790,1.528380,1.528760,0
2019-01-07 07:17:00,1.528750,1.528750,1.528510,1.528640,0
2019-01-07 07:18:00,1.528640,1.528640,1.528480,1.528490,0
2019-01-07 07:19:00,1.528530,1.528530,1.528230,1.528390,0
2019-01-07 07:20:00,1.528390,1.528410,1.528260,1.528290,0
2019-01-07 07:21:00,1.528270,1.528280,1.528120,1.528250,0
2019-01-07 07:22:00,1.528260,1.528280,1.528170,1.528220,0
2019-01-07 07:23:00,1.528220,1.528300,1.528170,1.528250,0
2019-01-07 07:24:00,1.528260,1.528400,1.528140,1.528150,0
2019-01-07 07:25:00,1.528140,1.528150,1.528000,1.528140,0
2019-01-07 07:26:00,1.528130,1.528200,1.527910,1.527910,0
2019-01-07 07:27:00,1.527910,1.528110,1.527910,1.528100,0
2019-01-07 07:28:00,1.528070,1.528130,1.527980,1.528100,0
2019-01-07 07:29:00,1.528100,1.528460,1.528100,1.528350,0
2019-01-07 07:30:00,1.528340,1.528700,1.528260,1.528630,0
2019-01-07 07:31:00,1.528620,1.528620,1.527950,1.527970,0
2019-01-07 07:32:00,1.527970,1.528390,1.527940,1.528110,0
2019-01-07 07:33:00,1.528120,1.528280,1.528030,1.528030,0
2019-01-07 07:34:00,1.528060,1.528060,1.527740,1.527760,0
2019-01-07 07:35:00,1.527770,1.528010,1.527740,1.528010,0
2019-01-07 07:36:00,1.528010,1.528010,1.527850,1.527990,0
2019-01-07 07:37:00,1.528000,1.528320,1.527970,1.527990,0
2019-01-07 07:38:00,1.527930,1.527930,1.527460,1.527510,0
2019-01-07 07:39:00,1.527490,1.527680,1.527440,1.527600,0
2019-01-07 07:40:00,1.527590,1.527610,1.527370,1.527370,0
2019-01-07 07:41:00,1.527380,1.527590,1.527300,1.527500,0
2019-01-07 07:42:00,1.527500,1.527670,1.527450,1.527510,0
2019-01-07 07:43:00,1.527520,1.527800,1.527510,1.527740,0
2019-01-07 07:44:00,1.527740,1.527800,1.527620,1.527650,0
2019-01-07 07:45:00,1.527650,1.527660,1.527280,1.527310,0
2019-01-07 07:46:00,1.527300,1.527660,1.527280,1.527550,0
2019-01-07 07:47:00,1.527560,1.527780,1.527540,1.527740,0
2019-01-07 07:48:00,1.527720,1.527890,1.527630,1.527890,0
2019-01-07 07:49:00,1.527940,1.527990,1.527770,1.527910,0
2019-01-07 07:50:00,1.527910,1.528130,1.527900,1.528090,0
2019-01-07 07:51:00,1.528060,1.528070,1.527710,1.527770,0
2019-01-07 07:52:00,1.527770,1.527820,1.527560,1.527650,0
2019-01-07 07:53:00,1.527660,1.528000,1.527600,1.527990,0
2019-01-07 07:54:00,1.527990,1.528010,1.527810,1.527880,0
2019-01-07 07:55:00,1.527890,1.527900,1.527680,1.527810,0
2019-01-07 07:56:00,1.527800,1.527860,1.527390,1.527420,0
2019-01-07 07:57:00,1.527420,1.527450,1.527010,1.527070,0
2019-01-07 07:58:00,1.527070,1.527200,1.526980,1.526990,0
2019-01-07 07:59:00,1.526990,1.527340,1.526920,1.527260,0
2019-01-07 08:00:00,1.527300,1.527700,1.527300,1.527550,0
2019-01-07 08:01:00,1.527590,1.528010,1.527560,1.527990,0
2019-01-07 08:02:00,1.527990,1.528030,1.527600,1.527710,0
2019-01-07 08:03:00,1.527720,1.527780,1.527530,1.527660,0
2019-01-07 08:04:00,1.527680,1.527870,1.527670,1.527850,0
2019-01-07 08:05:00,1.527850,1.527910,1.527680,1.527760,0
2019-01-07 08:06:00,1.527750,1.528010,1.527730,1.527910,0
2019-01-07 08:07:00,1.527900,1.528060,1.527790,1.527890,0
2019-01-07 08:08:00,1.527910,1.528000,1.527760,1.527870,0
2019-01-07 08:09:00,1.527870,1.527920,1.527770,1.527780,0
2019-01-07 08:10:00,1.527780,1.527950,1.527620,1.527950,0
2019-01-07 08:11:00,1.527950,1.527980,1.527530,1.527680,0
2019-01-07 08:12:00,1.527660,1.527730,1.527470,1.527500,0
2019-01-07 08:13:00,1.527500,1.527790,1.527360,1.527620,0
2019-01-07 08:14:00,1.527620,1.528040,1.527550,1.527990,0
2019-01-07 08:15:00,1.527990,1.528030,1.527790,1.528010,0
2019-01-07 08:16:00,1.528010,1.528170,1.527960,1.528040,0
2019-01-07 08:17:00,1.528030,1.528250,1.527970,1.528120,0
2019-01-07 08:18:00,1.528110,1.528110,1.527650,1.527660,0
2019-01-07 08:19:00,1.527650,1.527960,1.527590,1.527870,0
2019-01-07 08:20:00,1.527860,1.528160,1.527670,1.528160,0
2019-01-07 08:21:00,1.528200,1.528400,1.527970,1.528370,0
2019-01-07 08:22:00,1.528370,1.528390,1.528240,1.528360,0
2019-01-07 08:23:00,1.528360,1.528380,1.528120,1.528160,0
2019-01-07 08:24:00,1.528160,1.528330,1.527880,1.528260,0
2019-01-07 08:25:00,1.528260,1.528300,1.528140,1.528240,0
2019-01-07 08:26:00,1.528240,1.528300,1.527920,1.527950,0
2019-01-07 08:27:00,1.527950,1.528000,1.527530,1.527750,0
2019-01-07 08:28:00,1.527750,1.528130,1.527740,1.527970,0
2019-01-07 08:29:00,1.527950,1.528050,1.527650,1.527730,0
2019-01-07 08:30:00,1.527730,1.527730,1.527440,1.527580,0
2019-01-07 08:31:00,1.527590,1.528120,1.527480,1.528000,0
2019-01-07 08:32:00,1.528000,1.528070,1.527290,1.527310,0
2019-01-07 08:33:00,1.527320,1.527780,1.527200,1.527710,0
2019-01-07 08:34:00,1.527690,1.527840,1.527600,1.527820,0
2019-01-07 08:35:00,1.527820,1.527820,1.527690,1.527790,0
2019-01-07 08:36:00,1.527750,1.528310,1.527680,1.527990,0
2019-01-07 08:37:00,1.528000,1.528130,1.527920,1.528130,0
2019-01-07 08:38:00,1.528130,1.528520,1.528130,1.528420,0
2019-01-07 08:39:00,1.528420,1.528780,1.528390,1.528770,0
2019-01-07 08:40:00,1.528790,1.529300,1.528790,1.529230,0
2019-01-07 08:41:00,1.529220,1.529500,1.529210,1.529450,0
2019-01-07 08:42:00,1.529460,1.529490,1.529190,1.529200,0
2019-01-07 08:43:00,1.529200,1.529420,1.529200,1.529420,0
2019-01-07 08:44:00,1.529400,1.529400,1.529190,1.529270,0
2019-01-07 08:45:00,1.529260,1.529260,1.529040,1.529130,0
2019-01-07 08:46:00,1.529160,1.529310,1.529070,1.529230,0
2019-01-07 08:47:00,1.529230,1.529350,1.529080,1.529180,0
2019-01-07 08:48:00,1.529190,1.529410,1.529170,1.529180,0
2019-01-07 08:49:00,1.529230,1.529280,1.528990,1.529110,0
2019-01-07 08:50:00,1.529090,1.529180,1.529020,1.529140,0
2019-01-07 08:51:00,1.529160,1.529230,1.529040,1.529070,0
2019-01-07 08:52:00,1.529060,1.529170,1.528870,1.529000,0
2019-01-07 08:53:00,1.528990,1.529190,1.528990,1.529180,0
2019-01-07 08:54:00,1.529180,1.529470,1.529180,1.529470,0
2019-01-07 08:55:00,1.529470,1.529490,1.529250,1.529490,0
2019-01-07 08:56:00,1.529520,1.529560,1.529380,1.529500,0
2019-01-07 08:57:00,1.529500,1.529980,1.529480,1.529800,0
2019-01-07 08:58:00,1.529810,1.529870,1.529570,1.529620,0
2019-01-07 08:59:00,1.529600,1.529770,1.529460,1.529600,0
2019-01-07 09:00:00,1.529580,1.529600,1.528890,1.529120,0
2019-01-07 09:01:00,1.529170,1.529860,1.529170,1.529830,0
2019-01-07 09:02:00,1.529860,1.530090,1.529840,1.530030,0
2019-01-07 09:03:00,1.530030,1.530070,1.529800,1.529890,0
2019-01-07 09:04:00,1.529880,1.529970,1.529650,1.529760,0
2019-01-07 09:05:00,1.529760,1.530080,1.529740,1.529810,0
2019-01-07 09:06:00,1.529800,1.529860,1.529540,1.529600,0
2019-01-07 09:07:00,1.529660,1.530210,1.529650,1.530080,0
2019-01-07 09:08:00,1.530080,1.530500,1.530080,1.530240,0
2019-01-07 09:09:00,1.530250,1.530870,1.530200,1.530760,0
2019-01-07 09:10:00,1.530780,1.531240,1.530760,1.531080,0
2019-01-07 09:11:00,1.531080,1.531210,1.530890,1.531200,0
2019-01-07 09:12:00,1.531230,1.531230,1.530760,1.530890,0
2019-01-07 09:13:00,1.530870,1.531150,1.530860,1.530910,0
2019-01-07 09:14:00,1.530910,1.531510,1.530910,1.531430,0
2019-01-07 09:15:00,1.531440,1.531670,1.531280,1.531570,0
2019-01-07 09:16:00,1.531580,1.532010,1.531570,1.531860,0
2019-01-07 09:17:00,1.531850,1.532080,1.531750,1.531980,0
2019-01-07 09:18:00,1.531990,1.532150,1.531900,1.531900,0
2019-01-07 09:19:00,1.531900,1.531960,1.531680,1.531750,0
2019-01-07 09:20:00,1.531750,1.531750,1.531440,1.531520,0
2019-01-07 09:21:00,1.531530,1.531540,1.531100,1.531230,0
2019-01-07 09:22:00,1.531200,1.531540,1.531100,1.531300,0
2019-01-07 09:23:00,1.531290,1.531550,1.531160,1.531240,0
2019-01-07 09:24:00,1.531230,1.531340,1.531150,1.531330,0
2019-01-07 09:25:00,1.531310,1.531360,1.531250,1.531260,0
2019-01-07 09:26:00,1.531260,1.531430,1.531250,1.531270,0
2019-01-07 09:27:00,1.531250,1.531250,1.530930,1.530960,0
2019-01-07 09:28:00,1.530960,1.531050,1.530720,1.530910,0
2019-01-07 09:29:00,1.530910,1.531030,1.530810,1.530890,0
2019-01-07 09:30:00,1.530990,1.531200,1.530920,1.530930,0
2019-01-07 09:31:00,1.530930,1.530960,1.530610,1.530730,0
2019-01-07 09:32:00,1.530750,1.530830,1.530440,1.530560,0
2019-01-07 09:33:00,1.530550,1.530560,1.530260,1.530280,0
2019-01-07 09:34:00,1.530280,1.530430,1.530250,1.530410,0
2019-01-07 09:35:00,1.530410,1.531160,1.530390,1.531140,0
2019-01-07 09:36:00,1.531160,1.531290,1.531070,1.531090,0
2019-01-07 09:37:00,1.531090,1.531260,1.530770,1.530870,0
2019-01-07 09:38:00,1.530840,1.531220,1.530790,1.531100,0
2019-01-07 09:39:00,1.531110,1.531160,1.530970,1.531010,0
2019-01-07 09:40:00,1.531020,1.531250,1.531020,1.531180,0
2019-01-07 09:41:00,1.531180,1.531300,1.530810,1.530810,0
2019-01-07 09:42:00,1.530830,1.530910,1.530720,1.530840,0
2019-01-07 09:43:00,1.530820,1.530830,1.530430,1.530430,0
2019-01-07 09:44:00,1.530430,1.530630,1.530400,1.530610,0
2019-01-07 09:45:00,1.530620,1.530790,1.530460,1.530560,0
2019-01-07 09:46:00,1.530550,1.530700,1.530470,1.530520,0
2019-01-07 09:47:00,1.530530,1.530860,1.530330,1.530830,0
2019-01-07 09:48:00,1.530810,1.530930,1.530510,1.530560,0
2019-01-07 09:49:00,1.530570,1.530900,1.530410,1.530900,0
2019-01-07 09:50:00,1.530900,1.531010,1.530750,1.530840,0
2019-01-07 09:51:00,1.530880,1.531210,1.530740,1.531170,0
2019-01-07 09:52:00,1.531180,1.531190,1.530850,1.531010,0
2019-01-07 09:53:00,1.531000,1.531380,1.530950,1.531170,0
2019-01-07 09:54:00,1.531150,1.531170,1.530590,1.530590,0
2019-01-07 09:55:00,1.530590,1.530590,1.529470,1.529670,0
2019-01-07 09:56:00,1.529670,1.529750,1.529400,1.529420,0
2019-01-07 09:57:00,1.529460,1.529520,1.529080,1.529110,0
2019-01-07 09:58:00,1.529110,1.529370,1.529110,1.529360,0
2019-01-07 09:59:00,1.529340,1.529840,1.529340,1.529810,0
2019-01-07 10:00:00,1.529930,1.530060,1.528640,1.528770,0
2019-01-07 10:01:00,1.528790,1.529430,1.528620,1.528670,0
2019-01-07 10:02:00,1.528680,1.528820,1.528040,1.528340,0
2019-01-07 10:03:00,1.528340,1.528460,1.527890,1.527920,0
2019-01-07 10:04:00,1.527930,1.528180,1.527720,1.527770,0
2019-01-07 10:05:00,1.527760,1.528240,1.527760,1.528190,0
2019-01-07 10:06:00,1.528180,1.528620,1.528170,1.528550,0
2019-01-07 10:07:00,1.528560,1.528640,1.528180,1.528200,0
2019-01-07 10:08:00,1.528200,1.528350,1.527830,1.528260,0
2019-01-07 10:09:00,1.528280,1.528700,1.528200,1.528540,0
2019-01-07 10:10:00,1.528490,1.528880,1.528350,1.528790,0
2019-01-07 10:11:00,1.528780,1.528970,1.527890,1.527890,0
2019-01-07 10:12:00,1.527900,1.528000,1.527710,1.527770,0
2019-01-07 10:13:00,1.527780,1.528220,1.527780,1.527870,0
2019-01-07 10:14:00,1.527860,1.528000,1.527610,1.527780,0
2019-01-07 10:15:00,1.527790,1.527980,1.527350,1.527910,0
2019-01-07 10:16:00,1.527920,1.527920,1.527470,1.527560,0
2019-01-07 10:17:00,1.527570,1.527680,1.527230,1.527360,0
2019-01-07 10:18:00,1.527340,1.527460,1.527040,1.527350,0
2019-01-07 10:19:00,1.527360,1.527520,1.527240,1.527320,0
2019-01-07 10:20:00,1.527320,1.527810,1.527320,1.527790,0
2019-01-07 10:21:00,1.527800,1.527910,1.527700,1.527770,0
2019-01-07 10:22:00,1.527800,1.527870,1.527350,1.527360,0
2019-01-07 10:23:00,1.527350,1.527610,1.526930,1.527390,0
2019-01-07 10:24:00,1.527390,1.527780,1.527340,1.527380,0
2019-01-07 10:25:00,1.527370,1.527460,1.527040,1.527040,0
2019-01-07 10:26:00,1.527050,1.527300,1.526860,1.527000,0
2019-01-07 10:27:00,1.527000,1.527090,1.526180,1.526270,0
2019-01-07 10:28:00,1.526270,1.526610,1.526040,1.526430,0
2019-01-07 10:29:00,1.526430,1.526620,1.526260,1.526390,0
2019-01-07 10:30:00,1.526430,1.526680,1.526060,1.526140,0
2019-01-07 10:31:00,1.526150,1.526210,1.525480,1.525620,0
2019-01-07 10:32:00,1.525600,1.525640,1.525170,1.525190,0
2019-01-07 10:33:00,1.525170,1.525380,1.525050,1.525060,0
2019-01-07 10:34:00,1.525070,1.525080,1.524530,1.524700,0
2019-01-07 10:35:00,1.524690,1.524780,1.524500,1.524530,0
2019-01-07 10:36:00,1.524530,1.525050,1.524530,1.524940,0
2019-01-07 10:37:00,1.524930,1.525890,1.524890,1.525650,0
2019-01-07 10:38:00,1.525650,1.526330,1.525650,1.526280,0
2019-01-07 10:39:00,1.526280,1.526440,1.526010,1.526350,0
2019-01-07 10:40:00,1.526350,1.526550,1.525860,1.525880,0
2019-01-07 10:41:00,1.525880,1.526680,1.525880,1.526230,0
2019-01-07 10:42:00,1.526220,1.526440,1.526030,1.526370,0
2019-01-07 10:43:00,1.526370,1.526550,1.526080,1.526260,0
2019-01-07 10:44:00,1.526250,1.526770,1.526170,1.526610,0
2019-01-07 10:45:00,1.526610,1.526630,1.526070,1.526320,0
2019-01-07 10:46:00,1.526320,1.526370,1.525170,1.525870,0
2019-01-07 10:47:00,1.525820,1.526390,1.525820,1.526220,0
2019-01-07 10:48:00,1.526240,1.526460,1.525330,1.525610,0
2019-01-07 10:49:00,1.525610,1.525930,1.525230,1.525390,0
2019-01-07 10:50:00,1.525390,1.526170,1.525380,1.526110,0
2019-01-07 10:51:00,1.526100,1.526260,1.526010,1.526070,0
2019-01-07 10:52:00,1.526090,1.526220,1.525610,1.525660,0
2019-01-07 10:53:00,1.525720,1.526120,1.525640,1.525930,0
2019-01-07 10:54:00,1.525920,1.525950,1.525500,1.525830,0
2019-01-07 10:55:00,1.525830,1.526260,1.525420,1.525560,0
2019-01-07 10:56:00,1.525580,1.525930,1.525330,1.525840,0
2019-01-07 10:57:00,1.525830,1.525930,1.525470,1.525640,0
2019-01-07 10:58:00,1.525640,1.526300,1.525620,1.526130,0
2019-01-07 10:59:00,1.526130,1.526280,1.525810,1.526210,0
2019-01-07 11:00:00,1.526220,1.526250,1.525550,1.525740,0
2019-01-07 11:01:00,1.525740,1.525800,1.525480,1.525650,0
2019-01-07 11:02:00,1.525650,1.526310,1.525520,1.526270,0
2019-01-07 11:03:00,1.526260,1.526660,1.526050,1.526260,0
2019-01-07 11:04:00,1.526260,1.526310,1.525630,1.525650,0
2019-01-07 11:05:00,1.525650,1.525910,1.525600,1.525680,0
2019-01-07 11:06:00,1.525670,1.526060,1.525610,1.525910,0
2019-01-07 11:07:00,1.525910,1.526250,1.525860,1.525910,0
2019-01-07 11:08:00,1.525900,1.526220,1.525830,1.525830,0
2019-01-07 11:09:00,1.525850,1.526210,1.525780,1.526110,0
2019-01-07 11:10:00,1.526130,1.526260,1.525940,1.526170,0
2019-01-07 11:11:00,1.526150,1.526270,1.526060,1.526190,0
2019-01-07 11:12:00,1.526190,1.526540,1.526070,1.526360,0
2019-01-07 11:13:00,1.526360,1.526390,1.526070,1.526210,0
2019-01-07 11:14:00,1.526210,1.526250,1.525860,1.525930,0
2019-01-07 11:15:00,1.525960,1.526290,1.525960,1.526210,0
2019-01-07 11:16:00,1.526220,1.526220,1.525890,1.525920,0
2019-01-07 11:17:00,1.525900,1.526100,1.525820,1.525900,0
2019-01-07 11:18:00,1.525900,1.526130,1.525700,1.526080,0
2019-01-07 11:19:00,1.526140,1.526230,1.525940,1.525980,0
2019-01-07 11:20:00,1.525980,1.526260,1.525920,1.526240,0
2019-01-07 11:21:00,1.526240,1.526340,1.526110,1.526230,0
2019-01-07 11:22:00,1.526230,1.526700,1.526220,1.526450,0
2019-01-07 11:23:00,1.526440,1.526470,1.525970,1.526040,0
2019-01-07 11:24:00,1.526030,1.526250,1.525960,1.526090,0
2019-01-07 11:25:00,1.526060,1.526420,1.526030,1.526320,0
2019-01-07 11:26:00,1.526320,1.526570,1.526050,1.526180,0
2019-01-07 11:27:00,1.526180,1.526240,1.526120,1.526190,0
2019-01-07 11:28:00,1.526180,1.526220,1.525950,1.526010,0
2019-01-07 11:29:00,1.526020,1.526050,1.525840,1.525880,0
2019-01-07 11:30:00,1.525880,1.525920,1.525510,1.525530,0
2019-01-07 11:31:00,1.525540,1.525670,1.525470,1.525660,0
2019-01-07 11:32:00,1.525640,1.525650,1.525500,1.525610,0
2019-01-07 11:33:00,1.525630,1.525730,1.525350,1.525410,0
2019-01-07 11:34:00,1.525410,1.525550,1.525380,1.525510,0
2019-01-07 11:35:00,1.525510,1.525510,1.525110,1.525410,0
2019-01-07 11:36:00,1.525430,1.525470,1.524860,1.524870,0
2019-01-07 11:37:00,1.524880,1.524980,1.524580,1.524900,0
2019-01-07 11:38:00,1.524880,1.524880,1.524500,1.524690,0
2019-01-07 11:39:00,1.524690,1.525010,1.524680,1.525010,0
2019-01-07 11:40:00,1.525000,1.525340,1.524770,1.525160,0
2019-01-07 11:41:00,1.525140,1.526080,1.525130,1.525930,0
2019-01-07 11:42:00,1.525910,1.525940,1.525690,1.525700,0
2019-01-07 11:43:00,1.525730,1.525980,1.525600,1.525600,0
2019-01-07 11:44:00,1.525620,1.525870,1.525290,1.525290,0
2019-01-07 11:45:00,1.525270,1.525480,1.525020,1.525050,0
2019-01-07 11:46:00,1.525050,1.525090,1.524720,1.524770,0
2019-01-07 11:47:00,1.524770,1.525020,1.524760,1.524840,0
2019-01-07 11:48:00,1.524850,1.524880,1.524650,1.524720,0
2019-01-07 11:49:00,1.524720,1.524930,1.524610,1.524870,0
2019-01-07 11:50:00,1.524870,1.525130,1.524820,1.524880,0
2019-01-07 11:51:00,1.524900,1.525040,1.524790,1.524790,0
2019-01-07 11:52:00,1.524790,1.524910,1.524480,1.524480,0
2019-01-07 11:53:00,1.524480,1.524780,1.524480,1.524630,0
2019-01-07 11:54:00,1.524640,1.524860,1.524510,1.524560,0
2019-01-07 11:55:00,1.524550,1.524550,1.523530,1.523630,0
2019-01-07 11:56:00,1.523650,1.524000,1.523540,1.524000,0
2019-01-07 11:57:00,1.524020,1.524470,1.524000,1.524440,0
2019-01-07 11:58:00,1.524430,1.524560,1.524360,1.524490,0
2019-01-07 11:59:00,1.524490,1.524490,1.524040,1.524200,0
2019-01-07 12:00:00,1.524190,1.525560,1.524180,1.525300,0
2019-01-07 12:01:00,1.525280,1.525520,1.525010,1.525130,0
2019-01-07 12:02:00,1.525170,1.525490,1.524710,1.524780,0
2019-01-07 12:03:00,1.524780,1.524880,1.524540,1.524660,0
2019-01-07 12:04:00,1.524660,1.524800,1.524430,1.524780,0
2019-01-07 12:05:00,1.524780,1.524800,1.524610,1.524730,0
2019-01-07 12:06:00,1.524730,1.524930,1.524660,1.524810,0
2019-01-07 12:07:00,1.524810,1.525100,1.524810,1.525020,0
2019-01-07 12:08:00,1.525040,1.525160,1.524970,1.525160,0
2019-01-07 12:09:00,1.525160,1.525240,1.524970,1.525010,0
2019-01-07 12:10:00,1.525010,1.525360,1.524900,1.525340,0
2019-01-07 12:11:00,1.525340,1.525360,1.525030,1.525050,0
2019-01-07 12:12:00,1.525070,1.525200,1.525070,1.525200,0
2019-01-07 12:13:00,1.525190,1.525220,1.525060,1.525160,0
2019-01-07 12:14:00,1.525140,1.525260,1.524940,1.524960,0
2019-01-07 12:15:00,1.524980,1.525020,1.524840,1.524920,0
2019-01-07 12:16:00,1.524920,1.525300,1.524920,1.525180,0
2019-01-07 12:17:00,1.525180,1.525250,1.525150,1.525200,0
2019-01-07 12:18:00,1.525180,1.525200,1.524800,1.524860,0
2019-01-07 12:19:00,1.524860,1.525010,1.524780,1.524940,0
2019-01-07 12:20:00,1.524920,1.525360,1.524840,1.525330,0
2019-01-07 12:21:00,1.525330,1.525570,1.525320,1.525550,0
2019-01-07 12:22:00,1.525550,1.525790,1.525530,1.525770,0
2019-01-07 12:23:00,1.525780,1.525850,1.525590,1.525590,0
2019-01-07 12:24:00,1.525590,1.525670,1.525420,1.525460,0
2019-01-07 12:25:00,1.525460,1.525500,1.525400,1.525500,0
2019-01-07 12:26:00,1.525490,1.525590,1.525350,1.525510,0
2019-01-07 12:27:00,1.525550,1.525550,1.525360,1.525510,0
2019-01-07 12:28:00,1.525510,1.525580,1.525310,1.525330,0
2019-01-07 12:29:00,1.525380,1.525540,1.525360,1.525510,0
2019-01-07 12:30:00,1.525540,1.525570,1.525420,1.525550,0
2019-01-07 12:31:00,1.525550,1.525650,1.525290,1.525300,0
2019-01-07 12:32:00,1.525300,1.525310,1.525190,1.525190,0
2019-01-07 12:33:00,1.525190,1.525290,1.525120,1.525120,0
2019-01-07 12:34:00,1.525120,1.525150,1.524720,1.525080,0
2019-01-07 12:35:00,1.525100,1.525290,1.525100,1.525140,0
2019-01-07 12:36:00,1.525140,1.525160,1.524760,1.524990,0
2019-01-07 12:37:00,1.524980,1.525050,1.524890,1.524930,0
2019-01-07 12:38:00,1.524890,1.525250,1.524880,1.525230,0
2019-01-07 12:39:00,1.525230,1.525560,1.525210,1.525490,0
2019-01-07 12:40:00,1.525440,1.525720,1.525380,1.525600,0
2019-01-07 12:41:00,1.525600,1.525730,1.525570,1.525730,0
2019-01-07 12:42:00,1.525730,1.525730,1.525490,1.525490,0
2019-01-07 12:43:00,1.525490,1.525540,1.525300,1.525370,0
2019-01-07 12:44:00,1.525370,1.525570,1.525340,1.525540,0
2019-01-07 12:45:00,1.525520,1.525550,1.525270,1.525290,0
2019-01-07 12:46:00,1.525290,1.525360,1.525040,1.525140,0
2019-01-07 12:47:00,1.525150,1.525220,1.525020,1.525020,0
2019-01-07 12:48:00,1.525020,1.525020,1.524510,1.524530,0
2019-01-07 12:49:00,1.524530,1.524660,1.524380,1.524390,0
2019-01-07 12:50:00,1.524400,1.524500,1.524360,1.524430,0
2019-01-07 12:51:00,1.524420,1.524770,1.524380,1.524750,0
2019-01-07 12:52:00,1.524770,1.524870,1.524640,1.524660,0
2019-01-07 12:53:00,1.524660,1.524820,1.524660,1.524740,0
2019-01-07 12:54:00,1.524740,1.524810,1.524660,1.524710,0
2019-01-07 12:55:00,1.524710,1.524790,1.524410,1.524430,0
2019-01-07 12:56:00,1.524440,1.524530,1.524370,1.524380,0
2019-01-07 12:57:00,1.524380,1.524790,1.523540,1.523820,0
2019-01-07 12:58:00,1.523820,1.524150,1.523820,1.524100,0
2019-01-07 12:59:00,1.524110,1.524470,1.524100,1.524380,0
2019-01-07 13:00:00,1.524370,1.524370,1.523120,1.523350,0
2019-01-07 13:01:00,1.523360,1.524220,1.523360,1.524120,0
2019-01-07 13:02:00,1.524130,1.524240,1.524010,1.524220,0
2019-01-07 13:03:00,1.524200,1.524310,1.523640,1.523750,0
2019-01-07 13:04:00,1.523750,1.523900,1.523600,1.523810,0
2019-01-07 13:05:00,1.523810,1.524260,1.523700,1.524240,0
2019-01-07 13:06:00,1.524240,1.524560,1.524160,1.524500,0
2019-01-07 13:07:00,1.524500,1.524810,1.524430,1.524580,0
2019-01-07 13:08:00,1.524580,1.524580,1.524140,1.524390,0
2019-01-07 13:09:00,1.524420,1.524490,1.524130,1.524310,0
2019-01-07 13:10:00,1.524330,1.524460,1.524260,1.524380,0
2019-01-07 13:11:00,1.524380,1.524430,1.524200,1.524220,0
2019-01-07 13:12:00,1.524220,1.524330,1.524100,1.524260,0
2019-01-07 13:13:00,1.524280,1.524570,1.524210,1.524510,0
2019-01-07 13:14:00,1.524510,1.525010,1.524510,1.524950,0
2019-01-07 13:15:00,1.524950,1.525000,1.524880,1.524970,0
2019-01-07 13:16:00,1.524970,1.524990,1.524800,1.524860,0
2019-01-07 13:17:00,1.524870,1.525050,1.524680,1.524680,0
2019-01-07 13:18:00,1.524670,1.524860,1.524590,1.524690,0
2019-01-07 13:19:00,1.524690,1.524700,1.524400,1.524560,0
2019-01-07 13:20:00,1.524540,1.524550,1.524380,1.524410,0
2019-01-07 13:21:00,1.524410,1.524540,1.524330,1.524490,0
2019-01-07 13:22:00,1.524490,1.524600,1.524400,1.524550,0
2019-01-07 13:23:00,1.524550,1.524680,1.524510,1.524550,0
2019-01-07 13:24:00,1.524550,1.524560,1.524200,1.524410,0
2019-01-07 13:25:00,1.524410,1.524480,1.524270,1.524320,0
2019-01-07 13:26:00,1.524320,1.524490,1.524300,1.524460,0
2019-01-07 13:27:00,1.524460,1.524590,1.524460,1.524580,0
2019-01-07 13:28:00,1.524580,1.524760,1.524440,1.524730,0
2019-01-07 13:29:00,1.524720,1.524730,1.524430,1.524440,0
2019-01-07 13:30:00,1.524440,1.524750,1.524390,1.524690,0
2019-01-07 13:31:00,1.524680,1.524740,1.524550,1.524610,0
2019-01-07 13:32:00,1.524620,1.524690,1.524570,1.524590,0
2019-01-07 13:33:00,1.524590,1.524600,1.524400,1.524440,0
2019-01-07 13:34:00,1.524480,1.524830,1.524420,1.524770,0
2019-01-07 13:35:00,1.524760,1.524760,1.524600,1.524690,0
2019-01-07 13:36:00,1.524700,1.524900,1.524700,1.524790,0
2019-01-07 13:37:00,1.524790,1.524820,1.524560,1.524560,0
2019-01-07 13:38:00,1.524520,1.524560,1.523910,1.524250,0
2019-01-07 13:39:00,1.524240,1.524500,1.524220,1.524360,0
2019-01-07 13:40:00,1.524380,1.524510,1.524270,1.524280,0
2019-01-07 13:41:00,1.524280,1.524420,1.524240,1.524350,0
2019-01-07 13:42:00,1.524330,1.524470,1.524240,1.524420,0
2019-01-07 13:43:00,1.524420,1.524520,1.524280,1.524520,0
2019-01-07 13:44:00,1.524510,1.524540,1.524210,1.524210,0
2019-01-07 13:45:00,1.524210,1.524620,1.524190,1.524550,0
2019-01-07 13:46:00,1.524550,1.524890,1.524550,1.524890,0
2019-01-07 13:47:00,1.524890,1.525430,1.524890,1.525210,0
2019-01-07 13:48:00,1.525210,1.525280,1.524980,1.525260,0
2019-01-07 13:49:00,1.525250,1.525520,1.525230,1.525260,0
2019-01-07 13:50:00,1.525280,1.525480,1.525240,1.525380,0
2019-01-07 13:51:00,1.525380,1.525560,1.525210,1.525310,0
2019-01-07 13:52:00,1.525310,1.525470,1.525180,1.525460,0
2019-01-07 13:53:00,1.525450,1.525580,1.525420,1.525470,0
2019-01-07 13:54:00,1.525500,1.525620,1.525330,1.525400,0
2019-01-07 13:55:00,1.525400,1.525400,1.525100,1.525130,0
2019-01-07 13:56:00,1.525130,1.525300,1.525130,1.525190,0
2019-01-07 13:57:00,1.525200,1.525470,1.525200,1.525370,0
2019-01-07 13:58:00,1.525350,1.525450,1.525200,1.525270,0
2019-01-07 13:59:00,1.525270,1.525280,1.525150,1.525260,0
2019-01-07 14:00:00,1.525260,1.525270,1.525060,1.525130,0
2019-01-07 14:01:00,1.525130,1.525280,1.525050,1.525250,0
2019-01-07 14:02:00,1.525250,1.525400,1.525180,1.525320,0
2019-01-07 14:03:00,1.525320,1.525490,1.525180,1.525200,0
2019-01-07 14:04:00,1.525180,1.525330,1.525170,1.525300,0
2019-01-07 14:05:00,1.525290,1.525570,1.525250,1.525560,0
2019-01-07 14:06:00,1.525560,1.525900,1.525560,1.525870,0
2019-01-07 14:07:00,1.525890,1.525990,1.525810,1.525890,0
2019-01-07 14:08:00,1.525890,1.526070,1.525710,1.526010,0
2019-01-07 14:09:00,1.526010,1.526180,1.525930,1.526160,0
2019-01-07 14:10:00,1.526160,1.526170,1.525870,1.526000,0
2019-01-07 14:11:00,1.526020,1.526270,1.525980,1.526010,0
2019-01-07 14:12:00,1.526000,1.526020,1.525800,1.525990,0
2019-01-07 14:13:00,1.525980,1.525980,1.525590,1.525790,0
2019-01-07 14:14:00,1.525780,1.526400,1.525690,1.526400,0
2019-01-07 14:15:00,1.526320,1.526430,1.526270,1.526370,0
2019-01-07 14:16:00,1.526380,1.526580,1.526200,1.526550,0
2019-01-07 14:17:00,1.526550,1.526600,1.526390,1.526510,0
2019-01-07 14:18:00,1.526510,1.526570,1.526390,1.526390,0
2019-01-07 14:19:00,1.526370,1.526430,1.526200,1.526300,0
2019-01-07 14:20:00,1.526300,1.526450,1.526190,1.526260,0
2019-01-07 14:21:00,1.526250,1.526410,1.526020,1.526020,0
2019-01-07 14:22:00,1.526000,1.526420,1.525950,1.526290,0
2019-01-07 14:23:00,1.526300,1.526300,1.525990,1.526060,0
2019-01-07 14:24:00,1.526050,1.526180,1.525940,1.526150,0
2019-01-07 14:25:00,1.526150,1.526230,1.526130,1.526170,0
2019-01-07 14:26:00,1.526170,1.526250,1.526080,1.526130,0
2019-01-07 14:27:00,1.526130,1.526200,1.526100,1.526180,0
2019-01-07 14:28:00,1.526140,1.526460,1.526140,1.526440,0
2019-01-07 14:29:00,1.526440,1.526830,1.526440,1.526700,0
2019-01-07 14:30:00,1.526700,1.526820,1.526440,1.526710,0
2019-01-07 14:31:00,1.526710,1.526890,1.526690,1.526840,0
2019-01-07 14:32:00,1.526840,1.526840,1.526550,1.526550,0
2019-01-07 14:33:00,1.526540,1.526580,1.526500,1.526500,0
2019-01-07 14:34:00,1.526500,1.526510,1.526330,1.526330,0
2019-01-07 14:35:00,1.526340,1.526550,1.526330,1.526520,0
2019-01-07 14:36:00,1.526510,1.526510,1.526320,1.526330,0
2019-01-07 14:37:00,1.526310,1.526380,1.526270,1.526290,0
2019-01-07 14:38:00,1.526290,1.526560,1.526240,1.526520,0
2019-01-07 14:39:00,1.526530,1.526540,1.526420,1.526420,0
2019-01-07 14:40:00,1.526420,1.526430,1.526290,1.526310,0
2019-01-07 14:41:00,1.526310,1.526310,1.526180,1.526300,0
2019-01-07 14:42:00,1.526300,1.526720,1.526300,1.526390,0
2019-01-07 14:43:00,1.526390,1.526400,1.526250,1.526260,0
2019-01-07 14:44:00,1.526260,1.526300,1.526200,1.526240,0
2019-01-07 14:45:00,1.526270,1.526270,1.526170,1.526210,0
2019-01-07 14:46:00,1.526210,1.526300,1.526080,1.526300,0
2019-01-07 14:47:00,1.526300,1.526350,1.526180,1.526180,0
2019-01-07 14:48:00,1.526170,1.526170,1.526050,1.526080,0
2019-01-07 14:49:00,1.526080,1.526080,1.525820,1.525820,0
2019-01-07 14:50:00,1.525830,1.526100,1.525830,1.526090,0
2019-01-07 14:51:00,1.526090,1.526090,1.525730,1.525830,0
2019-01-07 14:52:00,1.525820,1.525830,1.525700,1.525820,0
2019-01-07 14:53:00,1.525820,1.525930,1.525680,1.525770,0
2019-01-07 14:54:00,1.525770,1.525770,1.525630,1.525640,0
2019-01-07 14:55:00,1.525640,1.525890,1.525620,1.525800,0
2019-01-07 14:56:00,1.525800,1.526100,1.525770,1.526080,0
2019-01-07 14:57:00,1.526080,1.526240,1.525950,1.526240,0
2019-01-07 14:58:00,1.526240,1.526290,1.526150,1.526150,0
2019-01-07 14:59:00,1.526160,1.526370,1.526060,1.526060,0
2019-01-07 15:00:00,1.526060,1.526110,1.525830,1.526050,0
2019-01-07 15:01:00,1.526050,1.526090,1.525900,1.525970,0
2019-01-07 15:02:00,1.525970,1.526050,1.525760,1.525770,0
2019-01-07 15:03:00,1.525800,1.525960,1.525750,1.525750,0
2019-01-07 15:04:00,1.525760,1.525890,1.525700,1.525800,0
2019-01-07 15:05:00,1.525800,1.526140,1.525800,1.526080,0
2019-01-07 15:06:00,1.526060,1.526160,1.525980,1.526110,0
2019-01-07 15:07:00,1.526110,1.526250,1.526100,1.526200,0
2019-01-07 15:08:00,1.526220,1.526290,1.526070,1.526140,0
2019-01-07 15:09:00,1.526140,1.526170,1.526000,1.526030,0
2019-01-07 15:10:00,1.526030,1.526060,1.525880,1.525890,0
2019-01-07 15:11:00,1.525890,1.526110,1.525890,1.526050,0
2019-01-07 15:12:00,1.526040,1.526150,1.526010,1.526070,0
2019-01-07 15:13:00,1.526070,1.526150,1.526020,1.526060,0
2019-01-07 15:14:00,1.526060,1.526110,1.525980,1.526100,0
2019-01-07 15:15:00,1.526100,1.526220,1.526010,1.526190,0
2019-01-07 15:16:00,1.526190,1.526280,1.526080,1.526260,0
2019-01-07 15:17:00,1.526260,1.526390,1.526180,1.526220,0
2019-01-07 15:18:00,1.526230,1.526440,1.526220,1.526390,0
2019-01-07 15:19:00,1.526400,1.526400,1.525980,1.526060,0
2019-01-07 15:20:00,1.526070,1.526100,1.525660,1.525690,0
2019-01-07 15:21:00,1.525690,1.525720,1.525520,1.525520,0
2019-01-07 15:22:00,1.525520,1.525600,1.525480,1.525490,0
2019-01-07 15:23:00,1.525490,1.525490,1.525390,1.525410,0
2019-01-07 15:24:00,1.525410,1.525710,1.525380,1.525710,0
2019-01-07 15:25:00,1.525710,1.525720,1.525640,1.525700,0
2019-01-07 15:26:00,1.525720,1.525800,1.525690,1.525730,0
2019-01-07 15:27:00,1.525730,1.525800,1.525530,1.525580,0
2019-01-07 15:28:00,1.525580,1.525670,1.525350,1.525400,0
2019-01-07 15:29:00,1.525410,1.525440,1.525260,1.525340,0
2019-01-07 15:30:00,1.525350,1.525780,1.525320,1.525680,0
2019-01-07 15:31:00,1.525690,1.525820,1.525690,1.525810,0
2019-01-07 15:32:00,1.525800,1.525800,1.525630,1.525730,0
2019-01-07 15:33:00,1.525710,1.525860,1.525640,1.525850,0
2019-01-07 15:34:00,1.525840,1.526030,1.525840,1.525970,0
2019-01-07 15:35:00,1.525970,1.526020,1.525840,1.525850,0
2019-01-07 15:36:00,1.525830,1.525890,1.525750,1.525760,0
2019-01-07 15:37:00,1.525760,1.525800,1.525640,1.525720,0
2019-01-07 15:38:00,1.525720,1.525920,1.525720,1.525820,0
2019-01-07 15:39:00,1.525810,1.525980,1.525810,1.525910,0
2019-01-07 15:40:00,1.525900,1.525990,1.525850,1.525850,0
2019-01-07 15:41:00,1.525850,1.525850,1.525640,1.525840,0
2019-01-07 15:42:00,1.525840,1.525930,1.525610,1.525880,0
2019-01-07 15:43:00,1.525880,1.525910,1.525850,1.525900,0
2019-01-07 15:44:00,1.525900,1.525990,1.525900,1.525950,0
2019-01-07 15:45:00,1.525950,1.525990,1.525720,1.525790,0
2019-01-07 15:46:00,1.525770,1.525800,1.525670,1.525680,0
2019-01-07 15:47:00,1.525660,1.525780,1.525650,1.525770,0
2019-01-07 15:48:00,1.525770,1.525840,1.525720,1.525720,0
2019-01-07 15:49:00,1.525720,1.525760,1.525490,1.525590,0
2019-01-07 15:50:00,1.525600,1.525750,1.525530,1.525530,0
2019-01-07 15:51:00,1.525530,1.525630,1.525520,1.525580,0
2019-01-07 15:52:00,1.525570,1.525730,1.525570,1.525690,0
2019-01-07 15:53:00,1.525720,1.525720,1.525500,1.525620,0
2019-01-07 15:54:00,1.525620,1.525830,1.525620,1.525800,0
2019-01-07 15:55:00,1.525790,1.525830,1.525570,1.525580,0
2019-01-07 15:56:00,1.525570,1.525630,1.525510,1.525570,0
2019-01-07 15:57:00,1.525580,1.525670,1.525500,1.525610,0
2019-01-07 15:58:00,1.525610,1.525750,1.525610,1.525690,0
2019-01-07 15:59:00,1.525680,1.525930,1.525680,1.525900,0
2019-01-07 16:00:00,1.525920,1.526030,1.525510,1.525640,0
2019-01-07 16:01:00,1.525640,1.525690,1.525540,1.525540,0
2019-01-07 16:02:00,1.525550,1.525580,1.525520,1.525570,0
2019-01-07 16:03:00,1.525550,1.525570,1.525490,1.525520,0
2019-01-07 16:04:00,1.525530,1.525560,1.525490,1.525530,0
2019-01-07 16:05:00,1.525540,1.525760,1.525540,1.525630,0
2019-01-07 16:06:00,1.525640,1.525660,1.525580,1.525590,0
2019-01-07 16:07:00,1.525590,1.525600,1.525550,1.525580,0
2019-01-07 16:08:00,1.525600,1.525700,1.525570,1.525580,0
2019-01-07 16:09:00,1.525580,1.525660,1.525580,1.525640,0
2019-01-07 16:10:00,1.525640,1.525670,1.525590,1.525670,0
2019-01-07 16:11:00,1.525690,1.525690,1.525630,1.525630,0
2019-01-07 16:12:00,1.525630,1.525650,1.525520,1.525520,0
2019-01-07 16:13:00,1.525510,1.525580,1.525510,1.525550,0
2019-01-07 16:14:00,1.525550,1.525600,1.525530,1.525560,0
2019-01-07 16:15:00,1.525560,1.525630,1.525560,1.525590,0
2019-01-07 16:16:00,1.525590,1.525720,1.525590,1.525630,0
2019-01-07 16:17:00,1.525630,1.525630,1.525430,1.525550,0
2019-01-07 16:18:00,1.525540,1.525560,1.525430,1.525430,0
2019-01-07 16:19:00,1.525430,1.525430,1.525310,1.525380,0
2019-01-07 16:20:00,1.525380,1.525460,1.525370,1.525460,0
2019-01-07 16:21:00,1.525530,1.525700,1.525510,1.525550,0
2019-01-07 16:22:00,1.525590,1.525660,1.525540,1.525620,0
2019-01-07 16:23:00,1.525620,1.525710,1.525600,1.525610,0
2019-01-07 16:24:00,1.525610,1.525640,1.525590,1.525640,0
2019-01-07 16:25:00,1.525640,1.525640,1.525600,1.525600,0
2019-01-07 16:26:00,1.525600,1.525610,1.525600,1.525600,0
2019-01-07 16:27:00,1.525600,1.525630,1.525590,1.525600,0
2019-01-07 16:28:00,1.525600,1.525620,1.525540,1.525560,0
2019-01-07 16:29:00,1.525570,1.525950,1.525560,1.525940,0
2019-01-07 16:30:00,1.525940,1.526020,1.525910,1.525980,0
2019-01-07 16:31:00,1.525980,1.525990,1.525970,1.525990,0
2019-01-07 16:32:00,1.526000,1.526080,1.525990,1.526000,0
2019-01-07 16:33:00,1.525990,1.525990,1.525680,1.525680,0
2019-01-07 16:34:00,1.525680,1.525800,1.525660,1.525800,0
2019-01-07 16:35:00,1.525800,1.525920,1.525720,1.525720,0
2019-01-07 16:36:00,1.525730,1.525850,1.525730,1.525770,0
2019-01-07 16:37:00,1.525790,1.525840,1.525780,1.525790,0
2019-01-07 16:38:00,1.525760,1.525790,1.525690,1.525740,0
2019-01-07 16:39:00,1.525740,1.525850,1.525700,1.525740,0
2019-01-07 16:40:00,1.525770,1.525870,1.525730,1.525830,0
2019-01-07 16:41:00,1.525810,1.525820,1.525750,1.525780,0
2019-01-07 16:42:00,1.525780,1.525810,1.525740,1.525750,0
2019-01-07 16:43:00,1.525750,1.525860,1.525740,1.525860,0
2019-01-07 16:44:00,1.525840,1.525920,1.525840,1.525920,0
2019-01-07 16:45:00,1.525910,1.525960,1.525840,1.525900,0
2019-01-07 16:46:00,1.525900,1.525900,1.525650,1.525810,0
2019-01-07 16:47:00,1.525810,1.525820,1.525670,1.525750,0
2019-01-07 16:48:00,1.525830,1.525980,1.525810,1.525920,0
2019-01-07 16:49:00,1.525910,1.525990,1.525890,1.525890,0
2019-01-07 16:50:00,1.525890,1.526080,1.525890,1.525990,0
2019-01-07 16:51:00,1.526000,1.526130,1.526000,1.526070,0
2019-01-07 16:52:00,1.526030,1.526230,1.525820,1.525870,0
2019-01-07 16:53:00,1.525870,1.525910,1.525830,1.525890,0
2019-01-07 16:54:00,1.525890,1.525900,1.525800,1.525830,0
2019-01-07 16:55:00,1.525840,1.525870,1.525760,1.525780,0
2019-01-07 16:56:00,1.525770,1.525810,1.525710,1.525750,0
2019-01-07 16:57:00,1.525800,1.526030,1.525800,1.525990,0
2019-01-07 16:58:00,1.525960,1.525960,1.525840,1.525850,0
2019-01-07 16:59:00,1.525850,1.525880,1.525680,1.525680,0
2019-01-07 17:00:00,1.525660,1.525660,1.525450,1.525450,0
2019-01-07 17:01:00,1.525360,1.525440,1.525280,1.525420,0
2019-01-07 17:02:00,1.525420,1.525440,1.525420,1.525440,0
2019-01-07 17:03:00,1.525440,1.525440,1.525370,1.525410,0
2019-01-07 17:04:00,1.525480,1.525480,1.525410,1.525410,0
2019-01-07 17:05:00,1.525410,1.525820,1.525410,1.525540,0
2019-01-07 17:06:00,1.525570,1.525570,1.525440,1.525550,0
2019-01-07 17:07:00,1.525580,1.525620,1.525580,1.525620,0
2019-01-07 17:08:00,1.525610,1.525610,1.525440,1.525480,0
2019-01-07 17:09:00,1.525470,1.525550,1.525470,1.525550,0
2019-01-07 17:10:00,1.525550,1.525550,1.525550,1.525550,0
2019-01-07 17:11:00,1.525550,1.525550,1.525550,1.525550,0
2019-01-07 17:12:00,1.525550,1.525560,1.525550,1.525550,0
2019-01-07 17:13:00,1.525550,1.525550,1.525550,1.525550,0
2019-01-07 17:14:00,1.525550,1.525550,1.525550,1.525550,0
2019-01-07 17:15:00,1.525550,1.525640,1.525550,1.525550,0
2019-01-07 17:16:00,1.525550,1.525550,1.525550,1.525550,0
2019-01-07 17:17:00,1.525550,1.525550,1.525550,1.525550,0
2019-01-07 17:18:00,1.525550,1.525550,1.525550,1.525550,0
2019-01-07 17:19:00,1.525550,1.525550,1.525550,1.525550,0
2019-01-07 17:20:00,1.525550,1.525550,1.525550,1.525550,0
2019-01-07 17:21:00,1.525550,1.525550,1.525550,1.525550,0
2019-01-07 17:22:00,1.525550,1.525700,1.525550,1.525640,0
2019-01-07 17:23:00,1.525660,1.525670,1.525660,1.525670,0
2019-01-07 17:24:00,1.525670,1.525670,1.525580,1.525600,0
2019-01-07 17:25:00,1.525600,1.525620,1.525580,1.525590,0
2019-01-07 17:26:00,1.525590,1.525620,1.525590,1.525620,0
2019-01-07 17:27:00,1.525630,1.525630,1.525550,1.525550,0
2019-01-07 17:28:00,1.525550,1.525550,1.525550,1.525550,0
2019-01-07 17:29:00,1.525550,1.525550,1.525200,1.525240,0
2019-01-07 17:30:00,1.525240,1.525500,1.525240,1.525480,0
2019-01-07 17:31:00,1.525460,1.525890,1.525450,1.525790,0
2019-01-07 17:32:00,1.525760,1.525810,1.525430,1.525440,0
2019-01-07 17:33:00,1.525450,1.525470,1.525340,1.525410,0
2019-01-07 17:34:00,1.525420,1.525540,1.525220,1.525350,0
2019-01-07 17:35:00,1.525340,1.525410,1.525270,1.525270,0
2019-01-07 17:36:00,1.525270,1.525270,1.525250,1.525250,0
2019-01-07 17:37:00,1.525250,1.525440,1.525250,1.525440,0
2019-01-07 17:38:00,1.525400,1.525620,1.525340,1.525450,0
2019-01-07 17:39:00,1.525450,1.525680,1.525450,1.525560,0
2019-01-07 17:40:00,1.525540,1.525710,1.525450,1.525690,0
2019-01-07 17:41:00,1.525680,1.525880,1.525680,1.525820,0
2019-01-07 17:42:00,1.525810,1.525880,1.525710,1.525760,0
2019-01-07 17:43:00,1.525740,1.525960,1.525310,1.525390,0
2019-01-07 17:44:00,1.525380,1.526020,1.525380,1.525510,0
2019-01-07 17:45:00,1.525510,1.525520,1.524900,1.524900,0
2019-01-07 17:46:00,1.524910,1.524950,1.524870,1.524880,0
2019-01-07 17:47:00,1.524870,1.525240,1.524750,1.525240,0
2019-01-07 17:48:00,1.525260,1.525610,1.525260,1.525330,0
2019-01-07 17:49:00,1.525330,1.525680,1.525320,1.525460,0
2019-01-07 17:50:00,1.525460,1.525460,1.525350,1.525350,0
2019-01-07 17:51:00,1.525360,1.525400,1.525200,1.525250,0
2019-01-07 17:52:00,1.525240,1.525450,1.525010,1.525450,0
2019-01-07 17:53:00,1.525490,1.525600,1.525490,1.525590,0
2019-01-07 17:54:00,1.525590,1.525620,1.525580,1.525610,0
2019-01-07 17:55:00,1.525610,1.525620,1.525520,1.525550,0
2019-01-07 17:56:00,1.525550,1.525710,1.525530,1.525550,0
2019-01-07 17:57:00,1.525550,1.525650,1.525510,1.525580,0
2019-01-07 17:58:00,1.525580,1.525730,1.525570,1.525650,0
2019-01-07 17:59:00,1.525650,1.525670,1.525550,1.525650,0
2019-01-07 18:00:00,1.525640,1.525750,1.525470,1.525650,0
2019-01-07 18:01:00,1.525650,1.525730,1.525530,1.525540,0
2019-01-07 18:02:00,1.525550,1.525590,1.525510,1.525580,0
2019-01-07 18:03:00,1.525580,1.525630,1.525530,1.525530,0
2019-01-07 18:04:00,1.525530,1.525560,1.525500,1.525500,0
2019-01-07 18:05:00,1.525500,1.525530,1.525480,1.525530,0
2019-01-07 18:06:00,1.525540,1.525580,1.525450,1.525460,0
2019-01-07 18:07:00,1.525450,1.525640,1.525450,1.525570,0
2019-01-07 18:08:00,1.525570,1.525590,1.525480,1.525520,0
2019-01-07 18:09:00,1.525540,1.525610,1.525540,1.525560,0
2019-01-07 18:10:00,1.525560,1.525750,1.525560,1.525710,0
2019-01-07 18:11:00,1.525710,1.525730,1.525710,1.525730,0
2019-01-07 18:12:00,1.525680,1.525790,1.525630,1.525630,0
2019-01-07 18:13:00,1.525620,1.525690,1.525620,1.525640,0
2019-01-07 18:14:00,1.525640,1.525710,1.525630,1.525700,0
2019-01-07 18:15:00,1.525700,1.525880,1.525700,1.525850,0
2019-01-07 18:16:00,1.525850,1.525850,1.525710,1.525830,0
2019-01-07 18:17:00,1.525850,1.525850,1.525690,1.525720,0
2019-01-07 18:18:00,1.525710,1.525720,1.525590,1.525640,0
2019-01-07 18:19:00,1.525640,1.525920,1.525630,1.525890,0
2019-01-07 18:20:00,1.525880,1.525880,1.525570,1.525650,0
2019-01-07 18:21:00,1.525650,1.525710,1.525570,1.525640,0
2019-01-07 18:22:00,1.525650,1.525920,1.525640,1.525740,0
2019-01-07 18:23:00,1.525740,1.525870,1.525600,1.525810,0
2019-01-07 18:24:00,1.525840,1.525880,1.525810,1.525870,0
2019-01-07 18:25:00,1.525870,1.525980,1.525840,1.525950,0
2019-01-07 18:26:00,1.525950,1.526060,1.525920,1.525980,0
2019-01-07 18:27:00,1.525980,1.526030,1.525970,1.526010,0
2019-01-07 18:28:00,1.525990,1.526030,1.525980,1.525990,0
2019-01-07 18:29:00,1.526020,1.526080,1.525970,1.526010,0
2019-01-07 18:30:00,1.526010,1.526040,1.525950,1.525970,0
2019-01-07 18:31:00,1.525970,1.525980,1.525920,1.525980,0
2019-01-07 18:32:00,1.525960,1.526030,1.525930,1.526030,0
2019-01-07 18:33:00,1.526000,1.526000,1.525940,1.525980,0
2019-01-07 18:34:00,1.525980,1.526000,1.525860,1.525880,0
2019-01-07 18:35:00,1.525880,1.525880,1.525810,1.525840,0
2019-01-07 18:36:00,1.525850,1.525860,1.525800,1.525820,0
2019-01-07 18:37:00,1.525820,1.526010,1.525810,1.525990,0
2019-01-07 18:38:00,1.525990,1.526010,1.525970,1.526010,0
2019-01-07 18:39:00,1.526030,1.526030,1.525990,1.525990,0
2019-01-07 18:40:00,1.526010,1.526030,1.525980,1.526000,0
2019-01-07 18:41:00,1.526000,1.526010,1.525970,1.525990,0
2019-01-07 18:42:00,1.526000,1.526080,1.525980,1.526000,0
2019-01-07 18:43:00,1.526010,1.526090,1.525970,1.526020,0
2019-01-07 18:44:00,1.526020,1.526030,1.525950,1.526010,0
2019-01-07 18:45:00,1.526000,1.526020,1.525930,1.526000,0
2019-01-07 18:46:00,1.526010,1.526040,1.525990,1.526010,0
2019-01-07 18:47:00,1.526020,1.526230,1.525990,1.526180,0
2019-01-07 18:48:00,1.526170,1.526170,1.526110,1.526140,0
2019-01-07 18:49:00,1.526130,1.526140,1.526070,1.526130,0
2019-01-07 18:50:00,1.526130,1.526220,1.526090,1.526180,0
2019-01-07 18:51:00,1.526180,1.526220,1.526140,1.526170,0
2019-01-07 18:52:00,1.526170,1.526280,1.526110,1.526270,0
2019-01-07 18:53:00,1.526280,1.526340,1.526250,1.526340,0
2019-01-07 18:54:00,1.526330,1.526370,1.526250,1.526370,0
2019-01-07 18:55:00,1.526360,1.526360,1.526290,1.526320,0
2019-01-07 18:56:00,1.526320,1.526320,1.526190,1.526210,0
2019-01-07 18:57:00,1.526230,1.526330,1.526210,1.526290,0
2019-01-07 18:58:00,1.526290,1.526320,1.526290,1.526290,0
2019-01-07 18:59:00,1.526290,1.526310,1.526250,1.526270,0
2019-01-07 19:00:00,1.526270,1.526310,1.526110,1.526120,0
2019-01-07 19:01:00,1.526120,1.526150,1.525540,1.525600,0
2019-01-07 19:02:00,1.525600,1.525870,1.525590,1.525850,0
2019-01-07 19:03:00,1.525850,1.525960,1.525650,1.525880,0
2019-01-07 19:04:00,1.525890,1.525940,1.525790,1.525890,0
2019-01-07 19:05:00,1.525890,1.525890,1.525680,1.525720,0
2019-01-07 19:06:00,1.525730,1.525760,1.525670,1.525740,0
2019-01-07 19:07:00,1.525740,1.525830,1.525740,1.525830,0
2019-01-07 19:08:00,1.525830,1.526010,1.525830,1.525960,0
2019-01-07 19:09:00,1.525960,1.526020,1.525890,1.525890,0
2019-01-07 19:10:00,1.525880,1.525890,1.525710,1.525730,0
2019-01-07 19:11:00,1.525730,1.525800,1.525670,1.525750,0
2019-01-07 19:12:00,1.525760,1.525850,1.525760,1.525830,0
2019-01-07 19:13:00,1.525830,1.525960,1.525830,1.525950,0
2019-01-07 19:14:00,1.525940,1.526130,1.525940,1.526130,0
2019-01-07 19:15:00,1.526130,1.526140,1.525950,1.526010,0
2019-01-07 19:16:00,1.526010,1.526040,1.525990,1.525990,0
2019-01-07 19:17:00,1.526030,1.526110,1.526030,1.526060,0
2019-01-07 19:18:00,1.526040,1.526100,1.526040,1.526070,0
2019-01-07 19:19:00,1.526070,1.526080,1.526020,1.526080,0
2019-01-07 19:20:00,1.526040,1.526280,1.526030,1.526280,0
2019-01-07 19:21:00,1.526280,1.526290,1.526030,1.526030,0
2019-01-07 19:22:00,1.526050,1.526130,1.525920,1.525940,0
2019-01-07 19:23:00,1.525940,1.525970,1.525910,1.525950,0
2019-01-07 19:24:00,1.525960,1.526000,1.525840,1.525860,0
2019-01-07 19:25:00,1.525860,1.525860,1.525610,1.525610,0
2019-01-07 19:26:00,1.525610,1.525630,1.525590,1.525630,0
2019-01-07 19:27:00,1.525630,1.525670,1.525560,1.525600,0
2019-01-07 19:28:00,1.525610,1.525610,1.525480,1.525580,0
2019-01-07 19:29:00,1.525580,1.525620,1.525410,1.525450,0
2019-01-07 19:30:00,1.525450,1.525650,1.525430,1.525460,0
2019-01-07 19:31:00,1.525460,1.525500,1.525460,1.525500,0
2019-01-07 19:32:00,1.525500,1.525550,1.525370,1.525380,0
2019-01-07 19:33:00,1.525380,1.525450,1.525240,1.525450,0
2019-01-07 19:34:00,1.525440,1.525450,1.525340,1.525350,0
2019-01-07 19:35:00,1.525360,1.525420,1.525250,1.525300,0
2019-01-07 19:36:00,1.525300,1.525530,1.525270,1.525410,0
2019-01-07 19:37:00,1.525410,1.525530,1.525400,1.525530,0
2019-01-07 19:38:00,1.525540,1.525710,1.525490,1.525710,0
2019-01-07 19:39:00,1.525710,1.525710,1.525560,1.525590,0
2019-01-07 19:40:00,1.525600,1.525660,1.525570,1.525570,0
2019-01-07 19:41:00,1.525570,1.525600,1.525460,1.525580,0
2019-01-07 19:42:00,1.525590,1.525600,1.525060,1.525220,0
2019-01-07 19:43:00,1.525220,1.525240,1.525080,1.525160,0
2019-01-07 19:44:00,1.525140,1.525190,1.525090,1.525190,0
2019-01-07 19:45:00,1.525170,1.525230,1.525030,1.525110,0
2019-01-07 19:46:00,1.525120,1.525260,1.525110,1.525210,0
2019-01-07 19:47:00,1.525200,1.525220,1.525060,1.525100,0
2019-01-07 19:48:00,1.525100,1.525120,1.524850,1.524930,0
2019-01-07 19:49:00,1.524920,1.524940,1.524720,1.524770,0
2019-01-07 19:50:00,1.524740,1.524880,1.524740,1.524740,0
2019-01-07 19:51:00,1.524740,1.524940,1.524740,1.524910,0
2019-01-07 19:52:00,1.524900,1.524910,1.524530,1.524550,0
2019-01-07 19:53:00,1.524540,1.524790,1.524540,1.524630,0
2019-01-07 19:54:00,1.524650,1.524700,1.524490,1.524590,0
2019-01-07 19:55:00,1.524580,1.524580,1.524470,1.524530,0
2019-01-07 19:56:00,1.524530,1.524560,1.524500,1.524530,0
2019-01-07 19:57:00,1.524530,1.524530,1.524270,1.524420,0
2019-01-07 19:58:00,1.524420,1.524460,1.524360,1.524360,0
2019-01-07 19:59:00,1.524360,1.524380,1.524230,1.524340,0
2019-01-07 20:00:00,1.524340,1.524360,1.524170,1.524190,0
2019-01-07 20:01:00,1.524190,1.524230,1.524080,1.524130,0
2019-01-07 20:02:00,1.524170,1.524240,1.524160,1.524240,0
2019-01-07 20:03:00,1.524250,1.524280,1.524140,1.524160,0
2019-01-07 20:04:00,1.524170,1.524170,1.523890,1.524060,0
2019-01-07 20:05:00,1.524120,1.524120,1.524010,1.524030,0
2019-01-07 20:06:00,1.524030,1.524130,1.524020,1.524090,0
2019-01-07 20:07:00,1.524070,1.524220,1.524040,1.524190,0
2019-01-07 20:08:00,1.524180,1.524210,1.523790,1.523900,0
2019-01-07 20:09:00,1.523910,1.524020,1.523860,1.523900,0
2019-01-07 20:10:00,1.523900,1.523900,1.523500,1.523520,0
2019-01-07 20:11:00,1.523520,1.523860,1.523520,1.523780,0
2019-01-07 20:12:00,1.523780,1.523940,1.523690,1.523710,0
2019-01-07 20:13:00,1.523710,1.524230,1.523680,1.524200,0
2019-01-07 20:14:00,1.524190,1.524270,1.524100,1.524110,0
2019-01-07 20:15:00,1.524090,1.524210,1.524050,1.524070,0
2019-01-07 20:16:00,1.524070,1.524130,1.523890,1.524060,0
2019-01-07 20:17:00,1.524070,1.524240,1.524010,1.524220,0
2019-01-07 20:18:00,1.524230,1.524330,1.524210,1.524280,0
2019-01-07 20:19:00,1.524280,1.524350,1.524230,1.524230,0
2019-01-07 20:20:00,1.524230,1.524320,1.524170,1.524320,0
2019-01-07 20:21:00,1.524320,1.524320,1.524200,1.524230,0
2019-01-07 20:22:00,1.524230,1.524280,1.524210,1.524260,0
2019-01-07 20:23:00,1.524260,1.524290,1.524210,1.524270,0
2019-01-07 20:24:00,1.524270,1.524330,1.524270,1.524280,0
2019-01-07 20:25:00,1.524300,1.524370,1.524050,1.524130,0
2019-01-07 20:26:00,1.524130,1.524200,1.524050,1.524140,0
2019-01-07 20:27:00,1.524120,1.524140,1.523880,1.523950,0
2019-01-07 20:28:00,1.523950,1.523950,1.523630,1.523780,0
2019-01-07 20:29:00,1.523780,1.523890,1.523740,1.523790,0
2019-01-07 20:30:00,1.523790,1.523840,1.523400,1.523480,0
2019-01-07 20:31:00,1.523480,1.523830,1.523420,1.523820,0
2019-01-07 20:32:00,1.523820,1.524220,1.523800,1.523900,0
2019-01-07 20:33:00,1.523900,1.524100,1.523810,1.523940,0
2019-01-07 20:34:00,1.523940,1.524060,1.523840,1.523870,0
2019-01-07 20:35:00,1.523870,1.523900,1.523630,1.523680,0
2019-01-07 20:36:00,1.523680,1.523770,1.523510,1.523520,0
2019-01-07 20:37:00,1.523510,1.523750,1.523510,1.523630,0
2019-01-07 20:38:00,1.523620,1.523780,1.523620,1.523700,0
2019-01-07 20:39:00,1.523690,1.523740,1.523510,1.523630,0
2019-01-07 20:40:00,1.523650,1.523650,1.523370,1.523370,0
2019-01-07 20:41:00,1.523370,1.523560,1.523370,1.523560,0
2019-01-07 20:42:00,1.523560,1.523610,1.523460,1.523580,0
2019-01-07 20:43:00,1.523590,1.523590,1.523370,1.523490,0
2019-01-07 20:44:00,1.523530,1.523530,1.523130,1.523210,0
2019-01-07 20:45:00,1.523200,1.523270,1.522840,1.522860,0
2019-01-07 20:46:00,1.522860,1.523070,1.522770,1.523070,0
2019-01-07 20:47:00,1.523070,1.523090,1.522850,1.523020,0
2019-01-07 20:48:00,1.523010,1.523070,1.522750,1.522830,0
2019-01-07 20:49:00,1.522880,1.523020,1.522830,1.523000,0
2019-01-07 20:50:00,1.523020,1.523100,1.523000,1.523070,0
2019-01-07 20:51:00,1.523060,1.523120,1.522990,1.523040,0
2019-01-07 20:52:00,1.523020,1.523080,1.522860,1.522860,0
2019-01-07 20:53:00,1.522860,1.522880,1.522690,1.522730,0
2019-01-07 20:54:00,1.522730,1.522800,1.522540,1.522620,0
2019-01-07 20:55:00,1.522620,1.522870,1.522580,1.522790,0
2019-01-07 20:56:00,1.522790,1.522940,1.522790,1.522920,0
2019-01-07 20:57:00,1.522880,1.522890,1.522640,1.522650,0
2019-01-07 20:58:00,1.522620,1.522620,1.522240,1.522280,0
2019-01-07 20:59:00,1.522280,1.522480,1.522240,1.522470,0
2019-01-07 21:00:00,1.522450,1.522590,1.522300,1.522320,0
2019-01-07 21:01:00,1.522330,1.522330,1.521980,1.522040,0
2019-01-07 21:02:00,1.522070,1.522210,1.521940,1.522070,0
2019-01-07 21:03:00,1.522070,1.522130,1.521930,1.522100,0
2019-01-07 21:04:00,1.522100,1.522130,1.521890,1.521970,0
2019-01-07 21:05:00,1.521980,1.522400,1.521980,1.522320,0
2019-01-07 21:06:00,1.522320,1.522410,1.522240,1.522370,0
2019-01-07 21:07:00,1.522370,1.522480,1.522330,1.522380,0
2019-01-07 21:08:00,1.522380,1.522490,1.522310,1.522420,0
2019-01-07 21:09:00,1.522420,1.522470,1.522320,1.522350,0
2019-01-07 21:10:00,1.522350,1.522520,1.522320,1.522490,0
2019-01-07 21:11:00,1.522500,1.522570,1.522450,1.522450,0
2019-01-07 21:12:00,1.522460,1.522580,1.522460,1.522540,0
2019-01-07 21:13:00,1.522520,1.522540,1.522400,1.522410,0
2019-01-07 21:14:00,1.522410,1.522450,1.522320,1.522320,0
2019-01-07 21:15:00,1.522330,1.522390,1.522180,1.522180,0
2019-01-07 21:16:00,1.522180,1.522310,1.522170,1.522180,0
2019-01-07 21:17:00,1.522180,1.522350,1.522140,1.522190,0
2019-01-07 21:18:00,1.522190,1.522190,1.522140,1.522150,0
2019-01-07 21:19:00,1.522150,1.522180,1.522140,1.522180,0
2019-01-07 21:20:00,1.522180,1.522290,1.522140,1.522140,0
2019-01-07 21:21:00,1.522140,1.522160,1.522080,1.522120,0
2019-01-07 21:22:00,1.522110,1.522170,1.522090,1.522110,0
2019-01-07 21:23:00,1.522140,1.522140,1.522120,1.522140,0
2019-01-07 21:24:00,1.522140,1.522140,1.522080,1.522100,0
2019-01-07 21:25:00,1.522100,1.522210,1.522100,1.522200,0
2019-01-07 21:26:00,1.522210,1.522480,1.522200,1.522440,0
2019-01-07 21:27:00,1.522440,1.522480,1.522280,1.522300,0
2019-01-07 21:28:00,1.522300,1.522330,1.522210,1.522210,0
2019-01-07 21:29:00,1.522210,1.522220,1.522120,1.522150,0
2019-01-07 21:30:00,1.522150,1.522180,1.522050,1.522080,0
2019-01-07 21:31:00,1.522070,1.522080,1.522010,1.522050,0
2019-01-07 21:32:00,1.522050,1.522250,1.522020,1.522100,0
2019-01-07 21:33:00,1.522100,1.522120,1.521820,1.521840,0
2019-01-07 21:34:00,1.521840,1.521840,1.521630,1.521780,0
2019-01-07 21:35:00,1.521780,1.521900,1.521710,1.521810,0
2019-01-07 21:36:00,1.521810,1.521920,1.521640,1.521730,0
2019-01-07 21:37:00,1.521730,1.521790,1.521570,1.521630,0
2019-01-07 21:38:00,1.521630,1.521690,1.521570,1.521580,0
2019-01-07 21:39:00,1.521570,1.521650,1.521530,1.521590,0
2019-01-07 21:40:00,1.521590,1.521680,1.521530,1.521650,0
2019-01-07 21:41:00,1.521650,1.521650,1.521560,1.521610,0
2019-01-07 21:42:00,1.521590,1.521590,1.521520,1.521560,0
2019-01-07 21:43:00,1.521560,1.521590,1.521260,1.521300,0
2019-01-07 21:44:00,1.521300,1.521510,1.521230,1.521360,0
2019-01-07 21:45:00,1.521370,1.521650,1.521320,1.521580,0
2019-01-07 21:46:00,1.521570,1.521580,1.521400,1.521540,0
2019-01-07 21:47:00,1.521530,1.521530,1.521260,1.521290,0
2019-01-07 21:48:00,1.521270,1.521270,1.521130,1.521140,0
2019-01-07 21:49:00,1.521130,1.521270,1.521120,1.521170,0
2019-01-07 21:50:00,1.521190,1.521200,1.521080,1.521150,0
2019-01-07 21:51:00,1.521150,1.521150,1.521060,1.521130,0
2019-01-07 21:52:00,1.521130,1.521130,1.520970,1.521000,0
2019-01-07 21:53:00,1.520990,1.521080,1.520870,1.520870,0
2019-01-07 21:54:00,1.520870,1.520930,1.520780,1.520850,0
2019-01-07 21:55:00,1.520850,1.521020,1.520850,1.520920,0
2019-01-07 21:56:00,1.520910,1.521030,1.520850,1.520900,0
2019-01-07 21:57:00,1.520900,1.520900,1.520700,1.520720,0
2019-01-07 21:58:00,1.520730,1.520770,1.520390,1.520400,0
2019-01-07 21:59:00,1.520400,1.520690,1.520400,1.520510,0
2019-01-07 22:00:00,1.520520,1.520800,1.520500,1.520780,0
2019-01-07 22:01:00,1.520780,1.520970,1.520770,1.520960,0
2019-01-07 22:02:00,1.520960,1.521190,1.520920,1.521140,0
2019-01-07 22:03:00,1.521140,1.521230,1.521120,1.521130,0
2019-01-07 22:04:00,1.521120,1.521200,1.521100,1.521190,0
2019-01-07 22:05:00,1.521200,1.521200,1.521000,1.521000,0
2019-01-07 22:06:00,1.521000,1.521090,1.520960,1.521060,0
2019-01-07 22:07:00,1.521060,1.521220,1.521030,1.521090,0
2019-01-07 22:08:00,1.521090,1.521090,1.520700,1.520720,0
2019-01-07 22:09:00,1.520720,1.520750,1.520610,1.520650,0
2019-01-07 22:10:00,1.520650,1.520730,1.520400,1.520430,0
2019-01-07 22:11:00,1.520430,1.520470,1.520390,1.520410,0
2019-01-07 22:12:00,1.520410,1.520470,1.520390,1.520450,0
2019-01-07 22:13:00,1.520450,1.520470,1.519980,1.520020,0
2019-01-07 22:14:00,1.520020,1.520190,1.520000,1.520190,0
2019-01-07 22:15:00,1.520180,1.520190,1.520110,1.520120,0
2019-01-07 22:16:00,1.520130,1.520410,1.520130,1.520330,0
2019-01-07 22:17:00,1.520330,1.520410,1.520170,1.520270,0
2019-01-07 22:18:00,1.520260,1.520320,1.520220,1.520260,0
2019-01-07 22:19:00,1.520270,1.520270,1.520180,1.520210,0
2019-01-07 22:20:00,1.520220,1.520250,1.520080,1.520090,0
2019-01-07 22:21:00,1.520110,1.520160,1.520040,1.520080,0
2019-01-07 22:22:00,1.520070,1.520130,1.520000,1.520060,0
2019-01-07 22:23:00,1.520080,1.520080,1.519720,1.519720,0
2019-01-07 22:24:00,1.519730,1.519730,1.519510,1.519640,0
2019-01-07 22:25:00,1.519640,1.519790,1.519630,1.519790,0
2019-01-07 22:26:00,1.519790,1.519860,1.519750,1.519790,0
2019-01-07 22:27:00,1.519790,1.519870,1.519510,1.519640,0
2019-01-07 22:28:00,1.519640,1.519820,1.519570,1.519800,0
2019-01-07 22:29:00,1.519800,1.519800,1.519690,1.519740,0
2019-01-07 22:30:00,1.519740,1.519870,1.519620,1.519660,0
2019-01-07 22:31:00,1.519650,1.519670,1.519490,1.519640,0
2019-01-07 22:32:00,1.519640,1.519670,1.519040,1.519120,0
2019-01-07 22:33:00,1.519090,1.519090,1.518610,1.518620,0
2019-01-07 22:34:00,1.518640,1.518790,1.518440,1.518790,0
2019-01-07 22:35:00,1.518790,1.519070,1.518790,1.519060,0
2019-01-07 22:36:00,1.519060,1.519260,1.519060,1.519130,0
2019-01-07 22:37:00,1.519130,1.519260,1.519110,1.519160,0
2019-01-07 22:38:00,1.519160,1.519200,1.518960,1.518970,0
2019-01-07 22:39:00,1.518970,1.519050,1.518280,1.518320,0
2019-01-07 22:40:00,1.518340,1.518690,1.518340,1.518690,0
2019-01-07 22:41:00,1.518680,1.518840,1.518650,1.518840,0
2019-01-07 22:42:00,1.518830,1.518840,1.518630,1.518650,0
2019-01-07 22:43:00,1.518650,1.518720,1.518060,1.518270,0
2019-01-07 22:44:00,1.518270,1.518490,1.518180,1.518490,0
2019-01-07 22:45:00,1.518480,1.518500,1.518300,1.518360,0
2019-01-07 22:46:00,1.518370,1.518660,1.517960,1.518660,0
2019-01-07 22:47:00,1.518660,1.519040,1.518660,1.518960,0
2019-01-07 22:48:00,1.518970,1.519010,1.518800,1.519010,0
2019-01-07 22:49:00,1.519010,1.519060,1.518970,1.518970,0
2019-01-07 22:50:00,1.518970,1.518970,1.518850,1.518870,0
2019-01-07 22:51:00,1.518870,1.519250,1.518830,1.519230,0
2019-01-07 22:52:00,1.519240,1.519380,1.519050,1.519340,0
2019-01-07 22:53:00,1.519330,1.519510,1.519330,1.519440,0
2019-01-07 22:54:00,1.519440,1.519630,1.519390,1.519540,0
2019-01-07 22:55:00,1.519560,1.519570,1.519470,1.519520,0
2019-01-07 22:56:00,1.519520,1.519520,1.519240,1.519320,0
2019-01-07 22:57:00,1.519320,1.519320,1.519140,1.519270,0
2019-01-07 22:58:00,1.519290,1.519780,1.519220,1.519720,0
2019-01-07 22:59:00,1.519740,1.519770,1.519680,1.519740,0
2019-01-07 23:00:00,1.519760,1.519760,1.519510,1.519510,0
2019-01-07 23:01:00,1.519520,1.519530,1.519400,1.519410,0
2019-01-07 23:02:00,1.519410,1.519420,1.519370,1.519400,0
2019-01-07 23:03:00,1.519390,1.519440,1.519290,1.519380,0
2019-01-07 23:04:00,1.519370,1.519580,1.519320,1.519480,0
2019-01-07 23:05:00,1.519480,1.519770,1.519480,1.519620,0
2019-01-07 23:06:00,1.519620,1.519680,1.519540,1.519650,0
2019-01-07 23:07:00,1.519650,1.519700,1.519580,1.519650,0
2019-01-07 23:08:00,1.519650,1.519800,1.519650,1.519750,0
2019-01-07 23:09:00,1.519750,1.519780,1.519560,1.519650,0
2019-01-07 23:10:00,1.519640,1.519710,1.519610,1.519620,0
2019-01-07 23:11:00,1.519620,1.519650,1.519410,1.519440,0
2019-01-07 23:12:00,1.519430,1.519440,1.519280,1.519320,0
2019-01-07 23:13:00,1.519320,1.519380,1.519300,1.519300,0
2019-01-07 23:14:00,1.519310,1.519360,1.519230,1.519230,0
2019-01-07 23:15:00,1.519240,1.519270,1.518850,1.518850,0
2019-01-07 23:16:00,1.518840,1.518890,1.518600,1.518670,0
2019-01-07 23:17:00,1.518680,1.518740,1.518430,1.518520,0
2019-01-07 23:18:00,1.518530,1.518530,1.518230,1.518400,0
2019-01-07 23:19:00,1.518400,1.518400,1.518320,1.518400,0
2019-01-07 23:20:00,1.518390,1.518540,1.518380,1.518510,0
2019-01-07 23:21:00,1.518510,1.518600,1.518510,1.518560,0
2019-01-07 23:22:00,1.518560,1.518640,1.518520,1.518620,0
2019-01-07 23:23:00,1.518640,1.518840,1.518630,1.518830,0
2019-01-07 23:24:00,1.518840,1.518920,1.518800,1.518880,0
2019-01-07 23:25:00,1.518880,1.519050,1.518880,1.518940,0
2019-01-07 23:26:00,1.518950,1.519130,1.518950,1.519130,0
2019-01-07 23:27:00,1.519130,1.519220,1.519030,1.519030,0
2019-01-07 23:28:00,1.519030,1.519160,1.519020,1.519110,0
2019-01-07 23:29:00,1.519110,1.519120,1.519020,1.519080,0
2019-01-07 23:30:00,1.519080,1.519140,1.518960,1.519140,0
2019-01-07 23:31:00,1.519150,1.519270,1.519010,1.519180,0
2019-01-07 23:32:00,1.519180,1.519190,1.518960,1.519130,0
2019-01-07 23:33:00,1.519130,1.519220,1.519100,1.519220,0
2019-01-07 23:34:00,1.519220,1.519220,1.519180,1.519180,0
2019-01-07 23:35:00,1.519180,1.519210,1.519170,1.519170,0
2019-01-07 23:36:00,1.519170,1.519180,1.519170,1.519180,0
2019-01-07 23:37:00,1.519180,1.519180,1.518960,1.518970,0
2019-01-07 23:38:00,1.518950,1.518950,1.518930,1.518930,0
2019-01-07 23:39:00,1.518930,1.519110,1.518910,1.519110,0
2019-01-07 23:40:00,1.519110,1.519160,1.519060,1.519060,0
2019-01-07 23:41:00,1.519050,1.519180,1.519050,1.519170,0
2019-01-07 23:42:00,1.519160,1.519220,1.519160,1.519200,0
2019-01-07 23:43:00,1.519190,1.519190,1.519120,1.519190,0
2019-01-07 23:44:00,1.519190,1.519260,1.519170,1.519240,0
2019-01-07 23:45:00,1.519240,1.519260,1.519150,1.519220,0
2019-01-07 23:46:00,1.519220,1.519250,1.519130,1.519130,0
2019-01-07 23:47:00,1.519130,1.519140,1.519030,1.519030,0
2019-01-07 23:48:00,1.519030,1.519100,1.518980,1.519080,0
2019-01-07 23:49:00,1.519090,1.519160,1.519090,1.519150,0
2019-01-07 23:50:00,1.519160,1.519260,1.519160,1.519260,0
2019-01-07 23:51:00,1.519280,1.519280,1.519230,1.519280,0
2019-01-07 23:52:00,1.519290,1.519310,1.519250,1.519290,0
2019-01-07 23:53:00,1.519290,1.519390,1.519270,1.519310,0
2019-01-07 23:54:00,1.519310,1.519320,1.519110,1.519140,0
2019-01-07 23:55:00,1.519120,1.519150,1.519060,1.519060,0
2019-01-07 23:56:00,1.519090,1.519180,1.519060,1.519170,0
2019-01-07 23:57:00,1.519170,1.519260,1.519170,1.519230,0
2019-01-07 23:58:00,1.519230,1.519290,1.519180,1.519180,0
2019-01-07 23:59:00,1.519160,1.519210,1.519040,1.519050,0
2019-01-08 00:00:00,1.519050,1.519090,1.518870,1.518950,0
2019-01-08 00:01:00,1.518930,1.518980,1.518890,1.518970,0
2019-01-08 00:02:00,1.518970,1.519050,1.518800,1.518900,0
2019-01-08 00:03:00,1.518900,1.518930,1.518830,1.518930,0
2019-01-08 00:04:00,1.518930,1.519010,1.518870,1.518930,0
2019-01-08 00:05:00,1.518920,1.519040,1.518900,1.519030,0
2019-01-08 00:06:00,1.519030,1.519200,1.518900,1.519020,0
2019-01-08 00:07:00,1.519030,1.519060,1.518990,1.519020,0
2019-01-08 00:08:00,1.519020,1.519060,1.518970,1.518980,0
2019-01-08 00:09:00,1.518980,1.518980,1.518850,1.518860,0
2019-01-08 00:10:00,1.518830,1.518930,1.518800,1.518920,0
2019-01-08 00:11:00,1.518920,1.519140,1.518860,1.519130,0
2019-01-08 00:12:00,1.519150,1.519230,1.519050,1.519080,0
2019-01-08 00:13:00,1.519070,1.519220,1.519030,1.519200,0
2019-01-08 00:14:00,1.519200,1.519210,1.519160,1.519180,0
2019-01-08 00:15:00,1.519210,1.519330,1.519210,1.519310,0
2019-01-08 00:16:00,1.519320,1.519430,1.519320,1.519400,0
2019-01-08 00:17:00,1.519400,1.519430,1.519370,1.519430,0
2019-01-08 00:18:00,1.519430,1.519450,1.519360,1.519450,0
2019-01-08 00:19:00,1.519450,1.519450,1.519400,1.519410,0
2019-01-08 00:20:00,1.519410,1.519480,1.519350,1.519360,0
2019-01-08 00:21:00,1.519350,1.519420,1.519340,1.519390,0
2019-01-08 00:22:00,1.519390,1.519520,1.519360,1.519410,0
2019-01-08 00:23:00,1.519400,1.519450,1.519270,1.519290,0
2019-01-08 00:24:00,1.519300,1.519580,1.519300,1.519530,0
2019-01-08 00:25:00,1.519530,1.519560,1.519440,1.519530,0
2019-01-08 00:26:00,1.519530,1.519550,1.519430,1.519540,0
2019-01-08 00:27:00,1.519540,1.519540,1.519320,1.519320,0
2019-01-08 00:28:00,1.519320,1.519320,1.519260,1.519280,0
2019-01-08 00:29:00,1.519280,1.519290,1.518870,1.518910,0
2019-01-08 00:30:00,1.518910,1.519030,1.518850,1.518980,0
2019-01-08 00:31:00,1.518980,1.519070,1.518820,1.518900,0
2019-01-08 00:32:00,1.518900,1.519220,1.518900,1.519220,0
2019-01-08 00:33:00,1.519220,1.519220,1.519040,1.519070,0
2019-01-08 00:34:00,1.519120,1.519180,1.519110,1.519170,0
2019-01-08 00:35:00,1.519200,1.519390,1.519180,1.519320,0
2019-01-08 00:36:00,1.519310,1.519400,1.519310,1.519350,0
2019-01-08 00:37:00,1.519360,1.519410,1.519320,1.519400,0
2019-01-08 00:38:00,1.519400,1.519430,1.519390,1.519390,0
2019-01-08 00:39:00,1.519390,1.519480,1.519390,1.519480,0
2019-01-08 00:40:00,1.519480,1.519570,1.519460,1.519550,0
2019-01-08 00:41:00,1.519550,1.519610,1.519470,1.519610,0
2019-01-08 00:42:00,1.519610,1.519640,1.519540,1.519540,0
2019-01-08 00:43:00,1.519540,1.519610,1.519540,1.519590,0
2019-01-08 00:44:00,1.519600,1.519700,1.519560,1.519600,0
2019-01-08 00:45:00,1.519600,1.519620,1.519480,1.519550,0
2019-01-08 00:46:00,1.519550,1.519580,1.519450,1.519560,0
2019-01-08 00:47:00,1.519560,1.519570,1.519470,1.519560,0
2019-01-08 00:48:00,1.519560,1.519590,1.519530,1.519580,0
2019-01-08 00:49:00,1.519560,1.519600,1.519410,1.519430,0
2019-01-08 00:50:00,1.519420,1.519430,1.519370,1.519370,0
2019-01-08 00:51:00,1.519370,1.519480,1.519370,1.519470,0
2019-01-08 00:52:00,1.519470,1.519570,1.519450,1.519500,0
2019-01-08 00:53:00,1.519510,1.519530,1.519390,1.519420,0
2019-01-08 00:54:00,1.519440,1.519540,1.519410,1.519530,0
2019-01-08 00:55:00,1.519540,1.519610,1.519450,1.519560,0
2019-01-08 00:56:00,1.519560,1.519640,1.519520,1.519620,0
2019-01-08 00:57:00,1.519620,1.519670,1.519600,1.519630,0
2019-01-08 00:58:00,1.519630,1.519750,1.519600,1.519750,0
2019-01-08 00:59:00,1.519750,1.519850,1.519720,1.519810,0
2019-01-08 01:00:00,1.519810,1.519850,1.519550,1.519570,0
2019-01-08 01:01:00,1.519570,1.519570,1.519340,1.519390,0
2019-01-08 01:02:00,1.519370,1.519540,1.519340,1.519510,0
2019-01-08 01:03:00,1.519520,1.519580,1.519520,1.519560,0
2019-01-08 01:04:00,1.519570,1.519690,1.519560,1.519620,0
2019-01-08 01:05:00,1.519640,1.519810,1.519610,1.519800,0
2019-01-08 01:06:00,1.519800,1.519900,1.519750,1.519820,0
2019-01-08 01:07:00,1.519820,1.519950,1.519810,1.519950,0
2019-01-08 01:08:00,1.519950,1.519950,1.519600,1.519660,0
2019-01-08 01:09:00,1.519650,1.519650,1.519470,1.519570,0
2019-01-08 01:10:00,1.519570,1.519740,1.519560,1.519670,0
2019-01-08 01:11:00,1.519670,1.519700,1.519620,1.519630,0
2019-01-08 01:12:00,1.519630,1.519960,1.519630,1.519920,0
2019-01-08 01:13:00,1.519930,1.519930,1.519380,1.519390,0
2019-01-08 01:14:00,1.519390,1.519520,1.519380,1.519440,0
2019-01-08 01:15:00,1.519440,1.519690,1.519370,1.519690,0
2019-01-08 01:16:00,1.519710,1.519720,1.519540,1.519710,0
2019-01-08 01:17:00,1.519710,1.519800,1.519630,1.519700,0
2019-01-08 01:18:00,1.519690,1.519770,1.519600,1.519730,0
2019-01-08 01:19:00,1.519750,1.519890,1.519690,1.519870,0
2019-01-08 01:20:00,1.519870,1.520210,1.519840,1.520170,0
2019-01-08 01:21:00,1.520170,1.520170,1.520010,1.520130,0
2019-01-08 01:22:00,1.520160,1.520320,1.520050,1.520050,0
2019-01-08 01:23:00,1.520050,1.520070,1.519640,1.519670,0
2019-01-08 01:24:00,1.519670,1.519750,1.519630,1.519700,0
2019-01-08 01:25:00,1.519710,1.519940,1.519710,1.519920,0
2019-01-08 01:26:00,1.519910,1.519970,1.519850,1.519940,0
2019-01-08 01:27:00,1.519940,1.519940,1.519910,1.519930,0
2019-01-08 01:28:00,1.519940,1.519970,1.519930,1.519930,0
2019-01-08 01:29:00,1.519930,1.519930,1.519920,1.519930,0
2019-01-08 01:30:00,1.519930,1.519930,1.519720,1.519720,0
2019-01-08 01:31:00,1.519680,1.519740,1.519630,1.519740,0
2019-01-08 01:32:00,1.519740,1.519860,1.519720,1.519760,0
2019-01-08 01:33:00,1.519740,1.519800,1.519710,1.519790,0
2019-01-08 01:34:00,1.519800,1.519840,1.519720,1.519820,0
2019-01-08 01:35:00,1.519820,1.519820,1.519590,1.519600,0
2019-01-08 01:36:00,1.519630,1.519650,1.519580,1.519610,0
2019-01-08 01:37:00,1.519610,1.519630,1.519270,1.519300,0
2019-01-08 01:38:00,1.519300,1.519320,1.519250,1.519320,0
2019-01-08 01:39:00,1.519320,1.519340,1.519250,1.519300,0
2019-01-08 01:40:00,1.519280,1.519350,1.519280,1.519340,0
2019-01-08 01:41:00,1.519340,1.519340,1.519230,1.519230,0
2019-01-08 01:42:00,1.519220,1.519260,1.519160,1.519160,0
2019-01-08 01:43:00,1.519160,1.519160,1.519050,1.519100,0
2019-01-08 01:44:00,1.519060,1.519100,1.519040,1.519050,0
2019-01-08 01:45:00,1.519050,1.519110,1.518990,1.519040,0
2019-01-08 01:46:00,1.519040,1.519110,1.519000,1.519110,0
2019-01-08 01:47:00,1.519110,1.519210,1.519110,1.519150,0
2019-01-08 01:48:00,1.519150,1.519700,1.519150,1.519670,0
2019-01-08 01:49:00,1.519670,1.519670,1.519450,1.519450,0
2019-01-08 01:50:00,1.519420,1.519650,1.519410,1.519610,0
2019-01-08 01:51:00,1.519600,1.519710,1.519540,1.519550,0
2019-01-08 01:52:00,1.519550,1.519580,1.519430,1.519550,0
2019-01-08 01:53:00,1.519560,1.519570,1.519470,1.519480,0
2019-01-08 01:54:00,1.519480,1.519570,1.519470,1.519560,0
2019-01-08 01:55:00,1.519560,1.519590,1.519500,1.519540,0
2019-01-08 01:56:00,1.519540,1.519550,1.519460,1.519530,0
2019-01-08 01:57:00,1.519530,1.519530,1.519460,1.519500,0
2019-01-08 01:58:00,1.519460,1.519490,1.519250,1.519250,0
2019-01-08 01:59:00,1.519220,1.519310,1.519170,1.519230,0
2019-01-08 02:00:00,1.519240,1.519380,1.518300,1.518950,0
2019-01-08 02:01:00,1.518940,1.519000,1.518380,1.518470,0
2019-01-08 02:02:00,1.518470,1.518510,1.518110,1.518220,0
2019-01-08 02:03:00,1.518210,1.518660,1.518010,1.518650,0
2019-01-08 02:04:00,1.518650,1.518910,1.518620,1.518650,0
2019-01-08 02:05:00,1.518640,1.518790,1.518560,1.518600,0
2019-01-08 02:06:00,1.518600,1.518750,1.518600,1.518710,0
2019-01-08 02:07:00,1.518710,1.518810,1.518710,1.518740,0
2019-01-08 02:08:00,1.518740,1.518810,1.518660,1.518670,0
2019-01-08 02:09:00,1.518660,1.518720,1.518560,1.518710,0
2019-01-08 02:10:00,1.518710,1.518820,1.518660,1.518820,0
2019-01-08 02:11:00,1.518840,1.519220,1.518820,1.519200,0
2019-01-08 02:12:00,1.519190,1.519200,1.518920,1.518940,0
2019-01-08 02:13:00,1.518940,1.519110,1.518940,1.518970,0
2019-01-08 02:14:00,1.518970,1.518970,1.518890,1.518890,0
2019-01-08 02:15:00,1.518890,1.520010,1.518710,1.519950,0
2019-01-08 02:16:00,1.519950,1.520060,1.519490,1.519650,0
2019-01-08 02:17:00,1.519700,1.520080,1.519610,1.519740,0
2019-01-08 02:18:00,1.519750,1.519780,1.519320,1.519480,0
2019-01-08 02:19:00,1.519440,1.519800,1.519340,1.519530,0
2019-01-08 02:20:00,1.519540,1.519800,1.519530,1.519710,0
2019-01-08 02:21:00,1.519700,1.519740,1.519410,1.519420,0
2019-01-08 02:22:00,1.519430,1.519430,1.518880,1.518910,0
2019-01-08 02:23:00,1.518920,1.519090,1.518650,1.518880,0
2019-01-08 02:24:00,1.518890,1.519140,1.518880,1.519080,0
2019-01-08 02:25:00,1.519080,1.519450,1.519060,1.519410,0
2019-01-08 02:26:00,1.519460,1.519640,1.519300,1.519560,0
2019-01-08 02:27:00,1.519590,1.519640,1.519370,1.519500,0
2019-01-08 02:28:00,1.519500,1.519610,1.519340,1.519540,0
2019-01-08 02:29:00,1.519530,1.519780,1.519530,1.519700,0
2019-01-08 02:30:00,1.519690,1.519790,1.519590,1.519640,0
2019-01-08 02:31:00,1.519630,1.520290,1.519630,1.520130,0
2019-01-08 02:32:00,1.520130,1.520130,1.519840,1.520110,0
2019-01-08 02:33:00,1.520120,1.520180,1.519980,1.520050,0
2019-01-08 02:34:00,1.520080,1.520350,1.520050,1.520350,0
2019-01-08 02:35:00,1.520350,1.520380,1.520220,1.520290,0
2019-01-08 02:36:00,1.520270,1.520410,1.520260,1.520270,0
2019-01-08 02:37:00,1.520250,1.520300,1.519890,1.519890,0
2019-01-08 02:38:00,1.519890,1.520050,1.519830,1.520030,0
2019-01-08 02:39:00,1.520020,1.520040,1.519260,1.519300,0
2019-01-08 02:40:00,1.519290,1.519590,1.519290,1.519500,0
2019-01-08 02:41:00,1.519480,1.519520,1.519340,1.519490,0
2019-01-08 02:42:00,1.519480,1.519480,1.519380,1.519450,0
2019-01-08 02:43:00,1.519430,1.519720,1.519430,1.519590,0
2019-01-08 02:44:00,1.519570,1.519590,1.519320,1.519530,0
2019-01-08 02:45:00,1.519540,1.519540,1.519400,1.519440,0
2019-01-08 02:46:00,1.519420,1.519670,1.519350,1.519670,0
2019-01-08 02:47:00,1.519670,1.519720,1.519340,1.519340,0
2019-01-08 02:48:00,1.519350,1.519560,1.519100,1.519480,0
2019-01-08 02:49:00,1.519510,1.519800,1.519510,1.519750,0
2019-01-08 02:50:00,1.519750,1.519970,1.519680,1.519680,0
2019-01-08 02:51:00,1.519690,1.519830,1.519560,1.519760,0
2019-01-08 02:52:00,1.519760,1.519770,1.519580,1.519590,0
2019-01-08 02:53:00,1.519580,1.519770,1.519580,1.519760,0
2019-01-08 02:54:00,1.519750,1.519820,1.519500,1.519570,0
2019-01-08 02:55:00,1.519620,1.520010,1.519530,1.519990,0
2019-01-08 02:56:00,1.519990,1.519990,1.519580,1.519600,0
2019-01-08 02:57:00,1.519590,1.519930,1.519560,1.519930,0
2019-01-08 02:58:00,1.519960,1.520150,1.519960,1.520100,0
2019-01-08 02:59:00,1.520100,1.520290,1.519960,1.520220,0
2019-01-08 03:00:00,1.520230,1.520950,1.520230,1.520920,0
2019-01-08 03:01:00,1.520930,1.521000,1.520820,1.520870,0
2019-01-08 03:02:00,1.520880,1.521170,1.520810,1.520890,0
2019-01-08 03:03:00,1.520890,1.520890,1.520480,1.520540,0
2019-01-08 03:04:00,1.520550,1.520580,1.519770,1.519950,0
2019-01-08 03:05:00,1.519950,1.519950,1.519610,1.519740,0
2019-01-08 03:06:00,1.519760,1.519870,1.519670,1.519750,0
2019-01-08 03:07:00,1.519760,1.519860,1.519650,1.519700,0
2019-01-08 03:08:00,1.519690,1.519880,1.519680,1.519840,0
2019-01-08 03:09:00,1.519830,1.520550,1.519530,1.520550,0
2019-01-08 03:10:00,1.520550,1.521010,1.520460,1.520770,0
2019-01-08 03:11:00,1.520780,1.520890,1.520480,1.520480,0
2019-01-08 03:12:00,1.520480,1.520550,1.520340,1.520350,0
2019-01-08 03:13:00,1.520350,1.520370,1.520050,1.520070,0
2019-01-08 03:14:00,1.520070,1.520180,1.519600,1.519670,0
2019-01-08 03:15:00,1.519700,1.519720,1.519450,1.519620,0
2019-01-08 03:16:00,1.519630,1.519760,1.519580,1.519700,0
2019-01-08 03:17:00,1.519700,1.519940,1.519630,1.519870,0
2019-01-08 03:18:00,1.519880,1.520010,1.519770,1.519820,0
2019-01-08 03:19:00,1.519820,1.519830,1.519560,1.519710,0
2019-01-08 03:20:00,1.519720,1.519990,1.519720,1.519760,0
2019-01-08 03:21:00,1.519750,1.519780,1.519520,1.519550,0
2019-01-08 03:22:00,1.519550,1.519780,1.519550,1.519740,0
2019-01-08 03:23:00,1.519760,1.519840,1.519680,1.519830,0
2019-01-08 03:24:00,1.519820,1.520080,1.519810,1.520080,0
2019-01-08 03:25:00,1.520070,1.520480,1.520040,1.520480,0
2019-01-08 03:26:00,1.520480,1.520680,1.520450,1.520680,0
2019-01-08 03:27:00,1.520690,1.520880,1.520590,1.520680,0
2019-01-08 03:28:00,1.520680,1.520680,1.520360,1.520670,0
2019-01-08 03:29:00,1.520660,1.520790,1.520570,1.520620,0
2019-01-08 03:30:00,1.520610,1.520680,1.520440,1.520540,0
2019-01-08 03:31:00,1.520540,1.520570,1.520120,1.520570,0
2019-01-08 03:32:00,1.520540,1.520640,1.520460,1.520580,0
2019-01-08 03:33:00,1.520580,1.520590,1.520310,1.520330,0
2019-01-08 03:34:00,1.520330,1.520400,1.520260,1.520280,0
2019-01-08 03:35:00,1.520280,1.520530,1.520270,1.520430,0
2019-01-08 03:36:00,1.520420,1.520540,1.520390,1.520520,0
2019-01-08 03:37:00,1.520520,1.520650,1.520330,1.520580,0
2019-01-08 03:38:00,1.520630,1.520630,1.520400,1.520480,0
2019-01-08 03:39:00,1.520480,1.520600,1.520320,1.520510,0
2019-01-08 03:40:00,1.520500,1.520580,1.520330,1.520440,0
2019-01-08 03:41:00,1.520420,1.520560,1.520360,1.520510,0
2019-01-08 03:42:00,1.520500,1.520500,1.520360,1.520360,0
2019-01-08 03:43:00,1.520360,1.520410,1.520270,1.520400,0
2019-01-08 03:44:00,1.520400,1.520600,1.520390,1.520560,0
2019-01-08 03:45:00,1.520560,1.520850,1.520550,1.520640,0
2019-01-08 03:46:00,1.520650,1.520730,1.520580,1.520620,0
2019-01-08 03:47:00,1.520630,1.520910,1.520630,1.520730,0
2019-01-08 03:48:00,1.520730,1.520830,1.520440,1.520540,0
2019-01-08 03:49:00,1.520540,1.520600,1.520440,1.520480,0
2019-01-08 03:50:00,1.520480,1.520480,1.520320,1.520390,0
2019-01-08 03:51:00,1.520390,1.520390,1.520250,1.520250,0
2019-01-08 03:52:00,1.520260,1.520350,1.519930,1.519980,0
2019-01-08 03:53:00,1.519980,1.519980,1.519800,1.519940,0
2019-01-08 03:54:00,1.519950,1.519980,1.519790,1.519910,0
2019-01-08 03:55:00,1.519910,1.519940,1.519820,1.519840,0
2019-01-08 03:56:00,1.519830,1.519890,1.519730,1.519810,0
2019-01-08 03:57:00,1.519810,1.520170,1.519780,1.520110,0
2019-01-08 03:58:00,1.520110,1.520130,1.519960,1.520030,0
2019-01-08 03:59:00,1.520030,1.520180,1.519980,1.520010,0
2019-01-08 04:00:00,1.520020,1.520040,1.519710,1.519960,0
2019-01-08 04:01:00,1.519970,1.520270,1.519940,1.520170,0
2019-01-08 04:02:00,1.520180,1.520190,1.519820,1.520080,0
2019-01-08 04:03:00,1.520080,1.520210,1.520020,1.520070,0
2019-01-08 04:04:00,1.520070,1.520100,1.519920,1.519930,0
2019-01-08 04:05:00,1.519930,1.520400,1.519930,1.520140,0
2019-01-08 04:06:00,1.520130,1.520230,1.519930,1.520000,0
2019-01-08 04:07:00,1.520010,1.520520,1.519990,1.520470,0
2019-01-08 04:08:00,1.520490,1.520570,1.520420,1.520470,0
2019-01-08 04:09:00,1.520480,1.520520,1.520130,1.520200,0
2019-01-08 04:10:00,1.520200,1.520220,1.520010,1.520060,0
2019-01-08 04:11:00,1.520060,1.520100,1.519810,1.519810,0
2019-01-08 04:12:00,1.519810,1.520000,1.519810,1.520000,0
2019-01-08 04:13:00,1.520010,1.520080,1.519950,1.520050,0
2019-01-08 04:14:00,1.520050,1.520190,1.519930,1.520040,0
2019-01-08 04:15:00,1.520030,1.520090,1.519910,1.520040,0
2019-01-08 04:16:00,1.520040,1.520110,1.520020,1.520080,0
2019-01-08 04:17:00,1.520080,1.520120,1.519680,1.519770,0
2019-01-08 04:18:00,1.519750,1.519810,1.519600,1.519800,0
2019-01-08 04:19:00,1.519800,1.519920,1.519630,1.519920,0
2019-01-08 04:20:00,1.519930,1.520060,1.519910,1.520060,0
2019-01-08 04:21:00,1.520060,1.520060,1.519920,1.520010,0
2019-01-08 04:22:00,1.520010,1.520350,1.519990,1.520310,0
2019-01-08 04:23:00,1.520300,1.520310,1.520050,1.520160,0
2019-01-08 04:24:00,1.520160,1.520160,1.520000,1.520140,0
2019-01-08 04:25:00,1.520140,1.520250,1.520080,1.520210,0
2019-01-08 04:26:00,1.520210,1.520250,1.520100,1.520100,0
2019-01-08 04:27:00,1.520080,1.520150,1.520020,1.520110,0
2019-01-08 04:28:00,1.520120,1.520170,1.520050,1.520100,0
2019-01-08 04:29:00,1.520120,1.520140,1.520040,1.520100,0
2019-01-08 04:30:00,1.520100,1.520630,1.520100,1.520620,0
2019-01-08 04:31:00,1.520630,1.520710,1.520420,1.520420,0
2019-01-08 04:32:00,1.520420,1.520440,1.520310,1.520360,0
2019-01-08 04:33:00,1.520370,1.520460,1.520320,1.520420,0
2019-01-08 04:34:00,1.520410,1.520450,1.520350,1.520420,0
2019-01-08 04:35:00,1.520400,1.520600,1.520400,1.520530,0
2019-01-08 04:36:00,1.520530,1.520640,1.520430,1.520430,0
2019-01-08 04:37:00,1.520430,1.520490,1.520320,1.520490,0
2019-01-08 04:38:00,1.520490,1.520590,1.520380,1.520460,0
2019-01-08 04:39:00,1.520460,1.520470,1.520360,1.520440,0
2019-01-08 04:40:00,1.520440,1.520500,1.520370,1.520470,0
2019-01-08 04:41:00,1.520470,1.520490,1.520380,1.520380,0
2019-01-08 04:42:00,1.520390,1.520530,1.520300,1.520480,0
2019-01-08 04:43:00,1.520480,1.520520,1.520190,1.520250,0
2019-01-08 04:44:00,1.520250,1.520370,1.520040,1.520040,0
2019-01-08 04:45:00,1.520040,1.520280,1.519990,1.520280,0
2019-01-08 04:46:00,1.520290,1.520320,1.520230,1.520280,0
2019-01-08 04:47:00,1.520280,1.520350,1.520260,1.520290,0
2019-01-08 04:48:00,1.520300,1.520500,1.520230,1.520500,0
2019-01-08 04:49:00,1.520500,1.520540,1.520370,1.520370,0
2019-01-08 04:50:00,1.520370,1.520610,1.520340,1.520550,0
2019-01-08 04:51:00,1.520550,1.520590,1.520390,1.520400,0
2019-01-08 04:52:00,1.520380,1.520390,1.520320,1.520380,0
2019-01-08 04:53:00,1.520380,1.520410,1.520210,1.520390,0
2019-01-08 04:54:00,1.520410,1.520430,1.520320,1.520370,0
2019-01-08 04:55:00,1.520380,1.520390,1.520130,1.520230,0
2019-01-08 04:56:00,1.520230,1.520280,1.520020,1.520020,0
2019-01-08 04:57:00,1.520010,1.520150,1.520010,1.520120,0
2019-01-08 04:58:00,1.520130,1.520130,1.520020,1.520060,0
2019-01-08 04:59:00,1.520080,1.520110,1.520020,1.520080,0
2019-01-08 05:00:00,1.520070,1.520070,1.519580,1.519730,0
2019-01-08 05:01:00,1.519720,1.519940,1.519670,1.519760,0
2019-01-08 05:02:00,1.519760,1.519800,1.519500,1.519740,0
2019-01-08 05:03:00,1.519750,1.520070,1.519750,1.520030,0
2019-01-08 05:04:00,1.520040,1.520070,1.519810,1.519930,0
2019-01-08 05:05:00,1.519930,1.519930,1.519570,1.519570,0
2019-01-08 05:06:00,1.519580,1.519580,1.519330,1.519380,0
2019-01-08 05:07:00,1.519350,1.519350,1.518770,1.518850,0
2019-01-08 05:08:00,1.518820,1.518920,1.518550,1.518580,0
2019-01-08 05:09:00,1.518570,1.518680,1.518260,1.518500,0
2019-01-08 05:10:00,1.518520,1.518640,1.518310,1.518580,0
2019-01-08 05:11:00,1.518580,1.518790,1.518320,1.518770,0
2019-01-08 05:12:00,1.518760,1.518860,1.518690,1.518840,0
2019-01-08 05:13:00,1.518830,1.519170,1.518810,1.519120,0
2019-01-08 05:14:00,1.519140,1.519330,1.519110,1.519320,0
2019-01-08 05:15:00,1.519300,1.519400,1.519200,1.519300,0
2019-01-08 05:16:00,1.519310,1.519380,1.519100,1.519230,0
2019-01-08 05:17:00,1.519210,1.519520,1.519090,1.519500,0
2019-01-08 05:18:00,1.519500,1.519520,1.519330,1.519350,0
2019-01-08 05:19:00,1.519360,1.519520,1.519350,1.519510,0
2019-01-08 05:20:00,1.519500,1.519710,1.519410,1.519590,0
2019-01-08 05:21:00,1.519600,1.519720,1.519460,1.519670,0
2019-01-08 05:22:00,1.519690,1.519800,1.519510,1.519710,0
2019-01-08 05:23:00,1.519710,1.519780,1.519440,1.519490,0
2019-01-08 05:24:00,1.519500,1.519580,1.519020,1.519250,0
2019-01-08 05:25:00,1.519250,1.519410,1.519050,1.519050,0
2019-01-08 05:26:00,1.519070,1.519550,1.519070,1.519550,0
2019-01-08 05:27:00,1.519570,1.519690,1.519540,1.519660,0
2019-01-08 05:28:00,1.519660,1.519790,1.519600,1.519630,0
2019-01-08 05:29:00,1.519620,1.519630,1.519470,1.519590,0
2019-01-08 05:30:00,1.519590,1.519680,1.519560,1.519610,0
2019-01-08 05:31:00,1.519620,1.519960,1.519610,1.519930,0
2019-01-08 05:32:00,1.519920,1.520080,1.519840,1.520000,0
2019-01-08 05:33:00,1.520010,1.520130,1.519860,1.519970,0
2019-01-08 05:34:00,1.519960,1.519970,1.519690,1.519760,0
2019-01-08 05:35:00,1.519760,1.519840,1.519510,1.519630,0
2019-01-08 05:36:00,1.519620,1.519700,1.519440,1.519580,0
2019-01-08 05:37:00,1.519580,1.519740,1.519530,1.519720,0
2019-01-08 05:38:00,1.519720,1.519720,1.519540,1.519540,0
2019-01-08 05:39:00,1.519530,1.519630,1.519380,1.519390,0
2019-01-08 05:40:00,1.519390,1.519500,1.519380,1.519390,0
2019-01-08 05:41:00,1.519380,1.519770,1.519360,1.519720,0
2019-01-08 05:42:00,1.519720,1.519780,1.519540,1.519720,0
2019-01-08 05:43:00,1.519720,1.520000,1.519710,1.520000,0
2019-01-08 05:44:00,1.520020,1.520100,1.519670,1.519700,0
2019-01-08 05:45:00,1.519700,1.519710,1.519480,1.519580,0
2019-01-08 05:46:00,1.519610,1.519840,1.519580,1.519790,0
2019-01-08 05:47:00,1.519780,1.519960,1.519780,1.519900,0
2019-01-08 05:48:00,1.519900,1.519930,1.519790,1.519900,0
2019-01-08 05:49:00,1.519900,1.519910,1.519710,1.519850,0
2019-01-08 05:50:00,1.519850,1.519880,1.519810,1.519860,0
2019-01-08 05:51:00,1.519860,1.520050,1.519800,1.520000,0
2019-01-08 05:52:00,1.520000,1.520020,1.519900,1.519900,0
2019-01-08 05:53:00,1.519910,1.519980,1.519740,1.519810,0
2019-01-08 05:54:00,1.519800,1.519850,1.519690,1.519840,0
2019-01-08 05:55:00,1.519840,1.519900,1.519740,1.519800,0
2019-01-08 05:56:00,1.519800,1.519860,1.519700,1.519750,0
2019-01-08 05:57:00,1.519740,1.519760,1.519730,1.519750,0
2019-01-08 05:58:00,1.519750,1.520040,1.519680,1.520040,0
2019-01-08 05:59:00,1.520050,1.520100,1.519920,1.520030,0
2019-01-08 06:00:00,1.520010,1.520080,1.519680,1.519690,0
2019-01-08 06:01:00,1.519710,1.519960,1.519700,1.519850,0
2019-01-08 06:02:00,1.519850,1.519860,1.519740,1.519760,0
2019-01-08 06:03:00,1.519760,1.520090,1.519760,1.520010,0
2019-01-08 06:04:00,1.520010,1.520010,1.519750,1.519830,0
2019-01-08 06:05:00,1.519830,1.519910,1.519800,1.519900,0
2019-01-08 06:06:00,1.519890,1.519910,1.519640,1.519690,0
2019-01-08 06:07:00,1.519700,1.519770,1.519590,1.519740,0
2019-01-08 06:08:00,1.519770,1.519840,1.519690,1.519780,0
2019-01-08 06:09:00,1.519780,1.519780,1.519520,1.519590,0
2019-01-08 06:10:00,1.519600,1.520120,1.519600,1.519990,0
2019-01-08 06:11:00,1.520000,1.520040,1.519940,1.519990,0
2019-01-08 06:12:00,1.519980,1.520040,1.519840,1.519910,0
2019-01-08 06:13:00,1.519900,1.519900,1.519710,1.519820,0
2019-01-08 06:14:00,1.519820,1.519820,1.519660,1.519690,0
2019-01-08 06:15:00,1.519680,1.519890,1.519660,1.519850,0
2019-01-08 06:16:00,1.519850,1.520000,1.519830,1.519890,0
2019-01-08 06:17:00,1.519890,1.520060,1.519890,1.520020,0
2019-01-08 06:18:00,1.520020,1.520040,1.519960,1.520010,0
2019-01-08 06:19:00,1.520000,1.520040,1.519880,1.519930,0
2019-01-08 06:20:00,1.519930,1.519940,1.519850,1.519850,0
2019-01-08 06:21:00,1.519860,1.519940,1.519760,1.519830,0
2019-01-08 06:22:00,1.519870,1.519990,1.519870,1.519970,0
2019-01-08 06:23:00,1.519970,1.520240,1.519900,1.520220,0
2019-01-08 06:24:00,1.520220,1.520360,1.519930,1.520330,0
2019-01-08 06:25:00,1.520330,1.520830,1.520250,1.520730,0
2019-01-08 06:26:00,1.520740,1.520740,1.520500,1.520580,0
2019-01-08 06:27:00,1.520580,1.520760,1.520530,1.520760,0
2019-01-08 06:28:00,1.520760,1.520880,1.520710,1.520740,0
2019-01-08 06:29:00,1.520730,1.520790,1.520680,1.520680,0
2019-01-08 06:30:00,1.520680,1.520730,1.520440,1.520630,0
2019-01-08 06:31:00,1.520630,1.520710,1.520620,1.520620,0
2019-01-08 06:32:00,1.520650,1.520650,1.520390,1.520410,0
2019-01-08 06:33:00,1.520410,1.520410,1.520240,1.520270,0
2019-01-08 06:34:00,1.520270,1.520350,1.520120,1.520330,0
2019-01-08 06:35:00,1.520330,1.520380,1.520150,1.520180,0
2019-01-08 06:36:00,1.520180,1.520410,1.520160,1.520280,0
2019-01-08 06:37:00,1.520280,1.520590,1.520260,1.520300,0
2019-01-08 06:38:00,1.520300,1.520370,1.520180,1.520370,0
2019-01-08 06:39:00,1.520370,1.520440,1.520340,1.520350,0
2019-01-08 06:40:00,1.520340,1.520430,1.520270,1.520280,0
2019-01-08 06:41:00,1.520280,1.520310,1.519860,1.519990,0
2019-01-08 06:42:00,1.520000,1.520000,1.519740,1.519920,0
2019-01-08 06:43:00,1.519940,1.520340,1.519920,1.520320,0
2019-01-08 06:44:00,1.520320,1.520560,1.520320,1.520510,0
2019-01-08 06:45:00,1.520520,1.521000,1.520470,1.521000,0
2019-01-08 06:46:00,1.521000,1.521330,1.520970,1.521160,0
2019-01-08 06:47:00,1.521170,1.521420,1.521130,1.521420,0
2019-01-08 06:48:00,1.521420,1.521580,1.521180,1.521580,0
2019-01-08 06:49:00,1.521560,1.521900,1.521510,1.521830,0
2019-01-08 06:50:00,1.521820,1.521940,1.521700,1.521890,0
2019-01-08 06:51:00,1.521890,1.522130,1.521870,1.522000,0
2019-01-08 06:52:00,1.521990,1.522100,1.521680,1.522030,0
2019-01-08 06:53:00,1.522030,1.522680,1.522030,1.522680,0
2019-01-08 06:54:00,1.522670,1.522890,1.522510,1.522750,0
2019-01-08 06:55:00,1.522760,1.522760,1.522380,1.522380,0
2019-01-08 06:56:00,1.522380,1.522480,1.522320,1.522480,0
2019-01-08 06:57:00,1.522490,1.522490,1.522220,1.522260,0
2019-01-08 06:58:00,1.522260,1.522420,1.522100,1.522340,0
2019-01-08 06:59:00,1.522350,1.522410,1.522250,1.522340,0
2019-01-08 07:00:00,1.522350,1.522350,1.522130,1.522190,0
2019-01-08 07:01:00,1.522190,1.522350,1.522190,1.522290,0
2019-01-08 07:02:00,1.522300,1.522450,1.522290,1.522390,0
2019-01-08 07:03:00,1.522410,1.522610,1.522400,1.522460,0
2019-01-08 07:04:00,1.522470,1.522530,1.522260,1.522280,0
2019-01-08 07:05:00,1.522310,1.522330,1.522150,1.522150,0
2019-01-08 07:06:00,1.522160,1.522170,1.521960,1.521990,0
2019-01-08 07:07:00,1.522000,1.522000,1.521780,1.521810,0
2019-01-08 07:08:00,1.521790,1.522120,1.521790,1.522070,0
2019-01-08 07:09:00,1.522060,1.522080,1.522020,1.522070,0
2019-01-08 07:10:00,1.522050,1.522210,1.522030,1.522190,0
2019-01-08 07:11:00,1.522190,1.522440,1.522180,1.522430,0
2019-01-08 07:12:00,1.522440,1.522760,1.522370,1.522730,0
2019-01-08 07:13:00,1.522730,1.522800,1.522630,1.522660,0
2019-01-08 07:14:00,1.522670,1.522670,1.522520,1.522520,0
2019-01-08 07:15:00,1.522470,1.522540,1.522170,1.522220,0
2019-01-08 07:16:00,1.522240,1.522550,1.522170,1.522490,0
2019-01-08 07:17:00,1.522490,1.522500,1.522200,1.522340,0
2019-01-08 07:18:00,1.522320,1.522380,1.522080,1.522110,0
2019-01-08 07:19:00,1.522070,1.522160,1.521920,1.521920,0
2019-01-08 07:20:00,1.521920,1.521930,1.521660,1.521670,0
2019-01-08 07:21:00,1.521710,1.521920,1.521670,1.521850,0
2019-01-08 07:22:00,1.521850,1.521900,1.521720,1.521900,0
2019-01-08 07:23:00,1.521890,1.522180,1.521880,1.522090,0
2019-01-08 07:24:00,1.522090,1.522140,1.521870,1.521870,0
2019-01-08 07:25:00,1.521880,1.522070,1.521820,1.521950,0
2019-01-08 07:26:00,1.521950,1.522000,1.521780,1.521790,0
2019-01-08 07:27:00,1.521780,1.521850,1.521710,1.521730,0
2019-01-08 07:28:00,1.521730,1.521790,1.521520,1.521540,0
2019-01-08 07:29:00,1.521530,1.521640,1.521460,1.521540,0
2019-01-08 07:30:00,1.521530,1.521570,1.521450,1.521510,0
2019-01-08 07:31:00,1.521500,1.521630,1.521430,1.521540,0
2019-01-08 07:32:00,1.521530,1.521930,1.521430,1.521930,0
2019-01-08 07:33:00,1.521930,1.521990,1.521670,1.521860,0
2019-01-08 07:34:00,1.521870,1.522090,1.521830,1.521840,0
2019-01-08 07:35:00,1.521810,1.521830,1.521670,1.521760,0
2019-01-08 07:36:00,1.521750,1.521840,1.521710,1.521780,0
2019-01-08 07:37:00,1.521790,1.521870,1.521780,1.521850,0
2019-01-08 07:38:00,1.521810,1.522070,1.521780,1.521870,0
2019-01-08 07:39:00,1.521880,1.521900,1.521650,1.521820,0
2019-01-08 07:40:00,1.521830,1.522140,1.521820,1.522060,0
2019-01-08 07:41:00,1.522040,1.522110,1.521900,1.521940,0
2019-01-08 07:42:00,1.521950,1.522000,1.521520,1.521640,0
2019-01-08 07:43:00,1.521640,1.521980,1.521550,1.521900,0
2019-01-08 07:44:00,1.521900,1.522190,1.521900,1.522040,0
2019-01-08 07:45:00,1.522030,1.522060,1.521850,1.521850,0
2019-01-08 07:46:00,1.521850,1.521900,1.521760,1.521830,0
2019-01-08 07:47:00,1.521820,1.521820,1.521520,1.521570,0
2019-01-08 07:48:00,1.521630,1.521630,1.521330,1.521500,0
2019-01-08 07:49:00,1.521510,1.521540,1.521340,1.521360,0
2019-01-08 07:50:00,1.521340,1.521820,1.521320,1.521820,0
2019-01-08 07:51:00,1.521810,1.521950,1.521770,1.521940,0
2019-01-08 07:52:00,1.521950,1.522110,1.521920,1.522040,0
2019-01-08 07:53:00,1.522040,1.522170,1.521910,1.521990,0
2019-01-08 07:54:00,1.521970,1.522040,1.521770,1.521810,0
2019-01-08 07:55:00,1.521810,1.521810,1.521420,1.521420,0
2019-01-08 07:56:00,1.521420,1.521950,1.521400,1.521620,0
2019-01-08 07:57:00,1.521620,1.521940,1.521520,1.521890,0
2019-01-08 07:58:00,1.521900,1.521960,1.521750,1.521860,0
2019-01-08 07:59:00,1.521880,1.521950,1.521580,1.521660,0
2019-01-08 08:00:00,1.521680,1.521910,1.521480,1.521700,0
2019-01-08 08:01:00,1.521700,1.521850,1.521600,1.521760,0
2019-01-08 08:02:00,1.521770,1.522160,1.521740,1.521810,0
2019-01-08 08:03:00,1.521810,1.521840,1.521470,1.521610,0
2019-01-08 08:04:00,1.521600,1.521810,1.521590,1.521790,0
2019-01-08 08:05:00,1.521790,1.522080,1.521740,1.522030,0
2019-01-08 08:06:00,1.522030,1.522030,1.521830,1.521840,0
2019-01-08 08:07:00,1.521900,1.521940,1.521810,1.521840,0
2019-01-08 08:08:00,1.521840,1.521840,1.521310,1.521400,0
2019-01-08 08:09:00,1.521390,1.521390,1.521020,1.521020,0
2019-01-08 08:10:00,1.521030,1.521420,1.521010,1.521380,0
2019-01-08 08:11:00,1.521370,1.521410,1.520940,1.521030,0
2019-01-08 08:12:00,1.521090,1.521100,1.520790,1.520970,0
2019-01-08 08:13:00,1.520970,1.521020,1.520760,1.520950,0
2019-01-08 08:14:00,1.520960,1.521130,1.520930,1.521080,0
2019-01-08 08:15:00,1.521080,1.521080,1.520650,1.520670,0
2019-01-08 08:16:00,1.520680,1.521140,1.520210,1.521020,0
2019-01-08 08:17:00,1.521000,1.521100,1.520770,1.521050,0
2019-01-08 08:18:00,1.521060,1.521440,1.521040,1.521380,0
2019-01-08 08:19:00,1.521400,1.521430,1.520830,1.520830,0
2019-01-08 08:20:00,1.520820,1.521060,1.520740,1.520740,0
2019-01-08 08:21:00,1.520740,1.520910,1.520710,1.520870,0
2019-01-08 08:22:00,1.520850,1.520920,1.520710,1.520720,0
2019-01-08 08:23:00,1.520730,1.520780,1.520570,1.520770,0
2019-01-08 08:24:00,1.520730,1.520760,1.520500,1.520660,0
2019-01-08 08:25:00,1.520660,1.520660,1.520220,1.520250,0
2019-01-08 08:26:00,1.520240,1.520580,1.520220,1.520410,0
2019-01-08 08:27:00,1.520420,1.520890,1.520410,1.520870,0
2019-01-08 08:28:00,1.520870,1.521290,1.520820,1.521200,0
2019-01-08 08:29:00,1.521190,1.521260,1.521000,1.521140,0
2019-01-08 08:30:00,1.521160,1.521170,1.520890,1.520940,0
2019-01-08 08:31:00,1.520950,1.521150,1.520860,1.521140,0
2019-01-08 08:32:00,1.521140,1.521500,1.520970,1.521420,0
2019-01-08 08:33:00,1.521400,1.521630,1.521030,1.521160,0
2019-01-08 08:34:00,1.521160,1.521350,1.521110,1.521180,0
2019-01-08 08:35:00,1.521180,1.521240,1.520880,1.520920,0
2019-01-08 08:36:00,1.520920,1.520950,1.520800,1.520890,0
2019-01-08 08:37:00,1.520880,1.521000,1.520710,1.520790,0
2019-01-08 08:38:00,1.520770,1.520980,1.520530,1.520660,0
2019-01-08 08:39:00,1.520690,1.520780,1.520330,1.520340,0
2019-01-08 08:40:00,1.520350,1.520670,1.520280,1.520620,0
2019-01-08 08:41:00,1.520650,1.520870,1.520510,1.520690,0
2019-01-08 08:42:00,1.520700,1.520720,1.520530,1.520570,0
2019-01-08 08:43:00,1.520580,1.520660,1.520150,1.520230,0
2019-01-08 08:44:00,1.520200,1.520520,1.520170,1.520500,0
2019-01-08 08:45:00,1.520490,1.520490,1.520280,1.520450,0
2019-01-08 08:46:00,1.520440,1.520710,1.520410,1.520670,0
2019-01-08 08:47:00,1.520670,1.521050,1.520660,1.521000,0
2019-01-08 08:48:00,1.521000,1.521060,1.520740,1.520840,0
2019-01-08 08:49:00,1.520840,1.520980,1.520790,1.520800,0
2019-01-08 08:50:00,1.520790,1.520980,1.520240,1.520350,0
2019-01-08 08:51:00,1.520330,1.520410,1.519580,1.519580,0
2019-01-08 08:52:00,1.519560,1.520620,1.519470,1.520150,0
2019-01-08 08:53:00,1.520120,1.520220,1.519870,1.519910,0
2019-01-08 08:54:00,1.519900,1.520100,1.519800,1.519890,0
2019-01-08 08:55:00,1.519890,1.520040,1.519750,1.519990,0
2019-01-08 08:56:00,1.519990,1.520050,1.519760,1.519830,0
2019-01-08 08:57:00,1.519830,1.519960,1.519680,1.519850,0
2019-01-08 08:58:00,1.519830,1.520280,1.519830,1.520250,0
2019-01-08 08:59:00,1.520250,1.520370,1.520060,1.520340,0
2019-01-08 09:00:00,1.520340,1.520450,1.519980,1.520050,0
2019-01-08 09:01:00,1.520040,1.520040,1.519830,1.519840,0
2019-01-08 09:02:00,1.519850,1.520000,1.519520,1.519990,0
2019-01-08 09:03:00,1.519960,1.520080,1.519820,1.519960,0
2019-01-08 09:04:00,1.519950,1.520190,1.519810,1.520070,0
2019-01-08 09:05:00,1.520070,1.520510,1.519960,1.520370,0
2019-01-08 09:06:00,1.520370,1.520370,1.520150,1.520190,0
2019-01-08 09:07:00,1.520180,1.520390,1.520150,1.520350,0
2019-01-08 09:08:00,1.520340,1.520360,1.520080,1.520340,0
2019-01-08 09:09:00,1.520330,1.520350,1.520150,1.520180,0
2019-01-08 09:10:00,1.520170,1.520170,1.520000,1.520040,0
2019-01-08 09:11:00,1.520030,1.520130,1.519910,1.519990,0
2019-01-08 09:12:00,1.519980,1.520050,1.519650,1.519900,0
2019-01-08 09:13:00,1.519900,1.520310,1.519900,1.520300,0
2019-01-08 09:14:00,1.520260,1.520430,1.520260,1.520390,0
2019-01-08 09:15:00,1.520390,1.520500,1.520130,1.520150,0
2019-01-08 09:16:00,1.520140,1.520550,1.520110,1.520550,0
2019-01-08 09:17:00,1.520540,1.520710,1.520320,1.520340,0
2019-01-08 09:18:00,1.520330,1.520430,1.520200,1.520390,0
2019-01-08 09:19:00,1.520380,1.520640,1.520380,1.520530,0
2019-01-08 09:20:00,1.520520,1.520540,1.520400,1.520420,0
2019-01-08 09:21:00,1.520420,1.520450,1.520240,1.520250,0
2019-01-08 09:22:00,1.520250,1.520450,1.520010,1.520450,0
2019-01-08 09:23:00,1.520460,1.520460,1.520200,1.520310,0
2019-01-08 09:24:00,1.520300,1.520370,1.520250,1.520360,0
2019-01-08 09:25:00,1.520360,1.520470,1.520320,1.520420,0
2019-01-08 09:26:00,1.520410,1.520410,1.520170,1.520190,0
2019-01-08 09:27:00,1.520170,1.520370,1.520160,1.520290,0
2019-01-08 09:28:00,1.520300,1.520470,1.520270,1.520390,0
2019-01-08 09:29:00,1.520400,1.520630,1.520400,1.520550,0
2019-01-08 09:30:00,1.520550,1.520610,1.520300,1.520400,0
2019-01-08 09:31:00,1.520390,1.520500,1.520270,1.520310,0
2019-01-08 09:32:00,1.520310,1.520330,1.520100,1.520210,0
2019-01-08 09:33:00,1.520220,1.520240,1.519940,1.520220,0
2019-01-08 09:34:00,1.520210,1.520270,1.520030,1.520090,0
2019-01-08 09:35:00,1.520080,1.520240,1.519930,1.520140,0
2019-01-08 09:36:00,1.520140,1.520210,1.519980,1.519980,0
2019-01-08 09:37:00,1.519980,1.520260,1.519950,1.520160,0
2019-01-08 09:38:00,1.520150,1.520290,1.520020,1.520030,0
2019-01-08 09:39:00,1.520020,1.520540,1.519760,1.520490,0
2019-01-08 09:40:00,1.520540,1.520600,1.520080,1.520320,0
2019-01-08 09:41:00,1.520310,1.520530,1.520130,1.520530,0
2019-01-08 09:42:00,1.520540,1.520690,1.520340,1.520430,0
2019-01-08 09:43:00,1.520430,1.520430,1.520010,1.520030,0
2019-01-08 09:44:00,1.520030,1.520140,1.519800,1.519870,0
2019-01-08 09:45:00,1.519880,1.520050,1.519730,1.519920,0
2019-01-08 09:46:00,1.519910,1.520040,1.519650,1.520040,0
2019-01-08 09:47:00,1.520060,1.520310,1.519930,1.520220,0
2019-01-08 09:48:00,1.520230,1.520230,1.519820,1.519980,0
2019-01-08 09:49:00,1.519980,1.520160,1.519880,1.519930,0
2019-01-08 09:50:00,1.519920,1.520050,1.519860,1.519960,0
2019-01-08 09:51:00,1.519960,1.520450,1.519960,1.520180,0
2019-01-08 09:52:00,1.520170,1.520340,1.520020,1.520250,0
2019-01-08 09:53:00,1.520250,1.520340,1.520110,1.520170,0
2019-01-08 09:54:00,1.520180,1.520360,1.520020,1.520130,0
2019-01-08 09:55:00,1.520140,1.520250,1.519520,1.519530,0
2019-01-08 09:56:00,1.519590,1.520000,1.519430,1.519580,0
2019-01-08 09:57:00,1.519570,1.520160,1.519530,1.520060,0
2019-01-08 09:58:00,1.520050,1.520080,1.519500,1.519700,0
2019-01-08 09:59:00,1.519730,1.519880,1.519500,1.519690,0
2019-01-08 10:00:00,1.519660,1.519890,1.519520,1.519750,0
2019-01-08 10:01:00,1.519750,1.519800,1.519550,1.519650,0
2019-01-08 10:02:00,1.519650,1.519690,1.519390,1.519630,0
2019-01-08 10:03:00,1.519640,1.519880,1.519450,1.519610,0
2019-01-08 10:04:00,1.519620,1.519780,1.519520,1.519680,0
2019-01-08 10:05:00,1.519660,1.519740,1.519440,1.519510,0
2019-01-08 10:06:00,1.519510,1.519590,1.519130,1.519210,0
2019-01-08 10:07:00,1.519210,1.519240,1.518970,1.519110,0
2019-01-08 10:08:00,1.519090,1.519090,1.518560,1.518930,0
2019-01-08 10:09:00,1.518950,1.519090,1.518740,1.518750,0
2019-01-08 10:10:00,1.518750,1.519010,1.518750,1.518950,0
2019-01-08 10:11:00,1.518930,1.519060,1.518770,1.519010,0
2019-01-08 10:12:00,1.519010,1.519090,1.518430,1.518830,0
2019-01-08 10:13:00,1.518820,1.519350,1.518770,1.519280,0
2019-01-08 10:14:00,1.519270,1.520010,1.519270,1.520010,0
2019-01-08 10:15:00,1.519980,1.520080,1.519810,1.520040,0
2019-01-08 10:16:00,1.520050,1.520050,1.519690,1.519700,0
2019-01-08 10:17:00,1.519690,1.520810,1.519590,1.520530,0
2019-01-08 10:18:00,1.520530,1.520930,1.520330,1.520460,0
2019-01-08 10:19:00,1.520450,1.521200,1.520440,1.521190,0
2019-01-08 10:20:00,1.521190,1.521520,1.520990,1.521050,0
2019-01-08 10:21:00,1.521050,1.521210,1.520820,1.520960,0
2019-01-08 10:22:00,1.520960,1.521280,1.520920,1.521180,0
2019-01-08 10:23:00,1.521190,1.521250,1.521060,1.521140,0
2019-01-08 10:24:00,1.521130,1.521360,1.520950,1.521000,0
2019-01-08 10:25:00,1.521010,1.521140,1.520670,1.520710,0
2019-01-08 10:26:00,1.520690,1.520870,1.520520,1.520550,0
2019-01-08 10:27:00,1.520550,1.520710,1.520230,1.520230,0
2019-01-08 10:28:00,1.520230,1.520360,1.519980,1.520220,0
2019-01-08 10:29:00,1.520210,1.520460,1.520010,1.520010,0
2019-01-08 10:30:00,1.519990,1.520220,1.519920,1.520150,0
2019-01-08 10:31:00,1.520140,1.520690,1.520130,1.520690,0
2019-01-08 10:32:00,1.520680,1.520920,1.520580,1.520910,0
2019-01-08 10:33:00,1.520900,1.520960,1.520660,1.520710,0
2019-01-08 10:34:00,1.520700,1.520840,1.520550,1.520740,0
2019-01-08 10:35:00,1.520760,1.520950,1.520610,1.520940,0
2019-01-08 10:36:00,1.520950,1.520950,1.520580,1.520590,0
2019-01-08 10:37:00,1.520580,1.520770,1.520470,1.520760,0
2019-01-08 10:38:00,1.520760,1.520870,1.520600,1.520680,0
2019-01-08 10:39:00,1.520650,1.520870,1.520520,1.520630,0
2019-01-08 10:40:00,1.520620,1.520720,1.520330,1.520440,0
2019-01-08 10:41:00,1.520440,1.521130,1.520420,1.521110,0
2019-01-08 10:42:00,1.521100,1.521110,1.520860,1.520870,0
2019-01-08 10:43:00,1.520890,1.521360,1.520750,1.521210,0
2019-01-08 10:44:00,1.521180,1.521180,1.520340,1.520780,0
2019-01-08 10:45:00,1.520780,1.521160,1.520780,1.520940,0
2019-01-08 10:46:00,1.520960,1.521330,1.520900,1.521080,0
2019-01-08 10:47:00,1.521070,1.521280,1.521000,1.521280,0
2019-01-08 10:48:00,1.521290,1.521480,1.521070,1.521160,0
2019-01-08 10:49:00,1.521130,1.521190,1.520660,1.520690,0
2019-01-08 10:50:00,1.520720,1.520770,1.520370,1.520400,0
2019-01-08 10:51:00,1.520410,1.520750,1.520130,1.520750,0
2019-01-08 10:52:00,1.520740,1.520940,1.520470,1.520930,0
2019-01-08 10:53:00,1.520920,1.521400,1.520880,1.521310,0
2019-01-08 10:54:00,1.521310,1.521310,1.520620,1.520730,0
2019-01-08 10:55:00,1.520700,1.520820,1.520520,1.520550,0
2019-01-08 10:56:00,1.520550,1.520830,1.520460,1.520510,0
2019-01-08 10:57:00,1.520520,1.520700,1.519330,1.519620,0
2019-01-08 10:58:00,1.519620,1.520280,1.519580,1.520120,0
2019-01-08 10:59:00,1.520120,1.520470,1.520030,1.520340,0
2019-01-08 11:00:00,1.520300,1.520740,1.520250,1.520340,0
2019-01-08 11:01:00,1.520360,1.520640,1.520340,1.520390,0
2019-01-08 11:02:00,1.520400,1.520740,1.520250,1.520300,0
2019-01-08 11:03:00,1.520280,1.520320,1.519980,1.519980,0
2019-01-08 11:04:00,1.519980,1.520070,1.519850,1.520010,0
2019-01-08 11:05:00,1.520020,1.520630,1.519970,1.520550,0
2019-01-08 11:06:00,1.520570,1.520880,1.520500,1.520850,0
2019-01-08 11:07:00,1.520840,1.520870,1.520580,1.520720,0
2019-01-08 11:08:00,1.520720,1.520740,1.520490,1.520730,0
2019-01-08 11:09:00,1.520720,1.520940,1.520600,1.520930,0
2019-01-08 11:10:00,1.520950,1.521170,1.520950,1.520970,0
2019-01-08 11:11:00,1.520980,1.521070,1.520850,1.520950,0
2019-01-08 11:12:00,1.520950,1.521550,1.520890,1.521480,0
2019-01-08 11:13:00,1.521490,1.521740,1.521420,1.521740,0
2019-01-08 11:14:00,1.521740,1.521990,1.521590,1.521940,0
2019-01-08 11:15:00,1.521930,1.522010,1.521700,1.521960,0
2019-01-08 11:16:00,1.521960,1.522300,1.521960,1.522260,0
2019-01-08 11:17:00,1.522270,1.522280,1.521510,1.521660,0
2019-01-08 11:18:00,1.521650,1.522010,1.521630,1.521990,0
2019-01-08 11:19:00,1.521980,1.522480,1.521980,1.522350,0
2019-01-08 11:20:00,1.522360,1.522690,1.522340,1.522640,0
2019-01-08 11:21:00,1.522630,1.522850,1.522520,1.522850,0
2019-01-08 11:22:00,1.522840,1.523040,1.522740,1.522840,0
2019-01-08 11:23:00,1.522810,1.522920,1.522580,1.522660,0
2019-01-08 11:24:00,1.522650,1.522700,1.522400,1.522640,0
2019-01-08 11:25:00,1.522630,1.522730,1.522360,1.522360,0
2019-01-08 11:26:00,1.522360,1.522560,1.522320,1.522330,0
2019-01-08 11:27:00,1.522330,1.522470,1.522200,1.522290,0
2019-01-08 11:28:00,1.522290,1.522430,1.522220,1.522340,0
2019-01-08 11:29:00,1.522340,1.522340,1.522110,1.522190,0
2019-01-08 11:30:00,1.522200,1.522440,1.522200,1.522360,0
2019-01-08 11:31:00,1.522330,1.522930,1.522320,1.522860,0
2019-01-08 11:32:00,1.522850,1.523130,1.522840,1.522960,0
2019-01-08 11:33:00,1.522950,1.523100,1.522950,1.523050,0
2019-01-08 11:34:00,1.523040,1.523310,1.522970,1.523260,0
2019-01-08 11:35:00,1.523280,1.523560,1.523280,1.523300,0
2019-01-08 11:36:00,1.523300,1.523540,1.523160,1.523530,0
2019-01-08 11:37:00,1.523520,1.523840,1.523520,1.523720,0
2019-01-08 11:38:00,1.523730,1.524790,1.523730,1.524210,0
2019-01-08 11:39:00,1.524210,1.524230,1.523870,1.523870,0
2019-01-08 11:40:00,1.523880,1.523920,1.523510,1.523510,0
2019-01-08 11:41:00,1.523500,1.523800,1.523470,1.523530,0
2019-01-08 11:42:00,1.523540,1.523590,1.523450,1.523480,0
2019-01-08 11:43:00,1.523490,1.524020,1.523460,1.523840,0
2019-01-08 11:44:00,1.523840,1.524020,1.523840,1.523890,0
2019-01-08 11:45:00,1.523900,1.523940,1.523410,1.523430,0
2019-01-08 11:46:00,1.523430,1.523460,1.522900,1.522900,0
2019-01-08 11:47:00,1.522910,1.523150,1.522730,1.523150,0
2019-01-08 11:48:00,1.523150,1.523320,1.522960,1.522960,0
2019-01-08 11:49:00,1.522960,1.523230,1.522910,1.523020,0
2019-01-08 11:50:00,1.523000,1.523400,1.522930,1.523380,0
2019-01-08 11:51:00,1.523380,1.523760,1.523330,1.523720,0
2019-01-08 11:52:00,1.523700,1.524140,1.523690,1.524060,0
2019-01-08 11:53:00,1.524050,1.524110,1.523810,1.523810,0
2019-01-08 11:54:00,1.523800,1.523950,1.523750,1.523840,0
2019-01-08 11:55:00,1.523810,1.523810,1.523180,1.523180,0
2019-01-08 11:56:00,1.523180,1.523390,1.523050,1.523310,0
2019-01-08 11:57:00,1.523300,1.523360,1.522730,1.523120,0
2019-01-08 11:58:00,1.523130,1.523210,1.522870,1.522870,0
2019-01-08 11:59:00,1.522850,1.522970,1.522720,1.522820,0
2019-01-08 12:00:00,1.522820,1.522910,1.522780,1.522850,0
2019-01-08 12:01:00,1.522840,1.522870,1.522160,1.522200,0
2019-01-08 12:02:00,1.522210,1.522520,1.522210,1.522380,0
2019-01-08 12:03:00,1.522360,1.522360,1.522130,1.522250,0
2019-01-08 12:04:00,1.522260,1.522490,1.522220,1.522290,0
2019-01-08 12:05:00,1.522290,1.522470,1.521760,1.521880,0
2019-01-08 12:06:00,1.521880,1.522070,1.521670,1.522040,0
2019-01-08 12:07:00,1.522060,1.522220,1.521890,1.522080,0
2019-01-08 12:08:00,1.522050,1.522080,1.521790,1.521980,0
2019-01-08 12:09:00,1.521970,1.521970,1.521520,1.521600,0
2019-01-08 12:10:00,1.521610,1.522020,1.521560,1.521870,0
2019-01-08 12:11:00,1.521860,1.522060,1.521660,1.522050,0
2019-01-08 12:12:00,1.522070,1.522480,1.522060,1.522210,0
2019-01-08 12:13:00,1.522220,1.522400,1.522070,1.522340,0
2019-01-08 12:14:00,1.522340,1.522340,1.522080,1.522080,0
2019-01-08 12:15:00,1.522080,1.522150,1.521780,1.521800,0
2019-01-08 12:16:00,1.521790,1.521980,1.521780,1.521780,0
2019-01-08 12:17:00,1.521790,1.522160,1.521740,1.521970,0
2019-01-08 12:18:00,1.521970,1.521970,1.521440,1.521570,0
2019-01-08 12:19:00,1.521570,1.521730,1.521470,1.521660,0
2019-01-08 12:20:00,1.521670,1.521780,1.521630,1.521670,0
2019-01-08 12:21:00,1.521700,1.521720,1.521540,1.521700,0
2019-01-08 12:22:00,1.521670,1.521880,1.521670,1.521760,0
2019-01-08 12:23:00,1.521760,1.521860,1.521760,1.521800,0
2019-01-08 12:24:00,1.521780,1.521870,1.521450,1.521600,0
2019-01-08 12:25:00,1.521610,1.521800,1.521540,1.521720,0
2019-01-08 12:26:00,1.521720,1.521800,1.521480,1.521670,0
2019-01-08 12:27:00,1.521670,1.521750,1.521520,1.521730,0
2019-01-08 12:28:00,1.521730,1.521830,1.521670,1.521720,0
2019-01-08 12:29:00,1.521760,1.522000,1.521670,1.521760,0
2019-01-08 12:30:00,1.521750,1.522150,1.521650,1.522140,0
2019-01-08 12:31:00,1.522160,1.522340,1.522100,1.522320,0
2019-01-08 12:32:00,1.522320,1.522420,1.522150,1.522170,0
2019-01-08 12:33:00,1.522170,1.522260,1.522060,1.522070,0
2019-01-08 12:34:00,1.522080,1.522280,1.522080,1.522260,0
2019-01-08 12:35:00,1.522260,1.522840,1.522260,1.522580,0
2019-01-08 12:36:00,1.522590,1.523070,1.522590,1.522940,0
2019-01-08 12:37:00,1.522940,1.522950,1.522500,1.522520,0
2019-01-08 12:38:00,1.522520,1.522950,1.522520,1.522910,0
2019-01-08 12:39:00,1.522900,1.522990,1.522830,1.522920,0
2019-01-08 12:40:00,1.522940,1.522970,1.522770,1.522900,0
2019-01-08 12:41:00,1.522900,1.523080,1.522830,1.522850,0
2019-01-08 12:42:00,1.522850,1.522930,1.522780,1.522790,0
2019-01-08 12:43:00,1.522790,1.522840,1.522590,1.522590,0
2019-01-08 12:44:00,1.522600,1.522900,1.522550,1.522900,0
2019-01-08 12:45:00,1.522900,1.523010,1.522840,1.522860,0
2019-01-08 12:46:00,1.522870,1.523010,1.522740,1.522980,0
2019-01-08 12:47:00,1.523010,1.523130,1.522840,1.522990,0
2019-01-08 12:48:00,1.522990,1.523210,1.522890,1.523180,0
2019-01-08 12:49:00,1.523180,1.523670,1.523170,1.523660,0
2019-01-08 12:50:00,1.523700,1.523770,1.523580,1.523580,0
2019-01-08 12:51:00,1.523590,1.523770,1.523590,1.523600,0
2019-01-08 12:52:00,1.523620,1.523650,1.523330,1.523360,0
2019-01-08 12:53:00,1.523360,1.523450,1.523310,1.523330,0
2019-01-08 12:54:00,1.523330,1.523410,1.523290,1.523350,0
2019-01-08 12:55:00,1.523320,1.523410,1.523230,1.523330,0
2019-01-08 12:56:00,1.523330,1.523350,1.523220,1.523270,0
2019-01-08 12:57:00,1.523260,1.523310,1.523120,1.523170,0
2019-01-08 12:58:00,1.523190,1.523260,1.522950,1.522960,0
2019-01-08 12:59:00,1.522970,1.523030,1.522810,1.523010,0
2019-01-08 13:00:00,1.523010,1.523220,1.523010,1.523190,0
2019-01-08 13:01:00,1.523190,1.523670,1.523180,1.523180,0
2019-01-08 13:02:00,1.523180,1.523320,1.522740,1.522940,0
2019-01-08 13:03:00,1.522930,1.522970,1.522530,1.522590,0
2019-01-08 13:04:00,1.522590,1.522900,1.522510,1.522890,0
2019-01-08 13:05:00,1.522880,1.523000,1.522790,1.522800,0
2019-01-08 13:06:00,1.522800,1.522800,1.522730,1.522750,0
2019-01-08 13:07:00,1.522740,1.522890,1.522740,1.522850,0
2019-01-08 13:08:00,1.522850,1.523010,1.522840,1.523010,0
2019-01-08 13:09:00,1.523010,1.523070,1.522480,1.522490,0
2019-01-08 13:10:00,1.522480,1.522880,1.522480,1.522830,0
2019-01-08 13:11:00,1.522810,1.523090,1.522780,1.522930,0
2019-01-08 13:12:00,1.522930,1.523000,1.522620,1.522640,0
2019-01-08 13:13:00,1.522640,1.522860,1.522640,1.522800,0
2019-01-08 13:14:00,1.522800,1.522800,1.522570,1.522750,0
2019-01-08 13:15:00,1.522770,1.522790,1.522320,1.522470,0
2019-01-08 13:16:00,1.522470,1.522550,1.522140,1.522430,0
2019-01-08 13:17:00,1.522420,1.522510,1.522330,1.522420,0
2019-01-08 13:18:00,1.522420,1.522640,1.522240,1.522280,0
2019-01-08 13:19:00,1.522280,1.522520,1.522280,1.522460,0
2019-01-08 13:20:00,1.522460,1.522500,1.522300,1.522330,0
2019-01-08 13:21:00,1.522320,1.522320,1.522200,1.522300,0
2019-01-08 13:22:00,1.522300,1.522400,1.522190,1.522230,0
2019-01-08 13:23:00,1.522240,1.522350,1.522160,1.522310,0
2019-01-08 13:24:00,1.522320,1.522450,1.522130,1.522130,0
2019-01-08 13:25:00,1.522120,1.522460,1.522120,1.522320,0
2019-01-08 13:26:00,1.522330,1.522390,1.522200,1.522210,0
2019-01-08 13:27:00,1.522210,1.522370,1.522190,1.522330,0
2019-01-08 13:28:00,1.522330,1.522400,1.522270,1.522350,0
2019-01-08 13:29:00,1.522350,1.522460,1.522190,1.522220,0
2019-01-08 13:30:00,1.522220,1.522260,1.522160,1.522200,0
2019-01-08 13:31:00,1.522200,1.522200,1.521840,1.521970,0
2019-01-08 13:32:00,1.521970,1.522000,1.521860,1.521860,0
2019-01-08 13:33:00,1.521870,1.521970,1.521740,1.521890,0
2019-01-08 13:34:00,1.521860,1.522020,1.521810,1.521820,0
2019-01-08 13:35:00,1.521820,1.521830,1.521570,1.521590,0
2019-01-08 13:36:00,1.521610,1.521620,1.521400,1.521420,0
2019-01-08 13:37:00,1.521420,1.521730,1.521420,1.521710,0
2019-01-08 13:38:00,1.521680,1.521760,1.521650,1.521670,0
2019-01-08 13:39:00,1.521670,1.521720,1.521610,1.521620,0
2019-01-08 13:40:00,1.521630,1.521680,1.521540,1.521680,0
2019-01-08 13:41:00,1.521680,1.521830,1.521640,1.521810,0
2019-01-08 13:42:00,1.521820,1.521840,1.521720,1.521780,0
2019-01-08 13:43:00,1.521800,1.521910,1.521630,1.521890,0
2019-01-08 13:44:00,1.521890,1.522010,1.521850,1.521990,0
2019-01-08 13:45:00,1.522000,1.522200,1.521970,1.522180,0
2019-01-08 13:46:00,1.522180,1.522180,1.521880,1.521900,0
2019-01-08 13:47:00,1.521900,1.521910,1.521800,1.521800,0
2019-01-08 13:48:00,1.521800,1.521830,1.521680,1.521680,0
2019-01-08 13:49:00,1.521680,1.521720,1.521570,1.521570,0
2019-01-08 13:50:00,1.521570,1.521660,1.521500,1.521560,0
2019-01-08 13:51:00,1.521560,1.521780,1.521560,1.521640,0
2019-01-08 13:52:00,1.521660,1.521670,1.521320,1.521450,0
2019-01-08 13:53:00,1.521480,1.521480,1.521280,1.521280,0
2019-01-08 13:54:00,1.521280,1.521290,1.521000,1.521110,0
2019-01-08 13:55:00,1.521110,1.521250,1.521100,1.521200,0
2019-01-08 13:56:00,1.521200,1.521310,1.521080,1.521080,0
2019-01-08 13:57:00,1.521080,1.521080,1.520440,1.520450,0
2019-01-08 13:58:00,1.520450,1.520510,1.520320,1.520490,0
2019-01-08 13:59:00,1.520500,1.520510,1.520220,1.520240,0
2019-01-08 14:00:00,1.520200,1.520550,1.520190,1.520490,0
2019-01-08 14:01:00,1.520480,1.520490,1.520330,1.520330,0
2019-01-08 14:02:00,1.520310,1.520390,1.520140,1.520280,0
2019-01-08 14:03:00,1.520280,1.520330,1.520020,1.520020,0
2019-01-08 14:04:00,1.520030,1.520510,1.520030,1.520500,0
2019-01-08 14:05:00,1.520510,1.520590,1.520340,1.520420,0
2019-01-08 14:06:00,1.520410,1.520570,1.520400,1.520480,0
2019-01-08 14:07:00,1.520480,1.520580,1.520370,1.520560,0
2019-01-08 14:08:00,1.520560,1.520690,1.520450,1.520490,0
2019-01-08 14:09:00,1.520490,1.520620,1.520410,1.520430,0
2019-01-08 14:10:00,1.520420,1.520500,1.520240,1.520320,0
2019-01-08 14:11:00,1.520340,1.520420,1.520300,1.520350,0
2019-01-08 14:12:00,1.520350,1.520390,1.520210,1.520270,0
2019-01-08 14:13:00,1.520260,1.520360,1.520240,1.520240,0
2019-01-08 14:14:00,1.520240,1.520500,1.520240,1.520490,0
2019-01-08 14:15:00,1.520440,1.520500,1.520330,1.520380,0
2019-01-08 14:16:00,1.520380,1.520560,1.520380,1.520490,0
2019-01-08 14:17:00,1.520490,1.520500,1.520220,1.520240,0
2019-01-08 14:18:00,1.520250,1.520360,1.520250,1.520290,0
2019-01-08 14:19:00,1.520310,1.520480,1.520200,1.520230,0
2019-01-08 14:20:00,1.520250,1.520440,1.520220,1.520370,0
2019-01-08 14:21:00,1.520370,1.520490,1.520330,1.520390,0
2019-01-08 14:22:00,1.520390,1.520430,1.520290,1.520330,0
2019-01-08 14:23:00,1.520330,1.520520,1.520270,1.520420,0
2019-01-08 14:24:00,1.520420,1.520510,1.520340,1.520340,0
2019-01-08 14:25:00,1.520340,1.520380,1.520010,1.520010,0
2019-01-08 14:26:00,1.520030,1.520050,1.519850,1.519960,0
2019-01-08 14:27:00,1.519990,1.519990,1.519920,1.519960,0
2019-01-08 14:28:00,1.519970,1.520000,1.519690,1.519710,0
2019-01-08 14:29:00,1.519730,1.519920,1.519640,1.519860,0
2019-01-08 14:30:00,1.519870,1.520140,1.519870,1.520050,0
2019-01-08 14:31:00,1.520050,1.520240,1.519650,1.519650,0
2019-01-08 14:32:00,1.519650,1.520110,1.519650,1.520110,0
2019-01-08 14:33:00,1.520110,1.520130,1.519830,1.519830,0
2019-01-08 14:34:00,1.519830,1.519850,1.519700,1.519700,0
2019-01-08 14:35:00,1.519690,1.519850,1.519560,1.519610,0
2019-01-08 14:36:00,1.519600,1.519600,1.519510,1.519590,0
2019-01-08 14:37:00,1.519600,1.519630,1.519530,1.519570,0
2019-01-08 14:38:00,1.519570,1.519600,1.519460,1.519520,0
2019-01-08 14:39:00,1.519510,1.519510,1.519330,1.519330,0
2019-01-08 14:40:00,1.519330,1.519340,1.519160,1.519160,0
2019-01-08 14:41:00,1.519160,1.519320,1.519160,1.519310,0
2019-01-08 14:42:00,1.519310,1.519380,1.518980,1.519260,0
2019-01-08 14:43:00,1.519250,1.519250,1.518950,1.518980,0
2019-01-08 14:44:00,1.518980,1.519100,1.518970,1.519040,0
2019-01-08 14:45:00,1.519030,1.519110,1.518970,1.519070,0
2019-01-08 14:46:00,1.519090,1.519320,1.519040,1.519270,0
2019-01-08 14:47:00,1.519270,1.519370,1.519020,1.519020,0
2019-01-08 14:48:00,1.519080,1.519090,1.518870,1.518950,0
2019-01-08 14:49:00,1.518960,1.519170,1.518920,1.519160,0
2019-01-08 14:50:00,1.519160,1.519500,1.519150,1.519230,0
2019-01-08 14:51:00,1.519230,1.519330,1.519220,1.519260,0
2019-01-08 14:52:00,1.519250,1.519360,1.519210,1.519230,0
2019-01-08 14:53:00,1.519240,1.519360,1.519140,1.519140,0
2019-01-08 14:54:00,1.519140,1.519220,1.518980,1.519180,0
2019-01-08 14:55:00,1.519170,1.519450,1.519170,1.519450,0
2019-01-08 14:56:00,1.519460,1.519480,1.519390,1.519420,0
2019-01-08 14:57:00,1.519420,1.519540,1.519390,1.519540,0
2019-01-08 14:58:00,1.519540,1.519630,1.519440,1.519510,0
2019-01-08 14:59:00,1.519510,1.519690,1.519470,1.519640,0
2019-01-08 15:00:00,1.519640,1.519670,1.519520,1.519570,0
2019-01-08 15:01:00,1.519570,1.519590,1.519480,1.519580,0
2019-01-08 15:02:00,1.519580,1.519580,1.519360,1.519360,0
2019-01-08 15:03:00,1.519360,1.519470,1.519300,1.519430,0
2019-01-08 15:04:00,1.519420,1.519510,1.519310,1.519320,0
2019-01-08 15:05:00,1.519310,1.519410,1.519250,1.519270,0
2019-01-08 15:06:00,1.519270,1.519290,1.519050,1.519050,0
2019-01-08 15:07:00,1.519060,1.519400,1.519050,1.519390,0
2019-01-08 15:08:00,1.519400,1.519660,1.519360,1.519510,0
2019-01-08 15:09:00,1.519520,1.519580,1.519500,1.519510,0
2019-01-08 15:10:00,1.519520,1.519530,1.519450,1.519450,0
2019-01-08 15:11:00,1.519450,1.519460,1.519270,1.519330,0
2019-01-08 15:12:00,1.519330,1.519390,1.519260,1.519270,0
2019-01-08 15:13:00,1.519280,1.519390,1.519210,1.519240,0
2019-01-08 15:14:00,1.519240,1.519290,1.519150,1.519150,0
2019-01-08 15:15:00,1.519150,1.519270,1.519140,1.519270,0
2019-01-08 15:16:00,1.519270,1.519270,1.519040,1.519040,0
2019-01-08 15:17:00,1.519040,1.519090,1.518960,1.518990,0
2019-01-08 15:18:00,1.518980,1.519150,1.518980,1.519130,0
2019-01-08 15:19:00,1.519140,1.519190,1.518800,1.518830,0
2019-01-08 15:20:00,1.518830,1.518840,1.518730,1.518790,0
2019-01-08 15:21:00,1.518790,1.518930,1.518690,1.518800,0
2019-01-08 15:22:00,1.518860,1.518980,1.518790,1.518940,0
2019-01-08 15:23:00,1.518940,1.518940,1.518770,1.518790,0
2019-01-08 15:24:00,1.518790,1.518790,1.518650,1.518720,0
2019-01-08 15:25:00,1.518730,1.518880,1.518700,1.518790,0
2019-01-08 15:26:00,1.518790,1.518900,1.518780,1.518850,0
2019-01-08 15:27:00,1.518840,1.518910,1.518770,1.518900,0
2019-01-08 15:28:00,1.518900,1.518950,1.518850,1.518910,0
2019-01-08 15:29:00,1.518900,1.518930,1.518730,1.518730,0
2019-01-08 15:30:00,1.518730,1.518730,1.518540,1.518610,0
2019-01-08 15:31:00,1.518620,1.518640,1.518580,1.518580,0
2019-01-08 15:32:00,1.518580,1.518690,1.518580,1.518630,0
2019-01-08 15:33:00,1.518630,1.518640,1.518470,1.518470,0
2019-01-08 15:34:00,1.518450,1.518530,1.518350,1.518350,0
2019-01-08 15:35:00,1.518350,1.518440,1.518330,1.518420,0
2019-01-08 15:36:00,1.518370,1.518680,1.518330,1.518670,0
2019-01-08 15:37:00,1.518670,1.518670,1.518540,1.518640,0
2019-01-08 15:38:00,1.518650,1.518810,1.518640,1.518750,0
2019-01-08 15:39:00,1.518750,1.518750,1.518610,1.518610,0
2019-01-08 15:40:00,1.518610,1.518670,1.518610,1.518640,0
2019-01-08 15:41:00,1.518650,1.518760,1.518610,1.518660,0
2019-01-08 15:42:00,1.518660,1.518710,1.518570,1.518650,0
2019-01-08 15:43:00,1.518650,1.518720,1.518600,1.518630,0
2019-01-08 15:44:00,1.518620,1.518650,1.518510,1.518540,0
2019-01-08 15:45:00,1.518560,1.518580,1.518510,1.518570,0
2019-01-08 15:46:00,1.518570,1.518580,1.518540,1.518560,0
2019-01-08 15:47:00,1.518550,1.518660,1.518540,1.518560,0
2019-01-08 15:48:00,1.518560,1.518570,1.518490,1.518560,0
2019-01-08 15:49:00,1.518550,1.518600,1.518540,1.518560,0
2019-01-08 15:50:00,1.518570,1.518620,1.518550,1.518600,0
2019-01-08 15:51:00,1.518600,1.518600,1.518460,1.518510,0
2019-01-08 15:52:00,1.518520,1.518540,1.518450,1.518490,0
2019-01-08 15:53:00,1.518480,1.518560,1.518450,1.518490,0
2019-01-08 15:54:00,1.518490,1.518520,1.518370,1.518420,0
2019-01-08 15:55:00,1.518390,1.518460,1.518360,1.518380,0
2019-01-08 15:56:00,1.518380,1.518460,1.518380,1.518460,0
2019-01-08 15:57:00,1.518460,1.518690,1.518380,1.518630,0
2019-01-08 15:58:00,1.518630,1.518680,1.518520,1.518640,0
2019-01-08 15:59:00,1.518650,1.518860,1.518590,1.518770,0
2019-01-08 16:00:00,1.518800,1.519090,1.518790,1.519050,0
2019-01-08 16:01:00,1.519030,1.519110,1.519010,1.519050,0
2019-01-08 16:02:00,1.519030,1.519070,1.518970,1.519040,0
2019-01-08 16:03:00,1.519040,1.519080,1.518980,1.519010,0
2019-01-08 16:04:00,1.519050,1.519150,1.518980,1.519110,0
2019-01-08 16:05:00,1.519110,1.519110,1.518910,1.518910,0
2019-01-08 16:06:00,1.518950,1.518950,1.518900,1.518910,0
2019-01-08 16:07:00,1.518930,1.518930,1.518870,1.518880,0
2019-01-08 16:08:00,1.518880,1.518890,1.518690,1.518690,0
2019-01-08 16:09:00,1.518630,1.518650,1.518600,1.518610,0
2019-01-08 16:10:00,1.518610,1.518610,1.518560,1.518570,0
2019-01-08 16:11:00,1.518580,1.518580,1.518490,1.518500,0
2019-01-08 16:12:00,1.518490,1.518580,1.518490,1.518580,0
2019-01-08 16:13:00,1.518580,1.518580,1.518440,1.518490,0
2019-01-08 16:14:00,1.518490,1.518640,1.518440,1.518630,0
2019-01-08 16:15:00,1.518630,1.518690,1.518620,1.518680,0
2019-01-08 16:16:00,1.518690,1.518730,1.518650,1.518680,0
2019-01-08 16:17:00,1.518670,1.518700,1.518670,1.518700,0
2019-01-08 16:18:00,1.518690,1.518730,1.518680,1.518720,0
2019-01-08 16:19:00,1.518730,1.518830,1.518710,1.518830,0
2019-01-08 16:20:00,1.518820,1.518850,1.518740,1.518740,0
2019-01-08 16:21:00,1.518740,1.518750,1.518610,1.518680,0
2019-01-08 16:22:00,1.518680,1.518730,1.518680,1.518710,0
2019-01-08 16:23:00,1.518700,1.518750,1.518500,1.518570,0
2019-01-08 16:24:00,1.518570,1.518570,1.518500,1.518570,0
2019-01-08 16:25:00,1.518570,1.518750,1.518570,1.518740,0
2019-01-08 16:26:00,1.518740,1.518910,1.518740,1.518910,0
2019-01-08 16:27:00,1.518890,1.519100,1.518820,1.519060,0
2019-01-08 16:28:00,1.519070,1.519110,1.519070,1.519110,0
2019-01-08 16:29:00,1.519110,1.519270,1.519100,1.519190,0
2019-01-08 16:30:00,1.519190,1.519230,1.519140,1.519140,0
2019-01-08 16:31:00,1.519120,1.519150,1.519060,1.519070,0
2019-01-08 16:32:00,1.519060,1.519140,1.519060,1.519100,0
2019-01-08 16:33:00,1.519100,1.519100,1.518960,1.519000,0
2019-01-08 16:34:00,1.519000,1.519080,1.518910,1.518980,0
2019-01-08 16:35:00,1.518980,1.519010,1.518960,1.518990,0
2019-01-08 16:36:00,1.518990,1.519020,1.518940,1.518990,0
2019-01-08 16:37:00,1.518990,1.519060,1.518940,1.518990,0
2019-01-08 16:38:00,1.519020,1.519110,1.518930,1.519070,0
2019-01-08 16:39:00,1.519060,1.519270,1.519060,1.519160,0
2019-01-08 16:40:00,1.519150,1.519270,1.519140,1.519160,0
2019-01-08 16:41:00,1.519160,1.519160,1.519040,1.519080,0
2019-01-08 16:42:00,1.519050,1.519210,1.519050,1.519210,0
2019-01-08 16:43:00,1.519210,1.519240,1.519180,1.519240,0
2019-01-08 16:44:00,1.519240,1.519240,1.519200,1.519230,0
2019-01-08 16:45:00,1.519230,1.519250,1.519200,1.519220,0
2019-01-08 16:46:00,1.519200,1.519240,1.519120,1.519120,0
2019-01-08 16:47:00,1.519120,1.519210,1.519000,1.519010,0
2019-01-08 16:48:00,1.519010,1.519020,1.518900,1.518900,0
2019-01-08 16:49:00,1.518880,1.518920,1.518830,1.518840,0
2019-01-08 16:50:00,1.518850,1.518910,1.518690,1.518870,0
2019-01-08 16:51:00,1.518860,1.518970,1.518860,1.518960,0
2019-01-08 16:52:00,1.518970,1.518980,1.518870,1.518900,0
2019-01-08 16:53:00,1.518890,1.518950,1.518590,1.518590,0
2019-01-08 16:54:00,1.518590,1.518690,1.518520,1.518670,0
2019-01-08 16:55:00,1.518650,1.518850,1.518490,1.518510,0
2019-01-08 16:56:00,1.518520,1.518630,1.518460,1.518510,0
2019-01-08 16:57:00,1.518510,1.518610,1.518470,1.518570,0
2019-01-08 16:58:00,1.518560,1.518670,1.518390,1.518550,0
2019-01-08 16:59:00,1.518570,1.518670,1.518320,1.518380,0
2019-01-08 17:00:00,1.518290,1.518790,1.518290,1.518530,0
2019-01-08 17:01:00,1.518530,1.518530,1.518490,1.518490,0
2019-01-08 17:02:00,1.518470,1.518600,1.518470,1.518600,0
2019-01-08 17:03:00,1.518590,1.518670,1.518540,1.518670,0
2019-01-08 17:04:00,1.518640,1.518670,1.518640,1.518650,0
2019-01-08 17:05:00,1.518640,1.518750,1.518640,1.518730,0
2019-01-08 17:06:00,1.518730,1.518740,1.518710,1.518740,0
2019-01-08 17:07:00,1.518740,1.518740,1.518620,1.518620,0
2019-01-08 17:08:00,1.518620,1.518640,1.518520,1.518520,0
2019-01-08 17:09:00,1.518520,1.518630,1.518520,1.518560,0
2019-01-08 17:10:00,1.518560,1.518640,1.518560,1.518620,0
2019-01-08 17:11:00,1.518630,1.518850,1.518600,1.518740,0
2019-01-08 17:12:00,1.518740,1.518800,1.518740,1.518800,0
2019-01-08 17:13:00,1.518790,1.519220,1.518790,1.519030,0
2019-01-08 17:14:00,1.519030,1.519250,1.518700,1.518720,0
2019-01-08 17:15:00,1.518780,1.518790,1.518600,1.518610,0
2019-01-08 17:16:00,1.518620,1.518640,1.518600,1.518640,0
2019-01-08 17:17:00,1.518640,1.518640,1.518630,1.518630,0
2019-01-08 17:18:00,1.518630,1.518630,1.518630,1.518630,0
2019-01-08 17:19:00,1.518630,1.518640,1.518630,1.518630,0
2019-01-08 17:20:00,1.518630,1.518650,1.518630,1.518630,0
2019-01-08 17:21:00,1.518630,1.518630,1.518630,1.518630,0
2019-01-08 17:22:00,1.518630,1.518630,1.518630,1.518630,0
2019-01-08 17:23:00,1.518630,1.518640,1.518630,1.518630,0
2019-01-08 17:24:00,1.518640,1.518640,1.518630,1.518630,0
2019-01-08 17:25:00,1.518630,1.519030,1.518630,1.518630,0
2019-01-08 17:26:00,1.518630,1.518980,1.518630,1.518930,0
2019-01-08 17:27:00,1.518920,1.518930,1.518630,1.518630,0
2019-01-08 17:28:00,1.518920,1.518980,1.518630,1.518980,0
2019-01-08 17:29:00,1.518970,1.518990,1.518630,1.518630,0
2019-01-08 17:30:00,1.518630,1.518630,1.518630,1.518630,0
2019-01-08 17:31:00,1.518630,1.518630,1.518630,1.518630,0
2019-01-08 17:32:00,1.518630,1.518630,1.518630,1.518630,0
2019-01-08 17:33:00,1.518630,1.518630,1.518630,1.518630,0
2019-01-08 17:34:00,1.518630,1.518630,1.518630,1.518630,0
2019-01-08 17:35:00,1.518630,1.518660,1.518630,1.518630,0
2019-01-08 17:36:00,1.518630,1.518630,1.518630,1.518630,0
2019-01-08 17:37:00,1.518630,1.518630,1.518630,1.518630,0
2019-01-08 17:38:00,1.518630,1.518740,1.518610,1.518620,0
2019-01-08 17:39:00,1.518630,1.518890,1.518630,1.518640,0
2019-01-08 17:40:00,1.518640,1.518640,1.518500,1.518510,0
2019-01-08 17:41:00,1.518480,1.518480,1.518160,1.518400,0
2019-01-08 17:42:00,1.518420,1.518430,1.518180,1.518190,0
2019-01-08 17:43:00,1.518190,1.518640,1.518180,1.518630,0
2019-01-08 17:44:00,1.518650,1.518690,1.518400,1.518410,0
2019-01-08 17:45:00,1.518400,1.518440,1.518250,1.518250,0
2019-01-08 17:46:00,1.518280,1.518370,1.518250,1.518360,0
2019-01-08 17:47:00,1.518340,1.518550,1.518290,1.518540,0
2019-01-08 17:48:00,1.518530,1.518590,1.518510,1.518540,0
2019-01-08 17:49:00,1.518540,1.518590,1.518540,1.518590,0
2019-01-08 17:50:00,1.518590,1.518590,1.518510,1.518550,0
2019-01-08 17:51:00,1.518540,1.518650,1.518530,1.518650,0
2019-01-08 17:52:00,1.518650,1.518720,1.518570,1.518690,0
2019-01-08 17:53:00,1.518710,1.518750,1.518660,1.518750,0
2019-01-08 17:54:00,1.518760,1.518960,1.518750,1.518910,0
2019-01-08 17:55:00,1.518860,1.518930,1.518710,1.518710,0
2019-01-08 17:56:00,1.518710,1.518710,1.518710,1.518710,0
2019-01-08 17:57:00,1.518710,1.518710,1.518710,1.518710,0
2019-01-08 17:58:00,1.518710,1.518720,1.518540,1.518710,0
2019-01-08 17:59:00,1.518710,1.518710,1.518440,1.518450,0
2019-01-08 18:00:00,1.518460,1.518620,1.518420,1.518540,0
2019-01-08 18:01:00,1.518540,1.518560,1.518460,1.518550,0
2019-01-08 18:02:00,1.518510,1.518680,1.518510,1.518580,0
2019-01-08 18:03:00,1.518580,1.518620,1.518560,1.518560,0
2019-01-08 18:04:00,1.518530,1.518620,1.518500,1.518590,0
2019-01-08 18:05:00,1.518580,1.518650,1.518560,1.518590,0
2019-01-08 18:06:00,1.518590,1.518630,1.518560,1.518560,0
2019-01-08 18:07:00,1.518560,1.518670,1.518530,1.518670,0
2019-01-08 18:08:00,1.518670,1.518730,1.518660,1.518720,0
2019-01-08 18:09:00,1.518720,1.518760,1.518680,1.518680,0
2019-01-08 18:10:00,1.518690,1.518710,1.518630,1.518680,0
2019-01-08 18:11:00,1.518670,1.518760,1.518630,1.518740,0
2019-01-08 18:12:00,1.518720,1.518730,1.518680,1.518720,0
2019-01-08 18:13:00,1.518730,1.518840,1.518730,1.518800,0
2019-01-08 18:14:00,1.518810,1.518810,1.518730,1.518760,0
2019-01-08 18:15:00,1.518760,1.518760,1.518580,1.518630,0
2019-01-08 18:16:00,1.518640,1.518680,1.518610,1.518670,0
2019-01-08 18:17:00,1.518660,1.518670,1.518640,1.518670,0
2019-01-08 18:18:00,1.518650,1.518790,1.518640,1.518780,0
2019-01-08 18:19:00,1.518790,1.518830,1.518760,1.518760,0
2019-01-08 18:20:00,1.518760,1.518810,1.518730,1.518780,0
2019-01-08 18:21:00,1.518790,1.518790,1.518750,1.518750,0
2019-01-08 18:22:00,1.518760,1.518770,1.518750,1.518760,0
2019-01-08 18:23:00,1.518760,1.518830,1.518750,1.518790,0
2019-01-08 18:24:00,1.518790,1.518850,1.518780,1.518800,0
2019-01-08 18:25:00,1.518800,1.518940,1.518770,1.518880,0
2019-01-08 18:26:00,1.518880,1.518970,1.518850,1.518850,0
2019-01-08 18:27:00,1.518850,1.518970,1.518830,1.518910,0
2019-01-08 18:28:00,1.518900,1.518900,1.518850,1.518850,0
2019-01-08 18:29:00,1.518850,1.518900,1.518850,1.518890,0
2019-01-08 18:30:00,1.518870,1.518910,1.518830,1.518850,0
2019-01-08 18:31:00,1.518860,1.518860,1.518780,1.518790,0
2019-01-08 18:32:00,1.518800,1.518870,1.518780,1.518830,0
2019-01-08 18:33:00,1.518840,1.518850,1.518790,1.518810,0
2019-01-08 18:34:00,1.518810,1.518830,1.518740,1.518760,0
2019-01-08 18:35:00,1.518760,1.518760,1.518700,1.518720,0
2019-01-08 18:36:00,1.518730,1.518750,1.518690,1.518720,0
2019-01-08 18:37:00,1.518710,1.518710,1.518410,1.518450,0
2019-01-08 18:38:00,1.518430,1.518560,1.518390,1.518420,0
2019-01-08 18:39:00,1.518420,1.518420,1.518280,1.518280,0
2019-01-08 18:40:00,1.518300,1.518340,1.518270,1.518300,0
2019-01-08 18:41:00,1.518300,1.518470,1.518260,1.518460,0
2019-01-08 18:42:00,1.518470,1.518490,1.518470,1.518490,0
2019-01-08 18:43:00,1.518490,1.518680,1.518480,1.518530,0
2019-01-08 18:44:00,1.518490,1.518510,1.518360,1.518470,0
2019-01-08 18:45:00,1.518460,1.518460,1.518240,1.518300,0
2019-01-08 18:46:00,1.518290,1.518330,1.518210,1.518230,0
2019-01-08 18:47:00,1.518220,1.518280,1.518220,1.518280,0
2019-01-08 18:48:00,1.518300,1.518340,1.518290,1.518320,0
2019-01-08 18:49:00,1.518320,1.518360,1.518300,1.518340,0
2019-01-08 18:50:00,1.518340,1.518340,1.518230,1.518230,0
2019-01-08 18:51:00,1.518230,1.518240,1.518160,1.518160,0
2019-01-08 18:52:00,1.518160,1.518200,1.517980,1.518130,0
2019-01-08 18:53:00,1.518130,1.518170,1.518080,1.518140,0
2019-01-08 18:54:00,1.518170,1.518370,1.518130,1.518330,0
2019-01-08 18:55:00,1.518330,1.518400,1.517830,1.517850,0
2019-01-08 18:56:00,1.517850,1.518020,1.517270,1.517340,0
2019-01-08 18:57:00,1.517380,1.517550,1.517160,1.517250,0
2019-01-08 18:58:00,1.517280,1.517860,1.517270,1.517630,0
2019-01-08 18:59:00,1.517610,1.517700,1.517250,1.517420,0
2019-01-08 19:00:00,1.517430,1.517800,1.517360,1.517480,0
2019-01-08 19:01:00,1.517490,1.517910,1.517490,1.517910,0
2019-01-08 19:02:00,1.517910,1.517970,1.517800,1.517940,0
2019-01-08 19:03:00,1.517950,1.517950,1.517690,1.517760,0
2019-01-08 19:04:00,1.517760,1.517850,1.517760,1.517830,0
2019-01-08 19:05:00,1.517820,1.518330,1.517820,1.518070,0
2019-01-08 19:06:00,1.518090,1.518500,1.518040,1.518500,0
2019-01-08 19:07:00,1.518490,1.518730,1.518490,1.518600,0
2019-01-08 19:08:00,1.518600,1.518610,1.518370,1.518390,0
2019-01-08 19:09:00,1.518380,1.518480,1.518370,1.518430,0
2019-01-08 19:10:00,1.518430,1.518540,1.518410,1.518500,0
2019-01-08 19:11:00,1.518500,1.518540,1.518210,1.518210,0
2019-01-08 19:12:00,1.518230,1.518230,1.517770,1.517890,0
2019-01-08 19:13:00,1.517900,1.518280,1.517760,1.518280,0
2019-01-08 19:14:00,1.518250,1.518470,1.518250,1.518380,0
2019-01-08 19:15:00,1.518380,1.518410,1.518260,1.518330,0
2019-01-08 19:16:00,1.518340,1.518350,1.518170,1.518170,0
2019-01-08 19:17:00,1.518170,1.518180,1.518070,1.518080,0
2019-01-08 19:18:00,1.518070,1.518220,1.518040,1.518170,0
2019-01-08 19:19:00,1.518170,1.518170,1.518090,1.518100,0
2019-01-08 19:20:00,1.518100,1.518110,1.517960,1.518080,0
2019-01-08 19:21:00,1.518080,1.518250,1.517940,1.518000,0
2019-01-08 19:22:00,1.517990,1.518020,1.517880,1.517890,0
2019-01-08 19:23:00,1.517880,1.518110,1.517880,1.518100,0
2019-01-08 19:24:00,1.518100,1.518100,1.517950,1.518060,0
2019-01-08 19:25:00,1.518060,1.518080,1.517850,1.517900,0
2019-01-08 19:26:00,1.517900,1.517960,1.517820,1.517950,0
2019-01-08 19:27:00,1.517940,1.517950,1.517820,1.517860,0
2019-01-08 19:28:00,1.517860,1.518020,1.517810,1.517990,0
2019-01-08 19:29:00,1.517990,1.518010,1.517800,1.517920,0
2019-01-08 19:30:00,1.517920,1.518130,1.517910,1.517990,0
2019-01-08 19:31:00,1.517980,1.518140,1.517830,1.517850,0
2019-01-08 19:32:00,1.517860,1.518010,1.517850,1.517920,0
2019-01-08 19:33:00,1.517920,1.517940,1.517880,1.517910,0
2019-01-08 19:34:00,1.517940,1.518000,1.517660,1.517830,0
2019-01-08 19:35:00,1.517810,1.517830,1.517730,1.517810,0
2019-01-08 19:36:00,1.517810,1.517810,1.517730,1.517740,0
2019-01-08 19:37:00,1.517740,1.517990,1.517720,1.517820,0
2019-01-08 19:38:00,1.517820,1.517870,1.517660,1.517740,0
2019-01-08 19:39:00,1.517760,1.517880,1.517760,1.517830,0
2019-01-08 19:40:00,1.517830,1.517840,1.517670,1.517740,0
2019-01-08 19:41:00,1.517740,1.517810,1.517730,1.517800,0
2019-01-08 19:42:00,1.517800,1.517830,1.517770,1.517790,0
2019-01-08 19:43:00,1.517780,1.517780,1.517630,1.517670,0
2019-01-08 19:44:00,1.517670,1.517740,1.517670,1.517670,0
2019-01-08 19:45:00,1.517670,1.517740,1.517650,1.517650,0
2019-01-08 19:46:00,1.517650,1.517700,1.517640,1.517670,0
2019-01-08 19:47:00,1.517690,1.517740,1.517680,1.517740,0
2019-01-08 19:48:00,1.517740,1.517760,1.517600,1.517650,0
2019-01-08 19:49:00,1.517650,1.517660,1.517550,1.517590,0
2019-01-08 19:50:00,1.517560,1.517570,1.517520,1.517530,0
2019-01-08 19:51:00,1.517560,1.517590,1.517490,1.517530,0
2019-01-08 19:52:00,1.517530,1.517590,1.517530,1.517560,0
2019-01-08 19:53:00,1.517560,1.517730,1.517560,1.517720,0
2019-01-08 19:54:00,1.517730,1.517950,1.517690,1.517920,0
2019-01-08 19:55:00,1.517800,1.517840,1.517710,1.517760,0
2019-01-08 19:56:00,1.517760,1.517940,1.517710,1.517920,0
2019-01-08 19:57:00,1.517910,1.518070,1.517890,1.518020,0
2019-01-08 19:58:00,1.517990,1.518100,1.517990,1.518100,0
2019-01-08 19:59:00,1.518100,1.518210,1.518070,1.518190,0
2019-01-08 20:00:00,1.518190,1.518370,1.518080,1.518220,0
2019-01-08 20:01:00,1.518220,1.518340,1.518150,1.518330,0
2019-01-08 20:02:00,1.518330,1.518350,1.518110,1.518110,0
2019-01-08 20:03:00,1.518110,1.518230,1.518090,1.518130,0
2019-01-08 20:04:00,1.518130,1.518200,1.518090,1.518200,0
2019-01-08 20:05:00,1.518190,1.518250,1.518140,1.518190,0
2019-01-08 20:06:00,1.518170,1.518310,1.518130,1.518290,0
2019-01-08 20:07:00,1.518260,1.518310,1.517970,1.517970,0
2019-01-08 20:08:00,1.517960,1.517970,1.517850,1.517870,0
2019-01-08 20:09:00,1.517870,1.517910,1.517770,1.517800,0
2019-01-08 20:10:00,1.517800,1.517820,1.517770,1.517770,0
2019-01-08 20:11:00,1.517770,1.517810,1.517690,1.517810,0
2019-01-08 20:12:00,1.517810,1.517820,1.517760,1.517790,0
2019-01-08 20:13:00,1.517780,1.517840,1.517640,1.517700,0
2019-01-08 20:14:00,1.517690,1.517690,1.517530,1.517690,0
2019-01-08 20:15:00,1.517670,1.517670,1.517530,1.517540,0
2019-01-08 20:16:00,1.517550,1.517580,1.517460,1.517470,0
2019-01-08 20:17:00,1.517470,1.517720,1.517430,1.517700,0
2019-01-08 20:18:00,1.517700,1.517700,1.517530,1.517530,0
2019-01-08 20:19:00,1.517540,1.517550,1.517330,1.517350,0
2019-01-08 20:20:00,1.517350,1.517350,1.517140,1.517200,0
2019-01-08 20:21:00,1.517240,1.517340,1.517230,1.517340,0
2019-01-08 20:22:00,1.517340,1.517410,1.517300,1.517310,0
2019-01-08 20:23:00,1.517310,1.517430,1.517310,1.517360,0
2019-01-08 20:24:00,1.517360,1.517460,1.517360,1.517410,0
2019-01-08 20:25:00,1.517420,1.517520,1.517380,1.517420,0
2019-01-08 20:26:00,1.517410,1.517410,1.517310,1.517330,0
2019-01-08 20:27:00,1.517330,1.517400,1.517230,1.517400,0
2019-01-08 20:28:00,1.517400,1.517470,1.517290,1.517320,0
2019-01-08 20:29:00,1.517320,1.517320,1.516920,1.516940,0
2019-01-08 20:30:00,1.516950,1.517150,1.516950,1.517140,0
2019-01-08 20:31:00,1.517130,1.517710,1.517130,1.517700,0
2019-01-08 20:32:00,1.517710,1.517810,1.517540,1.517720,0
2019-01-08 20:33:00,1.517730,1.517900,1.517690,1.517720,0
2019-01-08 20:34:00,1.517710,1.518000,1.517690,1.517760,0
2019-01-08 20:35:00,1.517750,1.518090,1.517730,1.518000,0
2019-01-08 20:36:00,1.517990,1.518040,1.517810,1.517860,0
2019-01-08 20:37:00,1.517850,1.517850,1.517630,1.517680,0
2019-01-08 20:38:00,1.517690,1.517800,1.517670,1.517720,0
2019-01-08 20:39:00,1.517720,1.517820,1.517610,1.517770,0
2019-01-08 20:40:00,1.517780,1.517950,1.517710,1.517920,0
2019-01-08 20:41:00,1.517930,1.517960,1.517850,1.517900,0
2019-01-08 20:42:00,1.517900,1.518040,1.517860,1.518040,0
2019-01-08 20:43:00,1.518040,1.518090,1.517840,1.518010,0
2019-01-08 20:44:00,1.518010,1.518070,1.517910,1.518040,0
2019-01-08 20:45:00,1.518020,1.518100,1.517970,1.518070,0
2019-01-08 20:46:00,1.518070,1.518110,1.517920,1.517960,0
2019-01-08 20:47:00,1.517970,1.518170,1.517960,1.518130,0
2019-01-08 20:48:00,1.518140,1.518140,1.518060,1.518080,0
2019-01-08 20:49:00,1.518060,1.518100,1.517940,1.517950,0
2019-01-08 20:50:00,1.517950,1.517970,1.517860,1.517910,0
2019-01-08 20:51:00,1.517910,1.517910,1.517700,1.517730,0
2019-01-08 20:52:00,1.517730,1.517790,1.517630,1.517650,0
2019-01-08 20:53:00,1.517690,1.517690,1.517460,1.517470,0
2019-01-08 20:54:00,1.517480,1.517550,1.517430,1.517530,0
2019-01-08 20:55:00,1.517540,1.517560,1.517360,1.517410,0
2019-01-08 20:56:00,1.517410,1.517410,1.517280,1.517280,0
2019-01-08 20:57:00,1.517280,1.517410,1.517270,1.517270,0
2019-01-08 20:58:00,1.517270,1.517270,1.517010,1.517010,0
2019-01-08 20:59:00,1.517010,1.517030,1.516590,1.516690,0
2019-01-08 21:00:00,1.516690,1.516830,1.516620,1.516750,0
2019-01-08 21:01:00,1.516750,1.516750,1.516560,1.516570,0
2019-01-08 21:02:00,1.516570,1.516630,1.516480,1.516560,0
2019-01-08 21:03:00,1.516570,1.516600,1.516430,1.516490,0
2019-01-08 21:04:00,1.516500,1.516590,1.516490,1.516540,0
2019-01-08 21:05:00,1.516520,1.516590,1.516460,1.516540,0
2019-01-08 21:06:00,1.516540,1.516550,1.516390,1.516480,0
2019-01-08 21:07:00,1.516480,1.516560,1.516480,1.516480,0
2019-01-08 21:08:00,1.516480,1.516500,1.516380,1.516390,0
2019-01-08 21:09:00,1.516390,1.516400,1.516270,1.516270,0
2019-01-08 21:10:00,1.516270,1.516390,1.516260,1.516340,0
2019-01-08 21:11:00,1.516320,1.516340,1.516250,1.516300,0
2019-01-08 21:12:00,1.516300,1.516300,1.516030,1.516040,0
2019-01-08 21:13:00,1.516040,1.516420,1.516040,1.516330,0
2019-01-08 21:14:00,1.516330,1.516440,1.516230,1.516280,0
2019-01-08 21:15:00,1.516290,1.516350,1.516230,1.516330,0
2019-01-08 21:16:00,1.516330,1.516410,1.516280,1.516320,0
2019-01-08 21:17:00,1.516320,1.516410,1.516260,1.516330,0
2019-01-08 21:18:00,1.516320,1.516330,1.516030,1.516060,0
2019-01-08 21:19:00,1.516070,1.516290,1.516050,1.516240,0
2019-01-08 21:20:00,1.516240,1.516310,1.516170,1.516180,0
2019-01-08 21:21:00,1.516190,1.516210,1.516120,1.516150,0
2019-01-08 21:22:00,1.516160,1.516170,1.516030,1.516030,0
2019-01-08 21:23:00,1.516030,1.516080,1.516000,1.516050,0
2019-01-08 21:24:00,1.516050,1.516050,1.515810,1.515890,0
2019-01-08 21:25:00,1.515870,1.515920,1.515790,1.515800,0
2019-01-08 21:26:00,1.515790,1.515860,1.515780,1.515800,0
2019-01-08 21:27:00,1.515820,1.515820,1.515540,1.515540,0
2019-01-08 21:28:00,1.515540,1.515600,1.515540,1.515560,0
2019-01-08 21:29:00,1.515560,1.515600,1.515320,1.515370,0
2019-01-08 21:30:00,1.515380,1.515460,1.515320,1.515340,0
2019-01-08 21:31:00,1.515330,1.515450,1.515320,1.515410,0
2019-01-08 21:32:00,1.515440,1.515490,1.515250,1.515260,0
2019-01-08 21:33:00,1.515280,1.515400,1.515270,1.515400,0
2019-01-08 21:34:00,1.515400,1.515420,1.515350,1.515360,0
2019-01-08 21:35:00,1.515350,1.515400,1.515290,1.515320,0
2019-01-08 21:36:00,1.515310,1.515560,1.515280,1.515470,0
2019-01-08 21:37:00,1.515470,1.515560,1.515460,1.515480,0
2019-01-08 21:38:00,1.515480,1.515490,1.515240,1.515300,0
2019-01-08 21:39:00,1.515300,1.515360,1.515150,1.515190,0
2019-01-08 21:40:00,1.515190,1.515450,1.515180,1.515400,0
2019-01-08 21:41:00,1.515390,1.515420,1.514950,1.515030,0
2019-01-08 21:42:00,1.515010,1.515290,1.514970,1.515240,0
2019-01-08 21:43:00,1.515240,1.515260,1.515150,1.515220,0
2019-01-08 21:44:00,1.515210,1.515250,1.515160,1.515220,0
2019-01-08 21:45:00,1.515230,1.515420,1.515170,1.515400,0
2019-01-08 21:46:00,1.515400,1.515510,1.515360,1.515480,0
2019-01-08 21:47:00,1.515480,1.515630,1.515480,1.515610,0
2019-01-08 21:48:00,1.515610,1.515690,1.515610,1.515640,0
2019-01-08 21:49:00,1.515640,1.515640,1.515510,1.515600,0
2019-01-08 21:50:00,1.515600,1.515640,1.515560,1.515630,0
2019-01-08 21:51:00,1.515630,1.515640,1.515450,1.515520,0
2019-01-08 21:52:00,1.515520,1.515740,1.515450,1.515740,0
2019-01-08 21:53:00,1.515750,1.515850,1.515710,1.515760,0
2019-01-08 21:54:00,1.515770,1.515780,1.515600,1.515640,0
2019-01-08 21:55:00,1.515650,1.515690,1.515600,1.515650,0
2019-01-08 21:56:00,1.515650,1.515730,1.515550,1.515640,0
2019-01-08 21:57:00,1.515650,1.515810,1.515640,1.515800,0
2019-01-08 21:58:00,1.515820,1.515830,1.515680,1.515800,0
2019-01-08 21:59:00,1.515800,1.515850,1.515710,1.515740,0
2019-01-08 22:00:00,1.515740,1.515760,1.515570,1.515580,0
2019-01-08 22:01:00,1.515580,1.515650,1.515520,1.515540,0
2019-01-08 22:02:00,1.515540,1.515740,1.515540,1.515690,0
2019-01-08 22:03:00,1.515680,1.515760,1.515660,1.515690,0
2019-01-08 22:04:00,1.515690,1.515740,1.515630,1.515630,0
2019-01-08 22:05:00,1.515630,1.515650,1.515620,1.515630,0
2019-01-08 22:06:00,1.515640,1.515670,1.515320,1.515370,0
2019-01-08 22:07:00,1.515370,1.515400,1.515300,1.515370,0
2019-01-08 22:08:00,1.515380,1.515440,1.515280,1.515430,0
2019-01-08 22:09:00,1.515400,1.515630,1.515390,1.515540,0
2019-01-08 22:10:00,1.515540,1.515610,1.515470,1.515610,0
2019-01-08 22:11:00,1.515610,1.515610,1.515520,1.515530,0
2019-01-08 22:12:00,1.515530,1.515610,1.515530,1.515590,0
2019-01-08 22:13:00,1.515610,1.515740,1.515580,1.515710,0
2019-01-08 22:14:00,1.515710,1.515740,1.515670,1.515730,0
2019-01-08 22:15:00,1.515720,1.515800,1.515670,1.515670,0
2019-01-08 22:16:00,1.515670,1.515770,1.515650,1.515710,0
2019-01-08 22:17:00,1.515710,1.515710,1.515480,1.515520,0
2019-01-08 22:18:00,1.515510,1.515680,1.515510,1.515670,0
2019-01-08 22:19:00,1.515730,1.515800,1.515680,1.515800,0
2019-01-08 22:20:00,1.515800,1.515850,1.515770,1.515810,0
2019-01-08 22:21:00,1.515810,1.515820,1.515710,1.515730,0
2019-01-08 22:22:00,1.515730,1.515850,1.515730,1.515810,0
2019-01-08 22:23:00,1.515810,1.515890,1.515780,1.515860,0
2019-01-08 22:24:00,1.515870,1.515870,1.515750,1.515770,0
2019-01-08 22:25:00,1.515760,1.515770,1.515620,1.515650,0
2019-01-08 22:26:00,1.515650,1.515680,1.515650,1.515650,0
2019-01-08 22:27:00,1.515640,1.515640,1.515520,1.515560,0
2019-01-08 22:28:00,1.515570,1.515570,1.515310,1.515320,0
2019-01-08 22:29:00,1.515350,1.515350,1.515180,1.515200,0
2019-01-08 22:30:00,1.515210,1.515270,1.515160,1.515240,0
2019-01-08 22:31:00,1.515220,1.515390,1.515180,1.515390,0
2019-01-08 22:32:00,1.515390,1.515390,1.515290,1.515350,0
2019-01-08 22:33:00,1.515350,1.515480,1.515320,1.515350,0
2019-01-08 22:34:00,1.515350,1.515580,1.515350,1.515560,0
2019-01-08 22:35:00,1.515550,1.515560,1.515410,1.515480,0
2019-01-08 22:36:00,1.515480,1.515540,1.515420,1.515450,0
2019-01-08 22:37:00,1.515450,1.515550,1.515370,1.515510,0
2019-01-08 22:38:00,1.515500,1.515840,1.515490,1.515840,0
2019-01-08 22:39:00,1.515840,1.515840,1.515780,1.515830,0
2019-01-08 22:40:00,1.515830,1.515940,1.515770,1.515940,0
2019-01-08 22:41:00,1.515940,1.515940,1.515830,1.515840,0
2019-01-08 22:42:00,1.515900,1.515900,1.515740,1.515740,0
2019-01-08 22:43:00,1.515740,1.515740,1.515630,1.515630,0
2019-01-08 22:44:00,1.515630,1.515660,1.515630,1.515630,0
2019-01-08 22:45:00,1.515630,1.515670,1.515630,1.515640,0
2019-01-08 22:46:00,1.515660,1.515740,1.515630,1.515630,0
2019-01-08 22:47:00,1.515630,1.515710,1.515620,1.515630,0
2019-01-08 22:48:00,1.515630,1.515630,1.515630,1.515630,0
2019-01-08 22:49:00,1.515630,1.515630,1.515630,1.515630,0
2019-01-08 22:50:00,1.515630,1.515630,1.515630,1.515630,0
2019-01-08 22:51:00,1.515630,1.515630,1.515630,1.515630,0
2019-01-08 22:52:00,1.515630,1.515630,1.515620,1.515630,0
2019-01-08 22:53:00,1.515630,1.515630,1.515600,1.515600,0
2019-01-08 22:54:00,1.515600,1.515630,1.515550,1.515630,0
2019-01-08 22:55:00,1.515630,1.515630,1.515550,1.515550,0
2019-01-08 22:56:00,1.515550,1.515630,1.515490,1.515520,0
2019-01-08 22:57:00,1.515500,1.515550,1.515430,1.515460,0
2019-01-08 22:58:00,1.515460,1.515540,1.515320,1.515320,0
2019-01-08 22:59:00,1.515320,1.515390,1.515160,1.515170,0
2019-01-08 23:00:00,1.515180,1.515330,1.515160,1.515200,0
2019-01-08 23:01:00,1.515180,1.515310,1.515180,1.515250,0
2019-01-08 23:02:00,1.515260,1.515330,1.515190,1.515310,0
2019-01-08 23:03:00,1.515300,1.515310,1.515270,1.515290,0
2019-01-08 23:04:00,1.515300,1.515380,1.515250,1.515290,0
2019-01-08 23:05:00,1.515290,1.515290,1.515190,1.515210,0
2019-01-08 23:06:00,1.515210,1.515230,1.515120,1.515130,0
2019-01-08 23:07:00,1.515120,1.515140,1.515120,1.515120,0
2019-01-08 23:08:00,1.515110,1.515170,1.515080,1.515100,0
2019-01-08 23:09:00,1.515090,1.515140,1.515090,1.515130,0
2019-01-08 23:10:00,1.515140,1.515190,1.515060,1.515060,0
2019-01-08 23:11:00,1.515060,1.515130,1.515060,1.515130,0
2019-01-08 23:12:00,1.515130,1.515300,1.515050,1.515300,0
2019-01-08 23:13:00,1.515290,1.515350,1.515290,1.515340,0
2019-01-08 23:14:00,1.515340,1.515350,1.515320,1.515350,0
2019-01-08 23:15:00,1.515350,1.515380,1.515330,1.515350,0
2019-01-08 23:16:00,1.515350,1.515460,1.515350,1.515400,0
2019-01-08 23:17:00,1.515400,1.515400,1.515390,1.515400,0
2019-01-08 23:18:00,1.515400,1.515460,1.515350,1.515390,0
2019-01-08 23:19:00,1.515380,1.515420,1.515380,1.515380,0
2019-01-08 23:20:00,1.515380,1.515410,1.515180,1.515190,0
2019-01-08 23:21:00,1.515210,1.515230,1.515180,1.515190,0
2019-01-08 23:22:00,1.515180,1.515200,1.515180,1.515200,0
2019-01-08 23:23:00,1.515190,1.515190,1.514980,1.515090,0
2019-01-08 23:24:00,1.515110,1.515180,1.515060,1.515160,0
2019-01-08 23:25:00,1.515180,1.515180,1.515090,1.515100,0
2019-01-08 23:26:00,1.515110,1.515160,1.515080,1.515140,0
2019-01-08 23:27:00,1.515170,1.515170,1.515060,1.515100,0
2019-01-08 23:28:00,1.515130,1.515160,1.515070,1.515160,0
2019-01-08 23:29:00,1.515160,1.515170,1.515080,1.515100,0
2019-01-08 23:30:00,1.515090,1.515140,1.515080,1.515100,0
2019-01-08 23:31:00,1.515100,1.515180,1.515100,1.515120,0
2019-01-08 23:32:00,1.515120,1.515170,1.515110,1.515120,0
2019-01-08 23:33:00,1.515110,1.515140,1.515050,1.515060,0
2019-01-08 23:34:00,1.515060,1.515260,1.515060,1.515260,0
2019-01-08 23:35:00,1.515250,1.515390,1.515220,1.515370,0
2019-01-08 23:36:00,1.515360,1.515440,1.515360,1.515420,0
2019-01-08 23:37:00,1.515420,1.515440,1.515380,1.515410,0
2019-01-08 23:38:00,1.515410,1.515450,1.515380,1.515380,0
2019-01-08 23:39:00,1.515360,1.515450,1.515350,1.515360,0
2019-01-08 23:40:00,1.515360,1.515410,1.515350,1.515350,0
2019-01-08 23:41:00,1.515350,1.515430,1.515330,1.515430,0
2019-01-08 23:42:00,1.515430,1.515440,1.515390,1.515440,0
2019-01-08 23:43:00,1.515450,1.515480,1.515430,1.515430,0
2019-01-08 23:44:00,1.515430,1.515450,1.515380,1.515410,0
2019-01-08 23:45:00,1.515420,1.515430,1.515380,1.515410,0
2019-01-08 23:46:00,1.515410,1.515500,1.515410,1.515500,0
2019-01-08 23:47:00,1.515500,1.515580,1.515450,1.515470,0
2019-01-08 23:48:00,1.515470,1.515580,1.515470,1.515550,0
2019-01-08 23:49:00,1.515550,1.515550,1.515470,1.515510,0
2019-01-08 23:50:00,1.515510,1.515530,1.515460,1.515480,0
2019-01-08 23:51:00,1.515480,1.515530,1.515450,1.515500,0
2019-01-08 23:52:00,1.515490,1.515600,1.515480,1.515600,0
2019-01-08 23:53:00,1.515590,1.515650,1.515580,1.515630,0
2019-01-08 23:54:00,1.515630,1.515650,1.515550,1.515550,0
2019-01-08 23:55:00,1.515570,1.515660,1.515520,1.515520,0
2019-01-08 23:56:00,1.515520,1.515520,1.515380,1.515400,0
2019-01-08 23:57:00,1.515400,1.515530,1.515390,1.515530,0
2019-01-08 23:58:00,1.515540,1.515730,1.515470,1.515690,0
2019-01-08 23:59:00,1.515670,1.515930,1.515670,1.515920,0
2019-01-09 00:00:00,1.515930,1.516230,1.515890,1.516150,0
2019-01-09 00:01:00,1.516150,1.516240,1.516030,1.516030,0
2019-01-09 00:02:00,1.516050,1.516200,1.516040,1.516190,0
2019-01-09 00:03:00,1.516190,1.516190,1.516080,1.516080,0
2019-01-09 00:04:00,1.516060,1.516060,1.515820,1.515840,0
2019-01-09 00:05:00,1.515830,1.515920,1.515830,1.515850,0
2019-01-09 00:06:00,1.515850,1.515910,1.515830,1.515830,0
2019-01-09 00:07:00,1.515830,1.515890,1.515790,1.515830,0
2019-01-09 00:08:00,1.515810,1.515810,1.515730,1.515780,0
2019-01-09 00:09:00,1.515780,1.515830,1.515730,1.515810,0
2019-01-09 00:10:00,1.515810,1.515860,1.515790,1.515840,0
2019-01-09 00:11:00,1.515840,1.515850,1.515740,1.515760,0
2019-01-09 00:12:00,1.515730,1.515780,1.515700,1.515750,0
2019-01-09 00:13:00,1.515760,1.515810,1.515740,1.515760,0
2019-01-09 00:14:00,1.515780,1.515780,1.515640,1.515640,0
2019-01-09 00:15:00,1.515640,1.515720,1.515640,1.515650,0
2019-01-09 00:16:00,1.515650,1.515690,1.515600,1.515670,0
2019-01-09 00:17:00,1.515670,1.515700,1.515650,1.515660,0
2019-01-09 00:18:00,1.515670,1.515710,1.515660,1.515660,0
2019-01-09 00:19:00,1.515660,1.515710,1.515580,1.515660,0
2019-01-09 00:20:00,1.515650,1.515690,1.515580,1.515580,0
2019-01-09 00:21:00,1.515590,1.515590,1.515490,1.515530,0
2019-01-09 00:22:00,1.515530,1.515550,1.515460,1.515510,0
2019-01-09 00:23:00,1.515510,1.515540,1.515470,1.515510,0
2019-01-09 00:24:00,1.515500,1.515530,1.515400,1.515490,0
2019-01-09 00:25:00,1.515460,1.515550,1.515400,1.515510,0
2019-01-09 00:26:00,1.515480,1.515530,1.515420,1.515530,0
2019-01-09 00:27:00,1.515530,1.515530,1.515460,1.515490,0
2019-01-09 00:28:00,1.515490,1.515630,1.515440,1.515560,0
2019-01-09 00:29:00,1.515560,1.515560,1.515520,1.515560,0
2019-01-09 00:30:00,1.515560,1.515720,1.515530,1.515680,0
2019-01-09 00:31:00,1.515690,1.515690,1.515570,1.515630,0
2019-01-09 00:32:00,1.515630,1.515740,1.515590,1.515640,0
2019-01-09 00:33:00,1.515630,1.515690,1.515540,1.515670,0
2019-01-09 00:34:00,1.515660,1.515660,1.515510,1.515560,0
2019-01-09 00:35:00,1.515560,1.515600,1.515560,1.515580,0
2019-01-09 00:36:00,1.515580,1.515640,1.515560,1.515560,0
2019-01-09 00:37:00,1.515570,1.515660,1.515570,1.515660,0
2019-01-09 00:38:00,1.515670,1.515670,1.515590,1.515590,0
2019-01-09 00:39:00,1.515590,1.515720,1.515590,1.515720,0
2019-01-09 00:40:00,1.515720,1.515780,1.515690,1.515740,0
2019-01-09 00:41:00,1.515760,1.515840,1.515690,1.515800,0
2019-01-09 00:42:00,1.515800,1.515800,1.515790,1.515790,0
2019-01-09 00:43:00,1.515790,1.515860,1.515790,1.515800,0
2019-01-09 00:44:00,1.515800,1.515850,1.515740,1.515850,0
2019-01-09 00:45:00,1.515870,1.515880,1.515810,1.515830,0
2019-01-09 00:46:00,1.515820,1.515900,1.515810,1.515900,0
2019-01-09 00:47:00,1.515930,1.515950,1.515820,1.515830,0
2019-01-09 00:48:00,1.515840,1.516240,1.515780,1.516230,0
2019-01-09 00:49:00,1.516220,1.516290,1.516170,1.516280,0
2019-01-09 00:50:00,1.516300,1.516440,1.516270,1.516310,0
2019-01-09 00:51:00,1.516310,1.516310,1.516130,1.516230,0
2019-01-09 00:52:00,1.516230,1.516230,1.516080,1.516160,0
2019-01-09 00:53:00,1.516160,1.516190,1.516030,1.516100,0
2019-01-09 00:54:00,1.516080,1.516080,1.515920,1.515980,0
2019-01-09 00:55:00,1.515980,1.516140,1.515930,1.516060,0
2019-01-09 00:56:00,1.516060,1.516200,1.516060,1.516090,0
2019-01-09 00:57:00,1.516090,1.516150,1.516000,1.516010,0
2019-01-09 00:58:00,1.516010,1.516150,1.516010,1.516140,0
2019-01-09 00:59:00,1.516130,1.516240,1.516130,1.516200,0
2019-01-09 01:00:00,1.516200,1.516240,1.516040,1.516080,0
2019-01-09 01:01:00,1.516080,1.516200,1.516040,1.516050,0
2019-01-09 01:02:00,1.516060,1.516090,1.515860,1.515990,0
2019-01-09 01:03:00,1.515970,1.516040,1.515960,1.516000,0
2019-01-09 01:04:00,1.516010,1.516060,1.515930,1.516050,0
2019-01-09 01:05:00,1.516040,1.516050,1.515940,1.515940,0
2019-01-09 01:06:00,1.515960,1.515960,1.515890,1.515950,0
2019-01-09 01:07:00,1.515950,1.515960,1.515790,1.515840,0
2019-01-09 01:08:00,1.515830,1.516160,1.515810,1.515990,0
2019-01-09 01:09:00,1.515990,1.516030,1.515980,1.516030,0
2019-01-09 01:10:00,1.516030,1.516100,1.515960,1.516080,0
2019-01-09 01:11:00,1.516100,1.516180,1.516090,1.516130,0
2019-01-09 01:12:00,1.516120,1.516140,1.515990,1.516000,0
2019-01-09 01:13:00,1.516000,1.516010,1.515860,1.515860,0
2019-01-09 01:14:00,1.515880,1.515930,1.515850,1.515880,0
2019-01-09 01:15:00,1.515870,1.516030,1.515820,1.515950,0
2019-01-09 01:16:00,1.515950,1.516010,1.515880,1.516010,0
2019-01-09 01:17:00,1.516020,1.516060,1.516020,1.516030,0
2019-01-09 01:18:00,1.516000,1.516000,1.515970,1.515980,0
2019-01-09 01:19:00,1.515970,1.515980,1.515910,1.515930,0
2019-01-09 01:20:00,1.515930,1.515960,1.515840,1.515870,0
2019-01-09 01:21:00,1.515870,1.515940,1.515760,1.515940,0
2019-01-09 01:22:00,1.515940,1.515940,1.515760,1.515890,0
2019-01-09 01:23:00,1.515890,1.515890,1.515790,1.515850,0
2019-01-09 01:24:00,1.515850,1.515860,1.515690,1.515700,0
2019-01-09 01:25:00,1.515730,1.515860,1.515730,1.515790,0
2019-01-09 01:26:00,1.515790,1.516030,1.515790,1.516020,0
2019-01-09 01:27:00,1.516020,1.516310,1.515960,1.516260,0
2019-01-09 01:28:00,1.516270,1.516500,1.516210,1.516440,0
2019-01-09 01:29:00,1.516430,1.516440,1.516340,1.516390,0
2019-01-09 01:30:00,1.516390,1.516460,1.516330,1.516340,0
2019-01-09 01:31:00,1.516320,1.516370,1.516040,1.516060,0
2019-01-09 01:32:00,1.516070,1.516070,1.516000,1.516040,0
2019-01-09 01:33:00,1.516040,1.516040,1.515920,1.515960,0
2019-01-09 01:34:00,1.515960,1.516120,1.515960,1.516090,0
2019-01-09 01:35:00,1.516090,1.516090,1.515890,1.515900,0
2019-01-09 01:36:00,1.515920,1.515930,1.515710,1.515720,0
2019-01-09 01:37:00,1.515720,1.515850,1.515720,1.515770,0
2019-01-09 01:38:00,1.515760,1.515790,1.515730,1.515730,0
2019-01-09 01:39:00,1.515730,1.515770,1.515670,1.515670,0
2019-01-09 01:40:00,1.515670,1.515670,1.515530,1.515540,0
2019-01-09 01:41:00,1.515520,1.515780,1.515520,1.515780,0
2019-01-09 01:42:00,1.515790,1.515950,1.515790,1.515940,0
2019-01-09 01:43:00,1.515960,1.516050,1.515940,1.515950,0
2019-01-09 01:44:00,1.515980,1.516010,1.515940,1.516010,0
2019-01-09 01:45:00,1.516010,1.516060,1.515930,1.516050,0
2019-01-09 01:46:00,1.516070,1.516130,1.516000,1.516130,0
2019-01-09 01:47:00,1.516120,1.516180,1.516060,1.516130,0
2019-01-09 01:48:00,1.516120,1.516120,1.515980,1.516030,0
2019-01-09 01:49:00,1.516050,1.516050,1.515890,1.515950,0
2019-01-09 01:50:00,1.515930,1.516070,1.515900,1.516040,0
2019-01-09 01:51:00,1.516040,1.516050,1.515940,1.515970,0
2019-01-09 01:52:00,1.515970,1.516020,1.515910,1.515910,0
2019-01-09 01:53:00,1.515890,1.515950,1.515880,1.515900,0
2019-01-09 01:54:00,1.515900,1.516060,1.515890,1.516020,0
2019-01-09 01:55:00,1.515990,1.516090,1.515950,1.516000,0
2019-01-09 01:56:00,1.516010,1.516180,1.515950,1.516080,0
2019-01-09 01:57:00,1.516080,1.516140,1.516050,1.516130,0
2019-01-09 01:58:00,1.516140,1.516180,1.516050,1.516080,0
2019-01-09 01:59:00,1.516080,1.516170,1.516020,1.516160,0
2019-01-09 02:00:00,1.516150,1.516500,1.516050,1.516170,0
2019-01-09 02:01:00,1.516190,1.516270,1.516040,1.516200,0
2019-01-09 02:02:00,1.516200,1.516300,1.515870,1.516080,0
2019-01-09 02:03:00,1.516080,1.516180,1.516080,1.516170,0
2019-01-09 02:04:00,1.516170,1.516480,1.516170,1.516430,0
2019-01-09 02:05:00,1.516470,1.516770,1.516440,1.516740,0
2019-01-09 02:06:00,1.516760,1.517010,1.516710,1.516900,0
2019-01-09 02:07:00,1.516910,1.516910,1.516650,1.516680,0
2019-01-09 02:08:00,1.516690,1.516720,1.516470,1.516500,0
2019-01-09 02:09:00,1.516490,1.516730,1.516370,1.516630,0
2019-01-09 02:10:00,1.516630,1.516630,1.516340,1.516340,0
2019-01-09 02:11:00,1.516340,1.516340,1.516100,1.516100,0
2019-01-09 02:12:00,1.516100,1.516480,1.515880,1.516330,0
2019-01-09 02:13:00,1.516310,1.516380,1.515860,1.516200,0
2019-01-09 02:14:00,1.516200,1.516720,1.516180,1.516670,0
2019-01-09 02:15:00,1.516670,1.516840,1.516670,1.516760,0
2019-01-09 02:16:00,1.516760,1.516890,1.516400,1.516420,0
2019-01-09 02:17:00,1.516400,1.516680,1.516400,1.516570,0
2019-01-09 02:18:00,1.516530,1.516620,1.516470,1.516490,0
2019-01-09 02:19:00,1.516520,1.516840,1.516520,1.516800,0
2019-01-09 02:20:00,1.516800,1.516850,1.516690,1.516700,0
2019-01-09 02:21:00,1.516690,1.516760,1.516650,1.516650,0
2019-01-09 02:22:00,1.516650,1.516810,1.516530,1.516780,0
2019-01-09 02:23:00,1.516800,1.516810,1.516550,1.516700,0
2019-01-09 02:24:00,1.516700,1.516890,1.516650,1.516660,0
2019-01-09 02:25:00,1.516700,1.517010,1.516690,1.516970,0
2019-01-09 02:26:00,1.516990,1.517150,1.516860,1.516940,0
2019-01-09 02:27:00,1.516930,1.517030,1.516850,1.517010,0
2019-01-09 02:28:00,1.517020,1.517150,1.516940,1.517050,0
2019-01-09 02:29:00,1.517030,1.517150,1.516880,1.516880,0
2019-01-09 02:30:00,1.516920,1.516970,1.516810,1.516880,0
2019-01-09 02:31:00,1.516880,1.516910,1.516730,1.516790,0
2019-01-09 02:32:00,1.516790,1.516790,1.516650,1.516670,0
2019-01-09 02:33:00,1.516650,1.516660,1.516380,1.516380,0
2019-01-09 02:34:00,1.516380,1.516620,1.516360,1.516440,0
2019-01-09 02:35:00,1.516450,1.516640,1.516400,1.516530,0
2019-01-09 02:36:00,1.516550,1.516970,1.516510,1.516950,0
2019-01-09 02:37:00,1.516940,1.516940,1.516540,1.516710,0
2019-01-09 02:38:00,1.516700,1.516770,1.516580,1.516720,0
2019-01-09 02:39:00,1.516710,1.516800,1.516620,1.516620,0
2019-01-09 02:40:00,1.516620,1.516620,1.516380,1.516420,0
2019-01-09 02:41:00,1.516420,1.516620,1.516330,1.516400,0
2019-01-09 02:42:00,1.516400,1.516520,1.516310,1.516470,0
2019-01-09 02:43:00,1.516470,1.516700,1.516440,1.516440,0
2019-01-09 02:44:00,1.516440,1.516560,1.516390,1.516390,0
2019-01-09 02:45:00,1.516390,1.516470,1.516350,1.516350,0
2019-01-09 02:46:00,1.516360,1.516730,1.516360,1.516690,0
2019-01-09 02:47:00,1.516710,1.516850,1.516610,1.516810,0
2019-01-09 02:48:00,1.516860,1.517780,1.516860,1.517570,0
2019-01-09 02:49:00,1.517570,1.517710,1.517290,1.517320,0
2019-01-09 02:50:00,1.517330,1.517530,1.517250,1.517470,0
2019-01-09 02:51:00,1.517480,1.517610,1.517360,1.517410,0
2019-01-09 02:52:00,1.517410,1.517660,1.517290,1.517650,0
2019-01-09 02:53:00,1.517660,1.517660,1.517280,1.517330,0
2019-01-09 02:54:00,1.517330,1.517370,1.517050,1.517090,0
2019-01-09 02:55:00,1.517100,1.517100,1.516940,1.517000,0
2019-01-09 02:56:00,1.517000,1.517050,1.516850,1.516930,0
2019-01-09 02:57:00,1.516950,1.517040,1.516890,1.516950,0
2019-01-09 02:58:00,1.516920,1.517020,1.516820,1.517010,0
2019-01-09 02:59:00,1.517020,1.517270,1.516760,1.517060,0
2019-01-09 03:00:00,1.517040,1.517590,1.516960,1.517340,0
2019-01-09 03:01:00,1.517340,1.517410,1.516930,1.516970,0
2019-01-09 03:02:00,1.516970,1.517270,1.516890,1.517160,0
2019-01-09 03:03:00,1.517170,1.517450,1.517130,1.517160,0
2019-01-09 03:04:00,1.517160,1.517540,1.517150,1.517490,0
2019-01-09 03:05:00,1.517490,1.517740,1.517280,1.517590,0
2019-01-09 03:06:00,1.517610,1.518010,1.517590,1.518010,0
2019-01-09 03:07:00,1.518000,1.518360,1.517950,1.518230,0
2019-01-09 03:08:00,1.518230,1.518230,1.517930,1.518230,0
2019-01-09 03:09:00,1.518230,1.518380,1.518020,1.518380,0
2019-01-09 03:10:00,1.518350,1.518420,1.518080,1.518240,0
2019-01-09 03:11:00,1.518220,1.518350,1.518030,1.518040,0
2019-01-09 03:12:00,1.518040,1.518300,1.517970,1.518000,0
2019-01-09 03:13:00,1.518000,1.518000,1.517460,1.517620,0
2019-01-09 03:14:00,1.517610,1.517950,1.517590,1.517750,0
2019-01-09 03:15:00,1.517730,1.517780,1.517540,1.517720,0
2019-01-09 03:16:00,1.517720,1.517890,1.517560,1.517650,0
2019-01-09 03:17:00,1.517650,1.518080,1.517520,1.517940,0
2019-01-09 03:18:00,1.517960,1.518290,1.517950,1.518240,0
2019-01-09 03:19:00,1.518240,1.518340,1.518180,1.518180,0
2019-01-09 03:20:00,1.518180,1.518330,1.518090,1.518160,0
2019-01-09 03:21:00,1.518200,1.518310,1.518110,1.518180,0
2019-01-09 03:22:00,1.518160,1.518280,1.518080,1.518110,0
2019-01-09 03:23:00,1.518110,1.518190,1.518060,1.518150,0
2019-01-09 03:24:00,1.518160,1.518440,1.518110,1.518440,0
2019-01-09 03:25:00,1.518420,1.518540,1.518370,1.518380,0
2019-01-09 03:26:00,1.518370,1.518430,1.518250,1.518370,0
2019-01-09 03:27:00,1.518380,1.518430,1.518020,1.518030,0
2019-01-09 03:28:00,1.518040,1.518150,1.517760,1.517830,0
2019-01-09 03:29:00,1.517840,1.517880,1.517590,1.517730,0
2019-01-09 03:30:00,1.517740,1.517940,1.517710,1.517740,0
2019-01-09 03:31:00,1.517770,1.517970,1.517600,1.517850,0
2019-01-09 03:32:00,1.517860,1.517990,1.517840,1.517900,0
2019-01-09 03:33:00,1.517890,1.517940,1.517730,1.517900,0
2019-01-09 03:34:00,1.517890,1.517910,1.517650,1.517700,0
2019-01-09 03:35:00,1.517700,1.518110,1.517700,1.518070,0
2019-01-09 03:36:00,1.518060,1.518070,1.517770,1.517830,0
2019-01-09 03:37:00,1.517830,1.518260,1.517830,1.518260,0
2019-01-09 03:38:00,1.518260,1.518440,1.518200,1.518220,0
2019-01-09 03:39:00,1.518230,1.518350,1.517960,1.518120,0
2019-01-09 03:40:00,1.518120,1.518260,1.517990,1.518080,0
2019-01-09 03:41:00,1.518080,1.518180,1.518040,1.518180,0
2019-01-09 03:42:00,1.518180,1.518300,1.518150,1.518280,0
2019-01-09 03:43:00,1.518270,1.518400,1.518240,1.518400,0
2019-01-09 03:44:00,1.518410,1.518420,1.518180,1.518180,0
2019-01-09 03:45:00,1.518190,1.518270,1.518080,1.518230,0
2019-01-09 03:46:00,1.518230,1.518510,1.518220,1.518510,0
2019-01-09 03:47:00,1.518520,1.518530,1.518360,1.518370,0
2019-01-09 03:48:00,1.518370,1.518670,1.518320,1.518580,0
2019-01-09 03:49:00,1.518580,1.518680,1.518400,1.518400,0
2019-01-09 03:50:00,1.518400,1.518680,1.518390,1.518660,0
2019-01-09 03:51:00,1.518660,1.518810,1.518390,1.518390,0
2019-01-09 03:52:00,1.518400,1.518550,1.518290,1.518370,0
2019-01-09 03:53:00,1.518370,1.518420,1.518180,1.518210,0
2019-01-09 03:54:00,1.518210,1.518210,1.517900,1.518020,0
2019-01-09 03:55:00,1.518060,1.518070,1.517810,1.517890,0
2019-01-09 03:56:00,1.517890,1.517960,1.517670,1.517780,0
2019-01-09 03:57:00,1.517780,1.517790,1.517600,1.517650,0
2019-01-09 03:58:00,1.517650,1.517700,1.517470,1.517470,0
2019-01-09 03:59:00,1.517470,1.517470,1.517290,1.517390,0
2019-01-09 04:00:00,1.517390,1.517580,1.517320,1.517490,0
2019-01-09 04:01:00,1.517490,1.517520,1.517380,1.517450,0
2019-01-09 04:02:00,1.517460,1.517880,1.517450,1.517880,0
2019-01-09 04:03:00,1.517880,1.517880,1.517560,1.517650,0
2019-01-09 04:04:00,1.517650,1.517650,1.517000,1.517140,0
2019-01-09 04:05:00,1.517130,1.517230,1.517070,1.517120,0
2019-01-09 04:06:00,1.517110,1.517330,1.517100,1.517320,0
2019-01-09 04:07:00,1.517310,1.517750,1.517300,1.517670,0
2019-01-09 04:08:00,1.517670,1.517820,1.517600,1.517760,0
2019-01-09 04:09:00,1.517760,1.517950,1.517710,1.517900,0
2019-01-09 04:10:00,1.517880,1.518030,1.517840,1.517990,0
2019-01-09 04:11:00,1.517980,1.518340,1.517820,1.518340,0
2019-01-09 04:12:00,1.518330,1.518480,1.517990,1.518370,0
2019-01-09 04:13:00,1.518360,1.518560,1.518290,1.518460,0
2019-01-09 04:14:00,1.518460,1.518520,1.518250,1.518270,0
2019-01-09 04:15:00,1.518270,1.518370,1.518230,1.518290,0
2019-01-09 04:16:00,1.518290,1.518380,1.518160,1.518200,0
2019-01-09 04:17:00,1.518210,1.518470,1.518150,1.518230,0
2019-01-09 04:18:00,1.518210,1.518210,1.518050,1.518150,0
2019-01-09 04:19:00,1.518150,1.518240,1.517960,1.518030,0
2019-01-09 04:20:00,1.518050,1.518170,1.517960,1.518100,0
2019-01-09 04:21:00,1.518100,1.518110,1.517860,1.518100,0
2019-01-09 04:22:00,1.518090,1.518160,1.518040,1.518100,0
2019-01-09 04:23:00,1.518110,1.518340,1.518110,1.518260,0
2019-01-09 04:24:00,1.518250,1.518530,1.518250,1.518500,0
2019-01-09 04:25:00,1.518510,1.518650,1.518440,1.518610,0
2019-01-09 04:26:00,1.518610,1.518660,1.518510,1.518540,0
2019-01-09 04:27:00,1.518550,1.518750,1.518480,1.518520,0
2019-01-09 04:28:00,1.518530,1.518640,1.518470,1.518600,0
2019-01-09 04:29:00,1.518620,1.518720,1.518360,1.518360,0
2019-01-09 04:30:00,1.518370,1.518410,1.518330,1.518380,0
2019-01-09 04:31:00,1.518380,1.518540,1.518330,1.518540,0
2019-01-09 04:32:00,1.518550,1.518710,1.518360,1.518680,0
2019-01-09 04:33:00,1.518670,1.518690,1.518250,1.518300,0
2019-01-09 04:34:00,1.518300,1.518500,1.518300,1.518440,0
2019-01-09 04:35:00,1.518450,1.518510,1.518350,1.518430,0
2019-01-09 04:36:00,1.518420,1.518490,1.518330,1.518330,0
2019-01-09 04:37:00,1.518330,1.518400,1.518050,1.518080,0
2019-01-09 04:38:00,1.518070,1.518080,1.517610,1.517690,0
2019-01-09 04:39:00,1.517700,1.517700,1.517470,1.517490,0
2019-01-09 04:40:00,1.517480,1.517560,1.517420,1.517510,0
2019-01-09 04:41:00,1.517520,1.517710,1.517500,1.517560,0
2019-01-09 04:42:00,1.517570,1.517710,1.517500,1.517670,0
2019-01-09 04:43:00,1.517680,1.517850,1.517600,1.517770,0
2019-01-09 04:44:00,1.517770,1.517890,1.517730,1.517820,0
2019-01-09 04:45:00,1.517820,1.517830,1.517430,1.517480,0
2019-01-09 04:46:00,1.517490,1.517490,1.517250,1.517310,0
2019-01-09 04:47:00,1.517310,1.517450,1.517240,1.517250,0
2019-01-09 04:48:00,1.517250,1.517270,1.517100,1.517100,0
2019-01-09 04:49:00,1.517070,1.517200,1.516950,1.517020,0
2019-01-09 04:50:00,1.516980,1.517160,1.516920,1.517110,0
2019-01-09 04:51:00,1.517110,1.517210,1.517040,1.517110,0
2019-01-09 04:52:00,1.517110,1.517170,1.516980,1.516980,0
2019-01-09 04:53:00,1.516970,1.517240,1.516960,1.517190,0
2019-01-09 04:54:00,1.517200,1.517200,1.516900,1.517160,0
2019-01-09 04:55:00,1.517150,1.517170,1.516940,1.517040,0
2019-01-09 04:56:00,1.517050,1.517160,1.516980,1.517000,0
2019-01-09 04:57:00,1.517010,1.517110,1.516900,1.517040,0
2019-01-09 04:58:00,1.517040,1.517160,1.516980,1.517150,0
2019-01-09 04:59:00,1.517150,1.517170,1.516970,1.517050,0
2019-01-09 05:00:00,1.517070,1.517180,1.516860,1.517030,0
2019-01-09 05:01:00,1.517030,1.517120,1.516720,1.516960,0
2019-01-09 05:02:00,1.516960,1.517170,1.516910,1.517030,0
2019-01-09 05:03:00,1.517040,1.517050,1.516810,1.516950,0
2019-01-09 05:04:00,1.516960,1.516960,1.516650,1.516830,0
2019-01-09 05:05:00,1.516820,1.516890,1.516590,1.516670,0
2019-01-09 05:06:00,1.516670,1.516670,1.516420,1.516570,0
2019-01-09 05:07:00,1.516570,1.516580,1.516290,1.516330,0
2019-01-09 05:08:00,1.516340,1.516740,1.516340,1.516720,0
2019-01-09 05:09:00,1.516710,1.516860,1.516640,1.516650,0
2019-01-09 05:10:00,1.516650,1.516650,1.516490,1.516550,0
2019-01-09 05:11:00,1.516530,1.516530,1.516320,1.516400,0
2019-01-09 05:12:00,1.516400,1.516400,1.515880,1.515970,0
2019-01-09 05:13:00,1.515950,1.516070,1.515910,1.515910,0
2019-01-09 05:14:00,1.515900,1.516090,1.515720,1.516030,0
2019-01-09 05:15:00,1.516020,1.516220,1.516000,1.516110,0
2019-01-09 05:16:00,1.516110,1.516270,1.516090,1.516190,0
2019-01-09 05:17:00,1.516190,1.516190,1.516040,1.516110,0
2019-01-09 05:18:00,1.516090,1.516220,1.516060,1.516140,0
2019-01-09 05:19:00,1.516130,1.516320,1.516100,1.516270,0
2019-01-09 05:20:00,1.516280,1.516600,1.516240,1.516390,0
2019-01-09 05:21:00,1.516380,1.516760,1.516260,1.516750,0
2019-01-09 05:22:00,1.516820,1.516870,1.516510,1.516520,0
2019-01-09 05:23:00,1.516510,1.516580,1.516310,1.516490,0
2019-01-09 05:24:00,1.516440,1.516670,1.516390,1.516480,0
2019-01-09 05:25:00,1.516490,1.516670,1.516460,1.516480,0
2019-01-09 05:26:00,1.516470,1.516480,1.516360,1.516370,0
2019-01-09 05:27:00,1.516370,1.516440,1.516320,1.516440,0
2019-01-09 05:28:00,1.516440,1.516580,1.516360,1.516580,0
2019-01-09 05:29:00,1.516570,1.516680,1.516430,1.516560,0
2019-01-09 05:30:00,1.516550,1.516710,1.516460,1.516700,0
2019-01-09 05:31:00,1.516700,1.516740,1.516390,1.516420,0
2019-01-09 05:32:00,1.516420,1.516450,1.516200,1.516400,0
2019-01-09 05:33:00,1.516400,1.516800,1.516270,1.516290,0
2019-01-09 05:34:00,1.516290,1.516350,1.515820,1.515860,0
2019-01-09 05:35:00,1.515870,1.515990,1.515580,1.515650,0
2019-01-09 05:36:00,1.515640,1.515640,1.515120,1.515250,0
2019-01-09 05:37:00,1.515240,1.515520,1.515170,1.515440,0
2019-01-09 05:38:00,1.515470,1.515860,1.515440,1.515800,0
2019-01-09 05:39:00,1.515780,1.516090,1.515780,1.516070,0
2019-01-09 05:40:00,1.516070,1.516070,1.515930,1.515970,0
2019-01-09 05:41:00,1.515970,1.516570,1.515960,1.516490,0
2019-01-09 05:42:00,1.516480,1.516520,1.516240,1.516330,0
2019-01-09 05:43:00,1.516320,1.516530,1.516010,1.516010,0
2019-01-09 05:44:00,1.516020,1.516080,1.515850,1.516080,0
2019-01-09 05:45:00,1.516040,1.516130,1.515870,1.515940,0
2019-01-09 05:46:00,1.515940,1.516050,1.515850,1.515920,0
2019-01-09 05:47:00,1.515930,1.515980,1.515810,1.515900,0
2019-01-09 05:48:00,1.515890,1.515910,1.515740,1.515800,0
2019-01-09 05:49:00,1.515780,1.516000,1.515730,1.515970,0
2019-01-09 05:50:00,1.516000,1.516120,1.515840,1.516070,0
2019-01-09 05:51:00,1.516060,1.516130,1.515950,1.516030,0
2019-01-09 05:52:00,1.516010,1.516030,1.515610,1.515740,0
2019-01-09 05:53:00,1.515750,1.516090,1.515670,1.516080,0
2019-01-09 05:54:00,1.516070,1.516160,1.516030,1.516130,0
2019-01-09 05:55:00,1.516140,1.516160,1.516080,1.516150,0
2019-01-09 05:56:00,1.516160,1.516190,1.516140,1.516180,0
2019-01-09 05:57:00,1.516180,1.516190,1.516020,1.516180,0
2019-01-09 05:58:00,1.516160,1.516320,1.516110,1.516300,0
2019-01-09 05:59:00,1.516310,1.516420,1.516200,1.516400,0
2019-01-09 06:00:00,1.516400,1.516450,1.516300,1.516360,0
2019-01-09 06:01:00,1.516340,1.516390,1.516210,1.516310,0
2019-01-09 06:02:00,1.516320,1.516400,1.516060,1.516120,0
2019-01-09 06:03:00,1.516130,1.516220,1.515980,1.516020,0
2019-01-09 06:04:00,1.516020,1.516020,1.515720,1.515810,0
2019-01-09 06:05:00,1.515820,1.515820,1.515730,1.515740,0
2019-01-09 06:06:00,1.515760,1.515860,1.515600,1.515600,0
2019-01-09 06:07:00,1.515590,1.515720,1.515530,1.515680,0
2019-01-09 06:08:00,1.515680,1.516200,1.515670,1.516130,0
2019-01-09 06:09:00,1.516130,1.516130,1.515910,1.516100,0
2019-01-09 06:10:00,1.516090,1.516090,1.515890,1.515980,0
2019-01-09 06:11:00,1.515970,1.516050,1.515920,1.516030,0
2019-01-09 06:12:00,1.516030,1.516240,1.515930,1.516220,0
2019-01-09 06:13:00,1.516230,1.516310,1.515890,1.515930,0
2019-01-09 06:14:00,1.515930,1.516120,1.515790,1.515900,0
2019-01-09 06:15:00,1.515910,1.515940,1.515810,1.515830,0
2019-01-09 06:16:00,1.515810,1.515950,1.515770,1.515880,0
2019-01-09 06:17:00,1.515900,1.516080,1.515810,1.515980,0
2019-01-09 06:18:00,1.515980,1.516130,1.515920,1.516010,0
2019-01-09 06:19:00,1.516020,1.516060,1.515870,1.515920,0
2019-01-09 06:20:00,1.515930,1.516090,1.515760,1.515890,0
2019-01-09 06:21:00,1.515870,1.515910,1.515650,1.515670,0
2019-01-09 06:22:00,1.515740,1.515800,1.515560,1.515690,0
2019-01-09 06:23:00,1.515690,1.515740,1.515650,1.515700,0
2019-01-09 06:24:00,1.515710,1.515790,1.515590,1.515780,0
2019-01-09 06:25:00,1.515790,1.515870,1.515670,1.515830,0
2019-01-09 06:26:00,1.515840,1.515890,1.515780,1.515830,0
2019-01-09 06:27:00,1.515850,1.515940,1.515750,1.515890,0
2019-01-09 06:28:00,1.515890,1.515990,1.515780,1.515820,0
2019-01-09 06:29:00,1.515810,1.515890,1.515760,1.515890,0
